interface_id,transporter_gene,preferred_name,target_label,published_label_for_trace,target_role,evidence_tier,source_database,source_origin,sample_weight,standardization_key,standardized_inchikey,standardized_isomeric_smiles,standardized_connectivity_smiles,murcko_scaffold_smiles,std_molecular_weight,std_xlogp,std_tpsa,std_hbond_donor_count,std_hbond_acceptor_count,std_rotatable_bond_count,std_formal_charge,std_heavy_atom_count,source_record_id,source_url,claim_boundary,preferred_name_normalized,input_standardized_inchikey,derived_standardized_inchikey,derived_isomeric_smiles,derived_connectivity_smiles,standardizer_reproduced_inchikey,inchikey_reproduction_status,exact_scaffold_group,generic_scaffold_group
CAND::T10_AUD_00001,ABCB1,NORETHINDRONE,0,0,candidate_supervised,B_author_curated_no_row_primary_assay,ChEMBL,Daood author-curated ChEMBL records,1.0,QGQUHXSBTSDAML-ULCNYCTPSA-N,QGQUHXSBTSDAML-ULCNYCTPSA-N,C#C[C@]1(O)CC[C@H]2[C@@H]3CC=C4CC(=O)CCC4[C@H]3CC[C@@]21C,,O=C1CCC2C(=CCC3C4CCCC4CCC23)C1,298.426,3.4925,37.3,,,,,,T10_AUD_00001,https://pmc.ncbi.nlm.nih.gov/articles/PMC12587445/,author-curated candidate; not Tier A direct assay truth,NORETHINDRONE,QGQUHXSBTSDAML-ULCNYCTPSA-N,QGQUHXSBTSDAML-ULCNYCTPSA-N,C#C[C@]1(O)CC[C@H]2[C@@H]3CC=C4CC(=O)CCC4[C@H]3CC[C@@]21C,C#CC1(O)CCC2C3CC=C4CC(=O)CCC4C3CCC21C,QGQUHXSBTSDAML-ULCNYCTPSA-N,match,O=C1CCC2C(=CCC3C4CCCC4CCC23)C1,CC1CCC2C(CCC3C4CCCC4CCC23)C1
CAND::T10_AUD_00002,ABCB1,ETHINYL ESTRADIOL,1,1,candidate_supervised,B_author_curated_no_row_primary_assay,ChEMBL,Daood author-curated ChEMBL records,1.0,BFPYWIDHMRZLRN-SLHNCBLASA-N,BFPYWIDHMRZLRN-SLHNCBLASA-N,C#C[C@]1(O)CC[C@H]2[C@@H]3CCc4cc(O)ccc4[C@H]3CC[C@@]21C,,c1ccc2c(c1)CCC1C2CCC2CCCC21,296.41,3.6126,40.46,,,,,,T10_AUD_00002,https://pmc.ncbi.nlm.nih.gov/articles/PMC12587445/,author-curated candidate; not Tier A direct assay truth,ETHINYL ESTRADIOL,BFPYWIDHMRZLRN-SLHNCBLASA-N,BFPYWIDHMRZLRN-SLHNCBLASA-N,C#C[C@]1(O)CC[C@H]2[C@@H]3CCc4cc(O)ccc4[C@H]3CC[C@@]21C,C#CC1(O)CCC2C3CCc4cc(O)ccc4C3CCC21C,BFPYWIDHMRZLRN-SLHNCBLASA-N,match,c1ccc2c(c1)CCC1C2CCC2CCCC21,C1CCC2C(C1)CCC1C3CCCC3CCC21
CAND::T10_AUD_00003,ABCB1,SELEGILINE,0,0,candidate_supervised,B_author_curated_no_row_primary_assay,ChEMBL,Daood author-curated ChEMBL records,1.0,MEZLKOACVSPNER-GFCCVEGCSA-N,MEZLKOACVSPNER-GFCCVEGCSA-N,C#CCN(C)[C@H](C)Cc1ccccc1,,c1ccccc1,187.286,2.1826,3.24,,,,,,T10_AUD_00003,https://pmc.ncbi.nlm.nih.gov/articles/PMC12587445/,author-curated candidate; not Tier A direct assay truth,SELEGILINE,MEZLKOACVSPNER-GFCCVEGCSA-N,MEZLKOACVSPNER-GFCCVEGCSA-N,C#CCN(C)[C@H](C)Cc1ccccc1,C#CCN(C)C(C)Cc1ccccc1,MEZLKOACVSPNER-GFCCVEGCSA-N,match,c1ccccc1,C1CCCCC1
CAND::T10_AUD_00005,ABCB1,ERLOTINIB,1,1,candidate_supervised,B_author_curated_no_row_primary_assay,ChEMBL,Daood author-curated ChEMBL records,1.0,AAKJLRGGTJKAMG-UHFFFAOYSA-N,AAKJLRGGTJKAMG-UHFFFAOYSA-N,C#Cc1cccc(Nc2ncnc3cc(OCCOC)c(OCCOC)cc23)c1,,c1ccc(Nc2ncnc3ccccc23)cc1,393.443,3.4051,74.73,,,,,,T10_AUD_00005,https://pmc.ncbi.nlm.nih.gov/articles/PMC12587445/,author-curated candidate; not Tier A direct assay truth,ERLOTINIB,AAKJLRGGTJKAMG-UHFFFAOYSA-N,AAKJLRGGTJKAMG-UHFFFAOYSA-N,C#Cc1cccc(Nc2ncnc3cc(OCCOC)c(OCCOC)cc23)c1,C#Cc1cccc(Nc2ncnc3cc(OCCOC)c(OCCOC)cc23)c1,AAKJLRGGTJKAMG-UHFFFAOYSA-N,match,c1ccc(Nc2ncnc3ccccc23)cc1,C1CCC(CC2CCCC3CCCCC32)CC1
CAND::T10_AUD_00006,ABCB1,BISANTRENE,1,1,candidate_supervised,B_author_curated_no_row_primary_assay,ChEMBL,Daood author-curated ChEMBL records,1.0,NJSMWLQOCQIOPE-UHFFFAOYSA-N,NJSMWLQOCQIOPE-UHFFFAOYSA-N,C(=NNC1=NCCN1)c1c2ccccc2c(C=NNC2=NCCN2)c2ccccc12,,C(=NNC1=NCCN1)c1c2ccccc2c(C=NNC2=NCCN2)c2ccccc12,398.474,1.7584,97.56,,,,,,T10_AUD_00006,https://pmc.ncbi.nlm.nih.gov/articles/PMC12587445/,author-curated candidate; not Tier A direct assay truth,BISANTRENE,NJSMWLQOCQIOPE-UHFFFAOYSA-N,NJSMWLQOCQIOPE-UHFFFAOYSA-N,C(=NNC1=NCCN1)c1c2ccccc2c(C=NNC2=NCCN2)c2ccccc12,C(=NNC1=NCCN1)c1c2ccccc2c(C=NNC2=NCCN2)c2ccccc12,NJSMWLQOCQIOPE-UHFFFAOYSA-N,match,C(=NNC1=NCCN1)c1c2ccccc2c(C=NNC2=NCCN2)c2ccccc12,C1CCC(CCCC2C3CCCCC3C(CCCC3CCCC3)C3CCCCC32)C1
CAND::T10_AUD_00009,ABCB1,,1,1,candidate_supervised,B_author_curated_no_row_primary_assay,ChEMBL,Daood author-curated ChEMBL records,1.0,QQOKHWYWSYNBSI-IBGZPJMESA-N,QQOKHWYWSYNBSI-IBGZPJMESA-N,C=C1C[C@@](C)(c2cc(NC(=O)c3ccc(C#N)cn3)ccc2F)N=C(N)S1,,C=C1CC(c2cccc(NC(=O)c3ccccn3)c2)N=CS1,381.436,3.5252,104.16,,,,,,T10_AUD_00009,https://pmc.ncbi.nlm.nih.gov/articles/PMC12587445/,author-curated candidate; not Tier A direct assay truth,,QQOKHWYWSYNBSI-IBGZPJMESA-N,QQOKHWYWSYNBSI-IBGZPJMESA-N,C=C1C[C@@](C)(c2cc(NC(=O)c3ccc(C#N)cn3)ccc2F)N=C(N)S1,C=C1CC(C)(c2cc(NC(=O)c3ccc(C#N)cn3)ccc2F)N=C(N)S1,QQOKHWYWSYNBSI-IBGZPJMESA-N,match,C=C1CC(c2cccc(NC(=O)c3ccccn3)c2)N=CS1,CC1CCCC(C2CCCC(CC(C)C3CCCCC3)C2)C1
CAND::T10_AUD_00013,ABCB1,QUINIDINE,1,1,candidate_supervised,B_author_curated_no_row_primary_assay,ChEMBL,Daood author-curated ChEMBL records,1.0,LOUPRKONTZGTKE-LHHVKLHASA-N,LOUPRKONTZGTKE-LHHVKLHASA-N,C=C[C@H]1CN2CC[C@H]1C[C@@H]2[C@@H](O)c1ccnc2ccc(OC)cc12,,c1ccc2c(CC3CC4CCN3CC4)ccnc2c1,324.424,3.1732,45.59,,,,,,T10_AUD_00013,https://pmc.ncbi.nlm.nih.gov/articles/PMC12587445/,author-curated candidate; not Tier A direct assay truth,QUINIDINE,LOUPRKONTZGTKE-LHHVKLHASA-N,LOUPRKONTZGTKE-LHHVKLHASA-N,C=C[C@H]1CN2CC[C@H]1C[C@@H]2[C@@H](O)c1ccnc2ccc(OC)cc12,C=CC1CN2CCC1CC2C(O)c1ccnc2ccc(OC)cc12,LOUPRKONTZGTKE-LHHVKLHASA-N,match,c1ccc2c(CC3CC4CCN3CC4)ccnc2c1,C1CCC2C(C1)CCCC2CC1CC2CCC1CC2
CAND::T10_AUD_00014,ABCB1,,1,1,candidate_supervised,B_author_curated_no_row_primary_assay,ChEMBL,Daood author-curated ChEMBL records,1.0,AYDSLXXUAYWCBG-UHFFFAOYSA-N,AYDSLXXUAYWCBG-UHFFFAOYSA-N,C=CCC(N)c1ccccc1-c1noc2ccccc12,,c1ccc(-c2noc3ccccc23)cc1,264.328,4.0707,52.05,,,,,,T10_AUD_00014,https://pmc.ncbi.nlm.nih.gov/articles/PMC12587445/,author-curated candidate; not Tier A direct assay truth,,AYDSLXXUAYWCBG-UHFFFAOYSA-N,AYDSLXXUAYWCBG-UHFFFAOYSA-N,C=CCC(N)c1ccccc1-c1noc2ccccc12,C=CCC(N)c1ccccc1-c1noc2ccccc12,AYDSLXXUAYWCBG-UHFFFAOYSA-N,match,c1ccc(-c2noc3ccccc23)cc1,C1CCC(C2CCC3CCCCC32)CC1
CAND::T10_AUD_00015,ABCB1,TACROLIMUS,1,1,candidate_supervised,B_author_curated_no_row_primary_assay,ChEMBL,Daood author-curated ChEMBL records,1.0,SLUYGGAVUSVJOT-VZCWQGFJSA-N,SLUYGGAVUSVJOT-VZCWQGFJSA-N,C=CCC1=CC(C)C[C@H](C)C[C@H](OC)[C@H]2O[C@@](O)(C(=O)C(=O)N3CCCCC3C(=O)O[C@H](/C(C)=C/[C@@H]3CC[C@@H](O)[C@H](OC)C3)[C@H](C)[C@@H](O)CC1=O)[C@H](C)C[C@@H]2OC,,O=C1C=CCCCCCC2CCCC(O2)C(=O)C(=O)N2CCCCC2C(=O)OC(C=CC2CCCCC2)CCC1,804.031,4.639,178.36,,,,,,T10_AUD_00015,https://pmc.ncbi.nlm.nih.gov/articles/PMC12587445/,author-curated candidate; not Tier A direct assay truth,TACROLIMUS,SLUYGGAVUSVJOT-VZCWQGFJSA-N,SLUYGGAVUSVJOT-VZCWQGFJSA-N,C=CCC1=CC(C)C[C@H](C)C[C@H](OC)[C@H]2O[C@@](O)(C(=O)C(=O)N3CCCCC3C(=O)O[C@H](/C(C)=C/[C@@H]3CC[C@@H](O)[C@H](OC)C3)[C@H](C)[C@@H](O)CC1=O)[C@H](C)C[C@@H]2OC,C=CCC1=CC(C)CC(C)CC(OC)C2OC(O)(C(=O)C(=O)N3CCCCC3C(=O)OC(C(C)=CC3CCC(O)C(OC)C3)C(C)C(O)CC1=O)C(C)CC2OC,SLUYGGAVUSVJOT-VZCWQGFJSA-N,match,O=C1C=CCCCCCC2CCCC(O2)C(=O)C(=O)N2CCCCC2C(=O)OC(C=CC2CCCCC2)CCC1,CC1CCCCCCCC2CCCC(C2)C(C)C(C)C2CCCCC2C(C)CC(CCC2CCCCC2)CCC1
CAND::T10_AUD_00017,ABCB1,,1,1,candidate_supervised,B_author_curated_no_row_primary_assay,ChEMBL,Daood author-curated ChEMBL records,1.0,GERNFWKTMKWULM-UHFFFAOYSA-N,GERNFWKTMKWULM-UHFFFAOYSA-N,C=CCNc1nc(NCC=C)nc(N2CCC(NCC(c3ccc(F)cc3)c3ccc(F)cc3)CC2)n1,,c1ccc(C(CNC2CCN(c3ncncn3)CC2)c2ccccc2)cc1,505.617,4.7361,78.0,,,,,,T10_AUD_00017,https://pmc.ncbi.nlm.nih.gov/articles/PMC12587445/,author-curated candidate; not Tier A direct assay truth,,GERNFWKTMKWULM-UHFFFAOYSA-N,GERNFWKTMKWULM-UHFFFAOYSA-N,C=CCNc1nc(NCC=C)nc(N2CCC(NCC(c3ccc(F)cc3)c3ccc(F)cc3)CC2)n1,C=CCNc1nc(NCC=C)nc(N2CCC(NCC(c3ccc(F)cc3)c3ccc(F)cc3)CC2)n1,GERNFWKTMKWULM-UHFFFAOYSA-N,match,c1ccc(C(CNC2CCN(c3ncncn3)CC2)c2ccccc2)cc1,C1CCC(C2CCC(CCC(C3CCCCC3)C3CCCCC3)CC2)CC1
CAND::T10_AUD_00019,ABCB1,,1,1,candidate_supervised,B_author_curated_no_row_primary_assay,ChEMBL,Daood author-curated ChEMBL records,1.0,DWCWSXLKLMTBSD-FQEVSTJZSA-N,DWCWSXLKLMTBSD-FQEVSTJZSA-N,CC#C[C@@]1(c2cc(NC(=O)c3ccc(C#N)cn3)ccc2F)CCOC(=N)N1,,N=C1NC(c2cccc(NC(=O)c3ccccn3)c2)CCO1,377.379,2.508,110.89,,,,,,T10_AUD_00019,https://pmc.ncbi.nlm.nih.gov/articles/PMC12587445/,author-curated candidate; not Tier A direct assay truth,,DWCWSXLKLMTBSD-FQEVSTJZSA-N,DWCWSXLKLMTBSD-FQEVSTJZSA-N,CC#C[C@@]1(c2cc(NC(=O)c3ccc(C#N)cn3)ccc2F)CCOC(=N)N1,CC#CC1(c2cc(NC(=O)c3ccc(C#N)cn3)ccc2F)CCOC(=N)N1,DWCWSXLKLMTBSD-FQEVSTJZSA-N,match,N=C1NC(c2cccc(NC(=O)c3ccccn3)c2)CCO1,CC1CCCC(C2CCCC(CC(C)C3CCCCC3)C2)C1
CAND::T10_AUD_00020,ABCB1,,0,0,candidate_supervised,B_author_curated_no_row_primary_assay,ChEMBL,Daood author-curated ChEMBL records,1.0,ZOXVZGMDTDJVFL-ZVHZXABRSA-N,ZOXVZGMDTDJVFL-ZVHZXABRSA-N,C/C(=N\N=C(N)N)c1cnn(-c2ccc(C#CC3CCCC3)cc2)c1C,,C(#CC1CCCC1)c1ccc(-n2cccn2)cc1,348.454,2.7198,94.58,,,,,,T10_AUD_00020,https://pmc.ncbi.nlm.nih.gov/articles/PMC12587445/,author-curated candidate; not Tier A direct assay truth,,ZOXVZGMDTDJVFL-ZVHZXABRSA-N,ZOXVZGMDTDJVFL-ZVHZXABRSA-N,C/C(=N\N=C(N)N)c1cnn(-c2ccc(C#CC3CCCC3)cc2)c1C,CC(=NN=C(N)N)c1cnn(-c2ccc(C#CC3CCCC3)cc2)c1C,ZOXVZGMDTDJVFL-ZVHZXABRSA-N,match,C(#CC1CCCC1)c1ccc(-n2cccn2)cc1,C1CCC(CCC2CCC(C3CCCC3)CC2)C1
CAND::T10_AUD_00021,ABCB1,,0,0,candidate_supervised,B_author_curated_no_row_primary_assay,ChEMBL,Daood author-curated ChEMBL records,1.0,IMHLRHHVNNQQLQ-WGOQTCKBSA-N,IMHLRHHVNNQQLQ-WGOQTCKBSA-N,C/C(=N\NC1=NCCN1)c1cnn(-c2ccc(C#CC3CCCC3)cc2)c1C,,C(#CC1CCCC1)c1ccc(-n2cc(C=NNC3=NCCN3)cn2)cc1,374.492,2.9952,66.6,,,,,,T10_AUD_00021,https://pmc.ncbi.nlm.nih.gov/articles/PMC12587445/,author-curated candidate; not Tier A direct assay truth,,IMHLRHHVNNQQLQ-WGOQTCKBSA-N,IMHLRHHVNNQQLQ-WGOQTCKBSA-N,C/C(=N\NC1=NCCN1)c1cnn(-c2ccc(C#CC3CCCC3)cc2)c1C,CC(=NNC1=NCCN1)c1cnn(-c2ccc(C#CC3CCCC3)cc2)c1C,IMHLRHHVNNQQLQ-WGOQTCKBSA-N,match,C(#CC1CCCC1)c1ccc(-n2cc(C=NNC3=NCCN3)cn2)cc1,C1CCC(CCCC2CCC(C3CCC(CCC4CCCC4)CC3)C2)C1
CAND::T10_AUD_00022,ABCB1,,1,1,candidate_supervised,B_author_curated_no_row_primary_assay,ChEMBL,Daood author-curated ChEMBL records,1.0,YRRNMPHVJUDOEB-UHFFFAOYSA-N,YRRNMPHVJUDOEB-UHFFFAOYSA-N,CC(=O)C(=CN(C)C)C(C)=O,,,155.197,0.6099,37.38,,,,,,T10_AUD_00022,https://pmc.ncbi.nlm.nih.gov/articles/PMC12587445/,author-curated candidate; not Tier A direct assay truth,,YRRNMPHVJUDOEB-UHFFFAOYSA-N,YRRNMPHVJUDOEB-UHFFFAOYSA-N,CC(=O)C(=CN(C)C)C(C)=O,CC(=O)C(=CN(C)C)C(C)=O,YRRNMPHVJUDOEB-UHFFFAOYSA-N,match,ACYCLIC::YRRNMPHVJUDOEB-UHFFFAOYSA-N,ACYCLIC::YRRNMPHVJUDOEB-UHFFFAOYSA-N
CAND::T10_AUD_00024,ABCB1,PROGESTERONE,0,0,candidate_supervised,B_author_curated_no_row_primary_assay,ChEMBL,Daood author-curated ChEMBL records,1.0,MNRHZPCIEGLWGK-MWXAKFKLSA-N,MNRHZPCIEGLWGK-MWXAKFKLSA-N,CC(=O)C1CC[C@H]2[C@@H]3CC=C4CC(=O)CC[C@]4(C)[C@H]3CC[C@]12C,,O=C1CCC2C(=CCC3C4CCCC4CCC23)C1,314.469,4.7235,34.14,,,,,,T10_AUD_00024,https://pmc.ncbi.nlm.nih.gov/articles/PMC12587445/,author-curated candidate; not Tier A direct assay truth,PROGESTERONE,MNRHZPCIEGLWGK-MWXAKFKLSA-N,MNRHZPCIEGLWGK-MWXAKFKLSA-N,CC(=O)C1CC[C@H]2[C@@H]3CC=C4CC(=O)CC[C@]4(C)[C@H]3CC[C@]12C,CC(=O)C1CCC2C3CC=C4CC(=O)CCC4(C)C3CCC12C,MNRHZPCIEGLWGK-MWXAKFKLSA-N,match,O=C1CCC2C(=CCC3C4CCCC4CCC23)C1,CC1CCC2C(CCC3C4CCCC4CCC23)C1
CAND::T10_AUD_00025,ABCB1,WARFARIN,0,0,candidate_supervised,B_author_curated_no_row_primary_assay,ChEMBL,Daood author-curated ChEMBL records,1.0,PJVWKTKQMONHTI-UHFFFAOYSA-N,PJVWKTKQMONHTI-UHFFFAOYSA-N,CC(=O)CC(c1ccccc1)c1c(O)c2ccccc2oc1=O,,O=c1oc2ccccc2cc1Cc1ccccc1,308.333,3.6096,67.51,,,,,,T10_AUD_00025,https://pmc.ncbi.nlm.nih.gov/articles/PMC12587445/,author-curated candidate; not Tier A direct assay truth,WARFARIN,PJVWKTKQMONHTI-UHFFFAOYSA-N,PJVWKTKQMONHTI-UHFFFAOYSA-N,CC(=O)CC(c1ccccc1)c1c(O)c2ccccc2oc1=O,CC(=O)CC(c1ccccc1)c1c(O)c2ccccc2oc1=O,PJVWKTKQMONHTI-UHFFFAOYSA-N,match,O=c1oc2ccccc2cc1Cc1ccccc1,CC1CC2CCCCC2CC1CC1CCCCC1
CAND::T10_AUD_00026,ABCB1,,0,0,candidate_supervised,B_author_curated_no_row_primary_assay,ChEMBL,Daood author-curated ChEMBL records,1.0,FWUPOBWZOCAFFY-UHFFFAOYSA-N,FWUPOBWZOCAFFY-UHFFFAOYSA-N,CC(=O)N1C=Cc2nc(N3CCC(Oc4ccc(F)cc4F)CC3)c(NC(C)C)nc2C1,,C1=Cc2nc(N3CCC(Oc4ccccc4)CC3)cnc2CN1,443.498,3.9557,70.59,,,,,,T10_AUD_00026,https://pmc.ncbi.nlm.nih.gov/articles/PMC12587445/,author-curated candidate; not Tier A direct assay truth,,FWUPOBWZOCAFFY-UHFFFAOYSA-N,FWUPOBWZOCAFFY-UHFFFAOYSA-N,CC(=O)N1C=Cc2nc(N3CCC(Oc4ccc(F)cc4F)CC3)c(NC(C)C)nc2C1,CC(=O)N1C=Cc2nc(N3CCC(Oc4ccc(F)cc4F)CC3)c(NC(C)C)nc2C1,FWUPOBWZOCAFFY-UHFFFAOYSA-N,match,C1=Cc2nc(N3CCC(Oc4ccccc4)CC3)cnc2CN1,C1CCC(CC2CCC(C3CCC4CCCCC4C3)CC2)CC1
CAND::T10_AUD_00027,ABCB1,KETOCONAZOLE,0,0,candidate_supervised,B_author_curated_no_row_primary_assay,ChEMBL,Daood author-curated ChEMBL records,1.0,XMAYWYJOQHXEEK-UHFFFAOYSA-N,XMAYWYJOQHXEEK-UHFFFAOYSA-N,CC(=O)N1CCN(c2ccc(OCC3COC(Cn4ccnc4)(c4ccc(Cl)cc4Cl)O3)cc2)CC1,,c1ccc(C2(Cn3ccnc3)OCC(COc3ccc(N4CCNCC4)cc3)O2)cc1,531.44,4.2058,69.06,,,,,,T10_AUD_00027,https://pmc.ncbi.nlm.nih.gov/articles/PMC12587445/,author-curated candidate; not Tier A direct assay truth,KETOCONAZOLE,XMAYWYJOQHXEEK-UHFFFAOYSA-N,XMAYWYJOQHXEEK-UHFFFAOYSA-N,CC(=O)N1CCN(c2ccc(OCC3COC(Cn4ccnc4)(c4ccc(Cl)cc4Cl)O3)cc2)CC1,CC(=O)N1CCN(c2ccc(OCC3COC(Cn4ccnc4)(c4ccc(Cl)cc4Cl)O3)cc2)CC1,XMAYWYJOQHXEEK-UHFFFAOYSA-N,match,c1ccc(C2(Cn3ccnc3)OCC(COc3ccc(N4CCNCC4)cc3)O2)cc1,C1CCC(C2CCC(CCC3CCC(CC4CCCC4)(C4CCCCC4)C3)CC2)CC1
CAND::T10_AUD_00028,ABCB1,,0,0,candidate_supervised,B_author_curated_no_row_primary_assay,ChEMBL,Daood author-curated ChEMBL records,1.0,HSWVJQBEXRKOBZ-QGZVFWFLSA-N,HSWVJQBEXRKOBZ-QGZVFWFLSA-N,CC(=O)N1CCc2nc(N3CCC(Oc4ccc(F)cc4F)CC3)c(N[C@@H]3CCOC3)nc2C1,,c1ccc(OC2CCN(c3nc4c(nc3NC3CCOC3)CNCC4)CC2)cc1,473.524,2.908,79.82,,,,,,T10_AUD_00028,https://pmc.ncbi.nlm.nih.gov/articles/PMC12587445/,author-curated candidate; not Tier A direct assay truth,,HSWVJQBEXRKOBZ-QGZVFWFLSA-N,HSWVJQBEXRKOBZ-QGZVFWFLSA-N,CC(=O)N1CCc2nc(N3CCC(Oc4ccc(F)cc4F)CC3)c(N[C@@H]3CCOC3)nc2C1,CC(=O)N1CCc2nc(N3CCC(Oc4ccc(F)cc4F)CC3)c(NC3CCOC3)nc2C1,HSWVJQBEXRKOBZ-QGZVFWFLSA-N,match,c1ccc(OC2CCN(c3nc4c(nc3NC3CCOC3)CNCC4)CC2)cc1,C1CCC(CC2CCC(C3CC4CCCCC4CC3CC3CCCC3)CC2)CC1
CAND::T10_AUD_00029,ABCB1,,1,1,candidate_supervised,B_author_curated_no_row_primary_assay,ChEMBL,Daood author-curated ChEMBL records,1.0,VZKPRNYGLKTGQY-FZMZJTMJSA-N,VZKPRNYGLKTGQY-FZMZJTMJSA-N,CC(=O)NC[C@@H]1CNCCO[C@H]1c1ccc(Cl)c(Cl)c1,,c1ccc(C2CCNCCO2)cc1,317.216,2.4066,50.36,,,,,,T10_AUD_00029,https://pmc.ncbi.nlm.nih.gov/articles/PMC12587445/,author-curated candidate; not Tier A direct assay truth,,VZKPRNYGLKTGQY-FZMZJTMJSA-N,VZKPRNYGLKTGQY-FZMZJTMJSA-N,CC(=O)NC[C@@H]1CNCCO[C@H]1c1ccc(Cl)c(Cl)c1,CC(=O)NCC1CNCCOC1c1ccc(Cl)c(Cl)c1,VZKPRNYGLKTGQY-FZMZJTMJSA-N,match,c1ccc(C2CCNCCO2)cc1,C1CCCC(C2CCCCC2)CC1
CAND::T10_AUD_00032,ABCB1,PRACTOLOL,0,0,candidate_supervised,B_author_curated_no_row_primary_assay,ChEMBL,Daood author-curated ChEMBL records,1.0,DURULFYMVIFBIR-UHFFFAOYSA-N,DURULFYMVIFBIR-UHFFFAOYSA-N,CC(=O)Nc1ccc(OCC(O)CNC(C)C)cc1,,c1ccccc1,266.341,1.3827,70.59,,,,,,T10_AUD_00032,https://pmc.ncbi.nlm.nih.gov/articles/PMC12587445/,author-curated candidate; not Tier A direct assay truth,PRACTOLOL,DURULFYMVIFBIR-UHFFFAOYSA-N,DURULFYMVIFBIR-UHFFFAOYSA-N,CC(=O)Nc1ccc(OCC(O)CNC(C)C)cc1,CC(=O)Nc1ccc(OCC(O)CNC(C)C)cc1,DURULFYMVIFBIR-UHFFFAOYSA-N,match,c1ccccc1,C1CCCCC1
CAND::T10_AUD_00034,ABCB1,DOCETAXEL,1,1,candidate_supervised,B_author_curated_no_row_primary_assay,ChEMBL,Daood author-curated ChEMBL records,1.0,ROQZUJKOMJECOM-MKLSCFFVSA-N,ROQZUJKOMJECOM-MKLSCFFVSA-N,CC(=O)O[C@@]12CO[C@@H]1C[C@H](O)[C@@]1(C)C(=O)C(=O)C3C(C)[C@@H](OC(=O)C(O)C(NC(=O)OC(C)(C)C)c4ccccc4)C[C@@](O)([C@@H](OC(=O)c4ccccc4)[C@H]21)C3(C)C,,O=C(CCc1ccccc1)OC1CC2CC(C1)C(OC(=O)c1ccccc1)C1C(CCC3OCC31)C(=O)C2=O,807.89,3.4036,221.29,,,,,,T10_AUD_00034,https://pmc.ncbi.nlm.nih.gov/articles/PMC12587445/,author-curated candidate; not Tier A direct assay truth,DOCETAXEL,ROQZUJKOMJECOM-MKLSCFFVSA-N,ROQZUJKOMJECOM-MKLSCFFVSA-N,CC(=O)O[C@@]12CO[C@@H]1C[C@H](O)[C@@]1(C)C(=O)C(=O)C3C(C)[C@@H](OC(=O)C(O)C(NC(=O)OC(C)(C)C)c4ccccc4)C[C@@](O)([C@@H](OC(=O)c4ccccc4)[C@H]21)C3(C)C,CC(=O)OC12COC1CC(O)C1(C)C(=O)C(=O)C3C(C)C(OC(=O)C(O)C(NC(=O)OC(C)(C)C)c4ccccc4)CC(O)(C(OC(=O)c4ccccc4)C21)C3(C)C,ROQZUJKOMJECOM-MKLSCFFVSA-N,match,O=C(CCc1ccccc1)OC1CC2CC(C1)C(OC(=O)c1ccccc1)C1C(CCC3OCC31)C(=O)C2=O,CC(CCC1CCCCC1)CC1CC2CC(C1)C(CC(C)C1CCCCC1)C1C3CCC3CCC1C(C)C2C
CAND::T10_AUD_00035,ABCB1,PACLITAXEL,1,1,candidate_supervised,B_author_curated_no_row_primary_assay,ChEMBL,Daood author-curated ChEMBL records,1.0,NDUAXKHGCJIYEQ-VSXYFVTFSA-N,NDUAXKHGCJIYEQ-VSXYFVTFSA-N,CC(=O)OC1=C2C(C)[C@@H](OC(=O)C(O)C(NC(=O)c3ccccc3)c3ccccc3)C[C@@](O)([C@@H](OC(=O)c3ccccc3)[C@@H]3[C@]4(OC(C)=O)CO[C@@H]4C[C@H](O)[C@@]3(C)C1=O)C2(C)C,,O=C(CC(NC(=O)c1ccccc1)c1ccccc1)OC1CC2=CC(=O)C3CCC4OCC4C3C(OC(=O)c3ccccc3)C(C2)C1,853.918,3.9408,221.29,,,,,,T10_AUD_00035,https://pmc.ncbi.nlm.nih.gov/articles/PMC12587445/,author-curated candidate; not Tier A direct assay truth,PACLITAXEL,NDUAXKHGCJIYEQ-VSXYFVTFSA-N,NDUAXKHGCJIYEQ-VSXYFVTFSA-N,CC(=O)OC1=C2C(C)[C@@H](OC(=O)C(O)C(NC(=O)c3ccccc3)c3ccccc3)C[C@@](O)([C@@H](OC(=O)c3ccccc3)[C@@H]3[C@]4(OC(C)=O)CO[C@@H]4C[C@H](O)[C@@]3(C)C1=O)C2(C)C,CC(=O)OC1=C2C(C)C(OC(=O)C(O)C(NC(=O)c3ccccc3)c3ccccc3)CC(O)(C(OC(=O)c3ccccc3)C3C4(OC(C)=O)COC4CC(O)C3(C)C1=O)C2(C)C,NDUAXKHGCJIYEQ-VSXYFVTFSA-N,match,O=C(CC(NC(=O)c1ccccc1)c1ccccc1)OC1CC2=CC(=O)C3CCC4OCC4C3C(OC(=O)c3ccccc3)C(C2)C1,CC(CC1CC2CC(C)C3CCC4CCC4C3C(CC(C)C3CCCCC3)C(C1)C2)CC(CC(C)C1CCCCC1)C1CCCCC1
CAND::T10_AUD_00037,ABCB1,ACETYLDIGOXIN,1,1,candidate_supervised,B_author_curated_no_row_primary_assay,ChEMBL,Daood author-curated ChEMBL records,1.0,HWKJSYYYURVNQU-DXJNJSHLSA-N,HWKJSYYYURVNQU-DXJNJSHLSA-N,CC(=O)O[C@H]1C[C@H](O[C@H]2[C@@H](O)C[C@H](O[C@H]3[C@@H](O)C[C@H](O[C@H]4CC[C@@]5(C)[C@H](CC[C@@H]6[C@@H]5C[C@@H](O)[C@]5(C)[C@@H](C7=CC(=O)OC7)CC[C@]65O)C4)O[C@@H]3C)O[C@@H]2C)O[C@H](C)[C@H]1O,,O=C1C=C(C2CCC3C2CCC2C4CCC(OC5CCC(OC6CCC(OC7CCCCO7)CO6)CO5)CC4CCC23)CO1,822.986,2.7889,209.13,,,,,,T10_AUD_00037,https://pmc.ncbi.nlm.nih.gov/articles/PMC12587445/,author-curated candidate; not Tier A direct assay truth,ACETYLDIGOXIN,HWKJSYYYURVNQU-DXJNJSHLSA-N,HWKJSYYYURVNQU-DXJNJSHLSA-N,CC(=O)O[C@H]1C[C@H](O[C@H]2[C@@H](O)C[C@H](O[C@H]3[C@@H](O)C[C@H](O[C@H]4CC[C@@]5(C)[C@H](CC[C@@H]6[C@@H]5C[C@@H](O)[C@]5(C)[C@@H](C7=CC(=O)OC7)CC[C@]65O)C4)O[C@@H]3C)O[C@@H]2C)O[C@H](C)[C@H]1O,CC(=O)OC1CC(OC2C(O)CC(OC3C(O)CC(OC4CCC5(C)C(CCC6C5CC(O)C5(C)C(C7=CC(=O)OC7)CCC65O)C4)OC3C)OC2C)OC(C)C1O,HWKJSYYYURVNQU-DXJNJSHLSA-N,match,O=C1C=C(C2CCC3C2CCC2C4CCC(OC5CCC(OC6CCC(OC7CCCCO7)CO6)CO5)CC4CCC23)CO1,CC1CCC(C2CCC3C2CCC2C4CCC(CC5CCC(CC6CCC(CC7CCCCC7)CC6)CC5)CC4CCC23)C1
CAND::T10_AUD_00038,ABCB1,VECURONIUM,1,1,candidate_supervised,B_author_curated_no_row_primary_assay,ChEMBL,Daood author-curated ChEMBL records,1.0,BGSZAXLLHYERSY-XQIGCQGXSA-N,BGSZAXLLHYERSY-XQIGCQGXSA-N,CC(=O)O[C@H]1C[C@@H]2CC[C@@H]3[C@H](CC[C@@]4(C)[C@H]3C[C@H]([N+]3(C)CCCCC3)[C@@H]4OC(C)=O)[C@@]2(C)C[C@@H]1N1CCCCC1,,C1CCN(C2CCC3CCC4C5CC([NH+]6CCCCC6)CC5CCC4C3C2)CC1,557.84,5.9659,55.84,,,,,,T10_AUD_00038,https://pmc.ncbi.nlm.nih.gov/articles/PMC12587445/,author-curated candidate; not Tier A direct assay truth,VECURONIUM,BGSZAXLLHYERSY-XQIGCQGXSA-N,BGSZAXLLHYERSY-XQIGCQGXSA-N,CC(=O)O[C@H]1C[C@@H]2CC[C@@H]3[C@H](CC[C@@]4(C)[C@H]3C[C@H]([N+]3(C)CCCCC3)[C@@H]4OC(C)=O)[C@@]2(C)C[C@@H]1N1CCCCC1,CC(=O)OC1CC2CCC3C(CCC4(C)C3CC([N+]3(C)CCCCC3)C4OC(C)=O)C2(C)CC1N1CCCCC1,BGSZAXLLHYERSY-XQIGCQGXSA-N,match,C1CCN(C2CCC3CCC4C5CC([NH+]6CCCCC6)CC5CCC4C3C2)CC1,C1CCC(C2CCC3CCC4C5CC(C6CCCCC6)CC5CCC4C3C2)CC1
CAND::T10_AUD_00042,ABCB1,,1,1,candidate_supervised,B_author_curated_no_row_primary_assay,ChEMBL,Daood author-curated ChEMBL records,1.0,XKFSBWQWNMZWFA-UHFFFAOYSA-N,XKFSBWQWNMZWFA-UHFFFAOYSA-N,CC(=O)OCOC(=O)CN(CC(=O)OCOC(C)=O)Cc1c(OC(C)=O)ccc2c1Oc1c(ccc(OC(C)=O)c1CN(CC(=O)OCOC(C)=O)CC(=O)OCOC(C)=O)C21OC(=O)c2ccccc21,,O=C1OC2(c3ccccc3Oc3ccccc32)c2ccccc21,994.865,1.9644,305.01,,,,,,T10_AUD_00042,https://pmc.ncbi.nlm.nih.gov/articles/PMC12587445/,author-curated candidate; not Tier A direct assay truth,,XKFSBWQWNMZWFA-UHFFFAOYSA-N,XKFSBWQWNMZWFA-UHFFFAOYSA-N,CC(=O)OCOC(=O)CN(CC(=O)OCOC(C)=O)Cc1c(OC(C)=O)ccc2c1Oc1c(ccc(OC(C)=O)c1CN(CC(=O)OCOC(C)=O)CC(=O)OCOC(C)=O)C21OC(=O)c2ccccc21,CC(=O)OCOC(=O)CN(CC(=O)OCOC(C)=O)Cc1c(OC(C)=O)ccc2c1Oc1c(ccc(OC(C)=O)c1CN(CC(=O)OCOC(C)=O)CC(=O)OCOC(C)=O)C21OC(=O)c2ccccc21,XKFSBWQWNMZWFA-UHFFFAOYSA-N,match,O=C1OC2(c3ccccc3Oc3ccccc32)c2ccccc21,CC1CC2(C3CCCCC3CC3CCCCC32)C2CCCCC12
CAND::T10_AUD_00044,ABCB1,ASPIRIN,0,0,candidate_supervised,B_author_curated_no_row_primary_assay,ChEMBL,Daood author-curated ChEMBL records,1.0,BSYNRYMUTXBXSQ-UHFFFAOYSA-N,BSYNRYMUTXBXSQ-UHFFFAOYSA-N,CC(=O)Oc1ccccc1C(=O)O,,c1ccccc1,180.159,1.3101,63.6,,,,,,T10_AUD_00044,https://pmc.ncbi.nlm.nih.gov/articles/PMC12587445/,author-curated candidate; not Tier A direct assay truth,ASPIRIN,BSYNRYMUTXBXSQ-UHFFFAOYSA-N,BSYNRYMUTXBXSQ-UHFFFAOYSA-N,CC(=O)Oc1ccccc1C(=O)O,CC(=O)Oc1ccccc1C(=O)O,BSYNRYMUTXBXSQ-UHFFFAOYSA-N,match,c1ccccc1,C1CCCCC1
CAND::T10_AUD_00046,ABCB1,,0,0,candidate_supervised,B_author_curated_no_row_primary_assay,ChEMBL,Daood author-curated ChEMBL records,1.0,MKUKBCVJQXCFKM-UHFFFAOYSA-N,MKUKBCVJQXCFKM-UHFFFAOYSA-N,CC(=O)c1ccc(S(=O)(=O)c2c(C)c(C(=O)O)n(CCCOc3cc(C)c(Cl)c(C)c3)c2C)cc1,,O=S(=O)(c1ccccc1)c1ccn(CCCOc2ccccc2)c1,518.031,5.5779,102.67,,,,,,T10_AUD_00046,https://pmc.ncbi.nlm.nih.gov/articles/PMC12587445/,author-curated candidate; not Tier A direct assay truth,,MKUKBCVJQXCFKM-UHFFFAOYSA-N,MKUKBCVJQXCFKM-UHFFFAOYSA-N,CC(=O)c1ccc(S(=O)(=O)c2c(C)c(C(=O)O)n(CCCOc3cc(C)c(Cl)c(C)c3)c2C)cc1,CC(=O)c1ccc(S(=O)(=O)c2c(C)c(C(=O)O)n(CCCOc3cc(C)c(Cl)c(C)c3)c2C)cc1,MKUKBCVJQXCFKM-UHFFFAOYSA-N,match,O=S(=O)(c1ccccc1)c1ccn(CCCOc2ccccc2)c1,CC(C)(C1CCCCC1)C1CCC(CCCCC2CCCCC2)C1
CAND::T10_AUD_00047,ABCB1,FEXOFENADINE,1,1,candidate_supervised,B_author_curated_no_row_primary_assay,ChEMBL,Daood author-curated ChEMBL records,1.0,RWTNPBWLLIMQHL-UHFFFAOYSA-N,RWTNPBWLLIMQHL-UHFFFAOYSA-N,CC(C)(C(=O)O)c1ccc(C(O)CCCN2CCC(C(O)(c3ccccc3)c3ccccc3)CC2)cc1,,c1ccc(CCCCN2CCC(C(c3ccccc3)c3ccccc3)CC2)cc1,501.667,5.5105,81.0,,,,,,T10_AUD_00047,https://pmc.ncbi.nlm.nih.gov/articles/PMC12587445/,author-curated candidate; not Tier A direct assay truth,FEXOFENADINE,RWTNPBWLLIMQHL-UHFFFAOYSA-N,RWTNPBWLLIMQHL-UHFFFAOYSA-N,CC(C)(C(=O)O)c1ccc(C(O)CCCN2CCC(C(O)(c3ccccc3)c3ccccc3)CC2)cc1,CC(C)(C(=O)O)c1ccc(C(O)CCCN2CCC(C(O)(c3ccccc3)c3ccccc3)CC2)cc1,RWTNPBWLLIMQHL-UHFFFAOYSA-N,match,c1ccc(CCCCN2CCC(C(c3ccccc3)c3ccccc3)CC2)cc1,C1CCC(CCCCC2CCC(C(C3CCCCC3)C3CCCCC3)CC2)CC1
CAND::T10_AUD_00048,ABCB1,SAQUINAVIR,1,1,candidate_supervised,B_author_curated_no_row_primary_assay,ChEMBL,Daood author-curated ChEMBL records,1.0,QWAXKHKRTORLEM-PVCXOJBVSA-N,QWAXKHKRTORLEM-PVCXOJBVSA-N,CC(C)(C)NC(=O)C1C[C@@H]2CCCC[C@@H]2CN1C[C@@H](O)[C@H](Cc1ccccc1)NC(=O)C(CC(N)=O)NC(=O)c1ccc2ccccc2n1,,O=C(CNC(=O)c1ccc2ccccc2n1)NC(CCN1CCC2CCCCC2C1)Cc1ccccc1,670.855,3.0924,166.75,,,,,,T10_AUD_00048,https://pmc.ncbi.nlm.nih.gov/articles/PMC12587445/,author-curated candidate; not Tier A direct assay truth,SAQUINAVIR,QWAXKHKRTORLEM-PVCXOJBVSA-N,QWAXKHKRTORLEM-PVCXOJBVSA-N,CC(C)(C)NC(=O)C1C[C@@H]2CCCC[C@@H]2CN1C[C@@H](O)[C@H](Cc1ccccc1)NC(=O)C(CC(N)=O)NC(=O)c1ccc2ccccc2n1,CC(C)(C)NC(=O)C1CC2CCCCC2CN1CC(O)C(Cc1ccccc1)NC(=O)C(CC(N)=O)NC(=O)c1ccc2ccccc2n1,QWAXKHKRTORLEM-PVCXOJBVSA-N,match,O=C(CNC(=O)c1ccc2ccccc2n1)NC(CCN1CCC2CCCCC2C1)Cc1ccccc1,CC(CCC(C)C1CCC2CCCCC2C1)CC(CCC1CCC2CCCCC2C1)CC1CCCCC1
CAND::T10_AUD_00049,ABCB1,,1,1,candidate_supervised,B_author_curated_no_row_primary_assay,ChEMBL,Daood author-curated ChEMBL records,1.0,PFKFKTXBGHAJQC-ZBPNYKGNSA-N,PFKFKTXBGHAJQC-ZBPNYKGNSA-N,CC(C)(C)NC(=O)C1CN(Cc2cc3ccccc3o2)CCN1[C@@H](Cc1ccccc1)[C@@H](O)CC(Cc1ccccc1)C(=O)NC1c2ccccc2C[C@H]1O,,O=C(NC1CCc2ccccc21)C(CCC(Cc1ccccc1)N1CCN(Cc2cc3ccccc3o2)CC1)Cc1ccccc1,742.961,5.8294,118.28,,,,,,T10_AUD_00049,https://pmc.ncbi.nlm.nih.gov/articles/PMC12587445/,author-curated candidate; not Tier A direct assay truth,,PFKFKTXBGHAJQC-ZBPNYKGNSA-N,PFKFKTXBGHAJQC-ZBPNYKGNSA-N,CC(C)(C)NC(=O)C1CN(Cc2cc3ccccc3o2)CCN1[C@@H](Cc1ccccc1)[C@@H](O)CC(Cc1ccccc1)C(=O)NC1c2ccccc2C[C@H]1O,CC(C)(C)NC(=O)C1CN(Cc2cc3ccccc3o2)CCN1C(Cc1ccccc1)C(O)CC(Cc1ccccc1)C(=O)NC1c2ccccc2CC1O,PFKFKTXBGHAJQC-ZBPNYKGNSA-N,match,O=C(NC1CCc2ccccc21)C(CCC(Cc1ccccc1)N1CCN(Cc2cc3ccccc3o2)CC1)Cc1ccccc1,CC(CC1CCC2CCCCC21)C(CCC(CC1CCCCC1)C1CCC(CC2CC3CCCCC3C2)CC1)CC1CCCCC1
CAND::T10_AUD_00050,ABCB1,INDINAVIR,1,1,candidate_supervised,B_author_curated_no_row_primary_assay,ChEMBL,Daood author-curated ChEMBL records,1.0,CBVCZFGXHXORBI-IXVTTXLYSA-N,CBVCZFGXHXORBI-IXVTTXLYSA-N,CC(C)(C)NC(=O)C1CN(Cc2cccnc2)CCN1C[C@@H](O)CC(Cc1ccccc1)C(=O)N[C@H]1c2ccccc2C[C@H]1O,,O=C(NC1CCc2ccccc21)C(CCCN1CCN(Cc2cccnc2)CC1)Cc1ccccc1,613.803,2.8669,118.03,,,,,,T10_AUD_00050,https://pmc.ncbi.nlm.nih.gov/articles/PMC12587445/,author-curated candidate; not Tier A direct assay truth,INDINAVIR,CBVCZFGXHXORBI-IXVTTXLYSA-N,CBVCZFGXHXORBI-IXVTTXLYSA-N,CC(C)(C)NC(=O)C1CN(Cc2cccnc2)CCN1C[C@@H](O)CC(Cc1ccccc1)C(=O)N[C@H]1c2ccccc2C[C@H]1O,CC(C)(C)NC(=O)C1CN(Cc2cccnc2)CCN1CC(O)CC(Cc1ccccc1)C(=O)NC1c2ccccc2CC1O,CBVCZFGXHXORBI-IXVTTXLYSA-N,match,O=C(NC1CCc2ccccc21)C(CCCN1CCN(Cc2cccnc2)CC1)Cc1ccccc1,CC(CC1CCC2CCCCC21)C(CCCC1CCC(CC2CCCCC2)CC1)CC1CCCCC1
CAND::T10_AUD_00051,ABCB1,TALINOLOL,1,1,candidate_supervised,B_author_curated_no_row_primary_assay,ChEMBL,Daood author-curated ChEMBL records,1.0,MXFWWQICDIZSOA-UHFFFAOYSA-N,MXFWWQICDIZSOA-UHFFFAOYSA-N,CC(C)(C)NCC(O)COc1ccc(NC(=O)NC2CCCCC2)cc1,,O=C(Nc1ccccc1)NC1CCCCC1,363.502,3.2686,82.62,,,,,,T10_AUD_00051,https://pmc.ncbi.nlm.nih.gov/articles/PMC12587445/,author-curated candidate; not Tier A direct assay truth,TALINOLOL,MXFWWQICDIZSOA-UHFFFAOYSA-N,MXFWWQICDIZSOA-UHFFFAOYSA-N,CC(C)(C)NCC(O)COc1ccc(NC(=O)NC2CCCCC2)cc1,CC(C)(C)NCC(O)COc1ccc(NC(=O)NC2CCCCC2)cc1,MXFWWQICDIZSOA-UHFFFAOYSA-N,match,O=C(Nc1ccccc1)NC1CCCCC1,CC(CC1CCCCC1)CC1CCCCC1
CAND::T10_AUD_00052,ABCB1,NADOLOL,1,1,candidate_supervised,B_author_curated_no_row_primary_assay,ChEMBL,Daood author-curated ChEMBL records,1.0,VWPOSFSPZNDTMJ-UCWKZMIHSA-N,VWPOSFSPZNDTMJ-UCWKZMIHSA-N,CC(C)(C)NCC(O)COc1cccc2c1C[C@H](O)[C@H](O)C2,,c1ccc2c(c1)CCCC2,309.406,0.6348,81.95,,,,,,T10_AUD_00052,https://pmc.ncbi.nlm.nih.gov/articles/PMC12587445/,author-curated candidate; not Tier A direct assay truth,NADOLOL,VWPOSFSPZNDTMJ-UCWKZMIHSA-N,VWPOSFSPZNDTMJ-UCWKZMIHSA-N,CC(C)(C)NCC(O)COc1cccc2c1C[C@H](O)[C@H](O)C2,CC(C)(C)NCC(O)COc1cccc2c1CC(O)C(O)C2,VWPOSFSPZNDTMJ-UCWKZMIHSA-N,match,c1ccc2c(c1)CCCC2,C1CCC2CCCCC2C1
CAND::T10_AUD_00053,ABCB1,BUNITROLOL,1,1,candidate_supervised,B_author_curated_no_row_primary_assay,ChEMBL,Daood author-curated ChEMBL records,1.0,VCVQSRCYSKKPBA-UHFFFAOYSA-N,VCVQSRCYSKKPBA-UHFFFAOYSA-N,CC(C)(C)NCC(O)COc1ccccc1C#N,,c1ccccc1,248.326,1.6861,65.28,,,,,,T10_AUD_00053,https://pmc.ncbi.nlm.nih.gov/articles/PMC12587445/,author-curated candidate; not Tier A direct assay truth,BUNITROLOL,VCVQSRCYSKKPBA-UHFFFAOYSA-N,VCVQSRCYSKKPBA-UHFFFAOYSA-N,CC(C)(C)NCC(O)COc1ccccc1C#N,CC(C)(C)NCC(O)COc1ccccc1C#N,VCVQSRCYSKKPBA-UHFFFAOYSA-N,match,c1ccccc1,C1CCCCC1
CAND::T10_AUD_00054,ABCB1,TIMOLOL,1,1,candidate_supervised,B_author_curated_no_row_primary_assay,ChEMBL,Daood author-curated ChEMBL records,1.0,BLJRIMJGRPQVNF-JTQLQIEISA-N,BLJRIMJGRPQVNF-JTQLQIEISA-N,CC(C)(C)NC[C@H](O)COc1nsnc1N1CCOCC1,,c1nsnc1N1CCOCC1,316.427,0.5025,79.74,,,,,,T10_AUD_00054,https://pmc.ncbi.nlm.nih.gov/articles/PMC12587445/,author-curated candidate; not Tier A direct assay truth,TIMOLOL,BLJRIMJGRPQVNF-JTQLQIEISA-N,BLJRIMJGRPQVNF-JTQLQIEISA-N,CC(C)(C)NC[C@H](O)COc1nsnc1N1CCOCC1,CC(C)(C)NCC(O)COc1nsnc1N1CCOCC1,BLJRIMJGRPQVNF-JTQLQIEISA-N,match,c1nsnc1N1CCOCC1,C1CCC(C2CCCC2)CC1
CAND::T10_AUD_00055,ABCB1,,0,0,candidate_supervised,B_author_curated_no_row_primary_assay,ChEMBL,Daood author-curated ChEMBL records,1.0,ZFXSJTRRJVSPFL-UHFFFAOYSA-N,ZFXSJTRRJVSPFL-UHFFFAOYSA-N,CC(C)(C)c1cc(N2CCNCC2)n2nc(-c3ccc(F)cc3)cc2n1,,c1ccc(-c2cc3nccc(N4CCNCC4)n3n2)cc1,353.445,3.2425,45.46,,,,,,T10_AUD_00055,https://pmc.ncbi.nlm.nih.gov/articles/PMC12587445/,author-curated candidate; not Tier A direct assay truth,,ZFXSJTRRJVSPFL-UHFFFAOYSA-N,ZFXSJTRRJVSPFL-UHFFFAOYSA-N,CC(C)(C)c1cc(N2CCNCC2)n2nc(-c3ccc(F)cc3)cc2n1,CC(C)(C)c1cc(N2CCNCC2)n2nc(-c3ccc(F)cc3)cc2n1,ZFXSJTRRJVSPFL-UHFFFAOYSA-N,match,c1ccc(-c2cc3nccc(N4CCNCC4)n3n2)cc1,C1CCC(C2CC3CCCC(C4CCCCC4)C3C2)CC1
CAND::T10_AUD_00056,ABCB1,TERFENADINE,1,1,candidate_supervised,B_author_curated_no_row_primary_assay,ChEMBL,Daood author-curated ChEMBL records,1.0,GUGOEEXESWIERI-UHFFFAOYSA-N,GUGOEEXESWIERI-UHFFFAOYSA-N,CC(C)(C)c1ccc(C(O)CCCN2CCC(C(O)(c3ccccc3)c3ccccc3)CC2)cc1,,c1ccc(CCCCN2CCC(C(c3ccccc3)c3ccccc3)CC2)cc1,471.685,6.4458,43.7,,,,,,T10_AUD_00056,https://pmc.ncbi.nlm.nih.gov/articles/PMC12587445/,author-curated candidate; not Tier A direct assay truth,TERFENADINE,GUGOEEXESWIERI-UHFFFAOYSA-N,GUGOEEXESWIERI-UHFFFAOYSA-N,CC(C)(C)c1ccc(C(O)CCCN2CCC(C(O)(c3ccccc3)c3ccccc3)CC2)cc1,CC(C)(C)c1ccc(C(O)CCCN2CCC(C(O)(c3ccccc3)c3ccccc3)CC2)cc1,GUGOEEXESWIERI-UHFFFAOYSA-N,match,c1ccc(CCCCN2CCC(C(c3ccccc3)c3ccccc3)CC2)cc1,C1CCC(CCCCC2CCC(C(C3CCCCC3)C3CCCCC3)CC2)CC1
CAND::T10_AUD_00057,ABCB1,BMS-387032,1,1,candidate_supervised,B_author_curated_no_row_primary_assay,ChEMBL,Daood author-curated ChEMBL records,1.0,OUSFTKFNBAZUKL-UHFFFAOYSA-N,OUSFTKFNBAZUKL-UHFFFAOYSA-N,CC(C)(C)c1cnc(CSc2cnc(NC(=O)C3CCNCC3)s2)o1,,O=C(Nc1ncc(SCc2ncco2)s1)C1CCNCC1,380.539,3.659,80.05,,,,,,T10_AUD_00057,https://pmc.ncbi.nlm.nih.gov/articles/PMC12587445/,author-curated candidate; not Tier A direct assay truth,BMS-387032,OUSFTKFNBAZUKL-UHFFFAOYSA-N,OUSFTKFNBAZUKL-UHFFFAOYSA-N,CC(C)(C)c1cnc(CSc2cnc(NC(=O)C3CCNCC3)s2)o1,CC(C)(C)c1cnc(CSc2cnc(NC(=O)C3CCNCC3)s2)o1,OUSFTKFNBAZUKL-UHFFFAOYSA-N,match,O=C(Nc1ncc(SCc2ncco2)s1)C1CCNCC1,CC(CC1CCC(CCC2CCCC2)C1)C1CCCCC1
CAND::T10_AUD_00058,ABCB1,,1,1,candidate_supervised,B_author_curated_no_row_primary_assay,ChEMBL,Daood author-curated ChEMBL records,1.0,YUAUQYXSYMIINF-UHFFFAOYSA-N,YUAUQYXSYMIINF-UHFFFAOYSA-N,CC(C)(C1CCN(C(=O)c2ccc(S(C)(=O)=O)cc2OC(F)(F)F)CC1)S(=O)(=O)c1cccc(C(F)(F)F)c1,,O=C(c1ccccc1)N1CCC(CS(=O)(=O)c2ccccc2)CC1,601.587,5.1122,97.82,,,,,,T10_AUD_00058,https://pmc.ncbi.nlm.nih.gov/articles/PMC12587445/,author-curated candidate; not Tier A direct assay truth,,YUAUQYXSYMIINF-UHFFFAOYSA-N,YUAUQYXSYMIINF-UHFFFAOYSA-N,CC(C)(C1CCN(C(=O)c2ccc(S(C)(=O)=O)cc2OC(F)(F)F)CC1)S(=O)(=O)c1cccc(C(F)(F)F)c1,CC(C)(C1CCN(C(=O)c2ccc(S(C)(=O)=O)cc2OC(F)(F)F)CC1)S(=O)(=O)c1cccc(C(F)(F)F)c1,YUAUQYXSYMIINF-UHFFFAOYSA-N,match,O=C(c1ccccc1)N1CCC(CS(=O)(=O)c2ccccc2)CC1,CC(C1CCCCC1)C1CCC(CC(C)(C)C2CCCCC2)CC1
CAND::T10_AUD_00059,ABCB1,POLYPODINE B,1,1,candidate_supervised,B_author_curated_no_row_primary_assay,ChEMBL,Daood author-curated ChEMBL records,1.0,OWOQYTURIBDOED-JJDBQLKLSA-N,OWOQYTURIBDOED-JJDBQLKLSA-N,CC(C)(O)CC[C@@H](O)[C@@](C)(O)[C@H]1CC[C@@]2(O)C3=C(CC[C@]12C)[C@@]1(C)C[C@H](O)[C@H](O)C[C@@]1(O)C(=O)C3,,O=C1CC2=C(CCC3CCCC23)C2CCCCC12,496.641,1.113,158.68,,,,,,T10_AUD_00059,https://pmc.ncbi.nlm.nih.gov/articles/PMC12587445/,author-curated candidate; not Tier A direct assay truth,POLYPODINE B,OWOQYTURIBDOED-JJDBQLKLSA-N,OWOQYTURIBDOED-JJDBQLKLSA-N,CC(C)(O)CC[C@@H](O)[C@@](C)(O)[C@H]1CC[C@@]2(O)C3=C(CC[C@]12C)[C@@]1(C)C[C@H](O)[C@H](O)C[C@@]1(O)C(=O)C3,CC(C)(O)CCC(O)C(C)(O)C1CCC2(O)C3=C(CCC12C)C1(C)CC(O)C(O)CC1(O)C(=O)C3,OWOQYTURIBDOED-JJDBQLKLSA-N,match,O=C1CC2=C(CCC3CCCC23)C2CCCCC12,CC1CC2C3CCCC3CCC2C2CCCCC12
CAND::T10_AUD_00064,ABCB1,DIHYDROERGOCRISTINE,1,1,candidate_supervised,B_author_curated_no_row_primary_assay,ChEMBL,Daood author-curated ChEMBL records,1.0,DEQITUUQPICUMR-LMLVIHHFSA-N,DEQITUUQPICUMR-LMLVIHHFSA-N,CC(C)[C@@]1(NC(=O)C2C[C@@H]3c4cccc5[nH]cc(c45)C[C@H]3N(C)C2)O[C@@]2(O)[C@@H]3CCCN3C(=O)C(Cc3ccccc3)N2C1=O,,O=C(NC1OC2C3CCCN3C(=O)C(Cc3ccccc3)N2C1=O)C1CNC2Cc3c[nH]c4cccc(c34)C2C1,611.743,2.7172,118.21,,,,,,T10_AUD_00064,https://pmc.ncbi.nlm.nih.gov/articles/PMC12587445/,author-curated candidate; not Tier A direct assay truth,DIHYDROERGOCRISTINE,DEQITUUQPICUMR-LMLVIHHFSA-N,DEQITUUQPICUMR-LMLVIHHFSA-N,CC(C)[C@@]1(NC(=O)C2C[C@@H]3c4cccc5[nH]cc(c45)C[C@H]3N(C)C2)O[C@@]2(O)[C@@H]3CCCN3C(=O)C(Cc3ccccc3)N2C1=O,CC(C)C1(NC(=O)C2CC3c4cccc5[nH]cc(c45)CC3N(C)C2)OC2(O)C3CCCN3C(=O)C(Cc3ccccc3)N2C1=O,DEQITUUQPICUMR-LMLVIHHFSA-N,match,O=C(NC1OC2C3CCCN3C(=O)C(Cc3ccccc3)N2C1=O)C1CNC2Cc3c[nH]c4cccc(c34)C2C1,CC(CC1CC2C3CCCC3C(C)C(CC3CCCCC3)C2C1C)C1CCC2CC3CCC4CCCC(C2C1)C43
CAND::T10_AUD_00065,ABCB1,,0,0,candidate_supervised,B_author_curated_no_row_primary_assay,ChEMBL,Daood author-curated ChEMBL records,1.0,WHBDCLCOWTYWQB-UHFFFAOYSA-N,WHBDCLCOWTYWQB-UHFFFAOYSA-N,CC(C)CC(NC(=O)C(CC(C)C)NC(=O)C(CCCCN)NC(=O)C(CO)NC(=O)C(CC(C)C)NC(=O)CNC(=O)C(CCCCN)NC(=O)C(Cc1ccccc1)NC(=O)C(CC(C)C)NC(=O)C(C)NC(=O)CNC(=O)C(CC(C)C)NC(=O)C(N)Cc1ccccc1)C(=O)O,,O=C(CCc1ccccc1)NCC(=O)NCC(=O)NCC(=O)NCC(=O)NCCc1ccccc1,1406.78,-0.5352,484.79,,,,,,T10_AUD_00065,https://pmc.ncbi.nlm.nih.gov/articles/PMC12587445/,author-curated candidate; not Tier A direct assay truth,,WHBDCLCOWTYWQB-UHFFFAOYSA-N,WHBDCLCOWTYWQB-UHFFFAOYSA-N,CC(C)CC(NC(=O)C(CC(C)C)NC(=O)C(CCCCN)NC(=O)C(CO)NC(=O)C(CC(C)C)NC(=O)CNC(=O)C(CCCCN)NC(=O)C(Cc1ccccc1)NC(=O)C(CC(C)C)NC(=O)C(C)NC(=O)CNC(=O)C(CC(C)C)NC(=O)C(N)Cc1ccccc1)C(=O)O,CC(C)CC(NC(=O)C(CC(C)C)NC(=O)C(CCCCN)NC(=O)C(CO)NC(=O)C(CC(C)C)NC(=O)CNC(=O)C(CCCCN)NC(=O)C(Cc1ccccc1)NC(=O)C(CC(C)C)NC(=O)C(C)NC(=O)CNC(=O)C(CC(C)C)NC(=O)C(N)Cc1ccccc1)C(=O)O,WHBDCLCOWTYWQB-UHFFFAOYSA-N,match,O=C(CCc1ccccc1)NCC(=O)NCC(=O)NCC(=O)NCC(=O)NCCc1ccccc1,CC(CCCC1CCCCC1)CCC(C)CCC(C)CCC(C)CCC(C)CCC1CCCCC1
CAND::T10_AUD_00066,ABCB1,,0,0,candidate_supervised,B_author_curated_no_row_primary_assay,ChEMBL,Daood author-curated ChEMBL records,1.0,ZYIMDGHCGYLSMJ-UHFFFAOYSA-N,ZYIMDGHCGYLSMJ-UHFFFAOYSA-N,CC(C)CC(NC(=O)C(CC(C)C)NC(=O)C(CCCCN)NC(=O)C(CS)NC(=O)C(CC(C)C)NC(=O)C(C)NC(=O)C(CCCCN)NC(=O)C(Cc1ccccc1)NC(=O)C(CC(C)C)NC(=O)C(C)NC(=O)CNC(=O)C(CC(C)C)NC(=O)C(N)Cc1ccccc1)C(=O)O,,O=C(CCc1ccccc1)NCC(=O)NCC(=O)NCC(=O)NCC(=O)NCCc1ccccc1,1436.875,0.7908,464.56,,,,,,T10_AUD_00066,https://pmc.ncbi.nlm.nih.gov/articles/PMC12587445/,author-curated candidate; not Tier A direct assay truth,,ZYIMDGHCGYLSMJ-UHFFFAOYSA-N,ZYIMDGHCGYLSMJ-UHFFFAOYSA-N,CC(C)CC(NC(=O)C(CC(C)C)NC(=O)C(CCCCN)NC(=O)C(CS)NC(=O)C(CC(C)C)NC(=O)C(C)NC(=O)C(CCCCN)NC(=O)C(Cc1ccccc1)NC(=O)C(CC(C)C)NC(=O)C(C)NC(=O)CNC(=O)C(CC(C)C)NC(=O)C(N)Cc1ccccc1)C(=O)O,CC(C)CC(NC(=O)C(CC(C)C)NC(=O)C(CCCCN)NC(=O)C(CS)NC(=O)C(CC(C)C)NC(=O)C(C)NC(=O)C(CCCCN)NC(=O)C(Cc1ccccc1)NC(=O)C(CC(C)C)NC(=O)C(C)NC(=O)CNC(=O)C(CC(C)C)NC(=O)C(N)Cc1ccccc1)C(=O)O,ZYIMDGHCGYLSMJ-UHFFFAOYSA-N,match,O=C(CCc1ccccc1)NCC(=O)NCC(=O)NCC(=O)NCC(=O)NCCc1ccccc1,CC(CCCC1CCCCC1)CCC(C)CCC(C)CCC(C)CCC(C)CCC1CCCCC1
CAND::T10_AUD_00067,ABCB1,GAEGURIN 6,0,0,candidate_supervised,B_author_curated_no_row_primary_assay,ChEMBL,Daood author-curated ChEMBL records,1.0,YZZTUQVPJAKQRU-UHFFFAOYSA-N,YZZTUQVPJAKQRU-UHFFFAOYSA-N,CC(C)CC(NC(=O)CNC(=O)C(C)NC(=O)C(CC(C)C)NC(=O)C(CC(C)C)NC(=O)C1CCCN1C(=O)C(CC(C)C)NC(=O)C(N)Cc1ccccc1)C(=O)NC(C)C,,O=C(CCc1ccccc1)NCC(=O)N1CCCC1,884.177,1.8165,250.03,,,,,,T10_AUD_00067,https://pmc.ncbi.nlm.nih.gov/articles/PMC12587445/,author-curated candidate; not Tier A direct assay truth,GAEGURIN 6,YZZTUQVPJAKQRU-UHFFFAOYSA-N,YZZTUQVPJAKQRU-UHFFFAOYSA-N,CC(C)CC(NC(=O)CNC(=O)C(C)NC(=O)C(CC(C)C)NC(=O)C(CC(C)C)NC(=O)C1CCCN1C(=O)C(CC(C)C)NC(=O)C(N)Cc1ccccc1)C(=O)NC(C)C,CC(C)CC(NC(=O)CNC(=O)C(C)NC(=O)C(CC(C)C)NC(=O)C(CC(C)C)NC(=O)C1CCCN1C(=O)C(CC(C)C)NC(=O)C(N)Cc1ccccc1)C(=O)NC(C)C,YZZTUQVPJAKQRU-UHFFFAOYSA-N,match,O=C(CCc1ccccc1)NCC(=O)N1CCCC1,CC(CCC1CCCCC1)CCC(C)C1CCCC1
CAND::T10_AUD_00070,ABCB1,AMPRENAVIR,1,1,candidate_supervised,B_author_curated_no_row_primary_assay,ChEMBL,Daood author-curated ChEMBL records,1.0,YMARZQAQMVYCKC-OEMFJLHTSA-N,YMARZQAQMVYCKC-OEMFJLHTSA-N,CC(C)CN(C[C@@H](O)[C@H](Cc1ccccc1)NC(=O)O[C@H]1CCOC1)S(=O)(=O)c1ccc(N)cc1,,O=C(NC(CCNS(=O)(=O)c1ccccc1)Cc1ccccc1)OC1CCOC1,505.637,2.4028,131.19,,,,,,T10_AUD_00070,https://pmc.ncbi.nlm.nih.gov/articles/PMC12587445/,author-curated candidate; not Tier A direct assay truth,AMPRENAVIR,YMARZQAQMVYCKC-OEMFJLHTSA-N,YMARZQAQMVYCKC-OEMFJLHTSA-N,CC(C)CN(C[C@@H](O)[C@H](Cc1ccccc1)NC(=O)O[C@H]1CCOC1)S(=O)(=O)c1ccc(N)cc1,CC(C)CN(CC(O)C(Cc1ccccc1)NC(=O)OC1CCOC1)S(=O)(=O)c1ccc(N)cc1,YMARZQAQMVYCKC-OEMFJLHTSA-N,match,O=C(NC(CCNS(=O)(=O)c1ccccc1)Cc1ccccc1)OC1CCOC1,CC(CC1CCCC1)CC(CCCC(C)(C)C1CCCCC1)CC1CCCCC1
CAND::T10_AUD_00071,ABCB1,IBUPROFEN,0,0,candidate_supervised,B_author_curated_no_row_primary_assay,ChEMBL,Daood author-curated ChEMBL records,1.0,HEFNNWSXXWATRW-UHFFFAOYSA-N,HEFNNWSXXWATRW-UHFFFAOYSA-N,CC(C)Cc1ccc(C(C)C(=O)O)cc1,,c1ccccc1,206.285,3.0732,37.3,,,,,,T10_AUD_00071,https://pmc.ncbi.nlm.nih.gov/articles/PMC12587445/,author-curated candidate; not Tier A direct assay truth,IBUPROFEN,HEFNNWSXXWATRW-UHFFFAOYSA-N,HEFNNWSXXWATRW-UHFFFAOYSA-N,CC(C)Cc1ccc(C(C)C(=O)O)cc1,CC(C)Cc1ccc(C(C)C(=O)O)cc1,HEFNNWSXXWATRW-UHFFFAOYSA-N,match,c1ccccc1,C1CCCCC1
CAND::T10_AUD_00073,ABCB1,ATENOLOL,0,0,candidate_supervised,B_author_curated_no_row_primary_assay,ChEMBL,Daood author-curated ChEMBL records,1.0,METKIMKYRPQLGS-UHFFFAOYSA-N,METKIMKYRPQLGS-UHFFFAOYSA-N,CC(C)NCC(O)COc1ccc(CC(N)=O)cc1,,c1ccccc1,266.341,0.4521,84.58,,,,,,T10_AUD_00073,https://pmc.ncbi.nlm.nih.gov/articles/PMC12587445/,author-curated candidate; not Tier A direct assay truth,ATENOLOL,METKIMKYRPQLGS-UHFFFAOYSA-N,METKIMKYRPQLGS-UHFFFAOYSA-N,CC(C)NCC(O)COc1ccc(CC(N)=O)cc1,CC(C)NCC(O)COc1ccc(CC(N)=O)cc1,METKIMKYRPQLGS-UHFFFAOYSA-N,match,c1ccccc1,C1CCCCC1
CAND::T10_AUD_00075,ABCB1,DELAVIRDINE,0,0,candidate_supervised,B_author_curated_no_row_primary_assay,ChEMBL,Daood author-curated ChEMBL records,1.0,WHBIGIKBNXZKFE-UHFFFAOYSA-N,WHBIGIKBNXZKFE-UHFFFAOYSA-N,CC(C)Nc1cccnc1N1CCN(C(=O)c2cc3cc(NS(C)(=O)=O)ccc3[nH]2)CC1,,O=C(c1cc2ccccc2[nH]1)N1CCN(c2ccccn2)CC1,456.572,2.7171,110.43,,,,,,T10_AUD_00075,https://pmc.ncbi.nlm.nih.gov/articles/PMC12587445/,author-curated candidate; not Tier A direct assay truth,DELAVIRDINE,WHBIGIKBNXZKFE-UHFFFAOYSA-N,WHBIGIKBNXZKFE-UHFFFAOYSA-N,CC(C)Nc1cccnc1N1CCN(C(=O)c2cc3cc(NS(C)(=O)=O)ccc3[nH]2)CC1,CC(C)Nc1cccnc1N1CCN(C(=O)c2cc3cc(NS(C)(=O)=O)ccc3[nH]2)CC1,WHBIGIKBNXZKFE-UHFFFAOYSA-N,match,O=C(c1cc2ccccc2[nH]1)N1CCN(c2ccccn2)CC1,CC(C1CCC(C2CCCCC2)CC1)C1CC2CCCCC2C1
CAND::T10_AUD_00076,ABCB1,,1,1,candidate_supervised,B_author_curated_no_row_primary_assay,ChEMBL,Daood author-curated ChEMBL records,1.0,MWCWTOAPMNWRBE-UHFFFAOYSA-N,MWCWTOAPMNWRBE-UHFFFAOYSA-N,CC(C)OC1CCC(C(=O)N2Cc3cc(Cl)cnc3Nc3ccc(N4CC5CCC4CO5)cc32)CC1,,O=C(C1CCCCC1)N1Cc2cccnc2Nc2ccc(N3CC4CCC3CO4)cc21,511.066,5.6766,66.93,,,,,,T10_AUD_00076,https://pmc.ncbi.nlm.nih.gov/articles/PMC12587445/,author-curated candidate; not Tier A direct assay truth,,MWCWTOAPMNWRBE-UHFFFAOYSA-N,MWCWTOAPMNWRBE-UHFFFAOYSA-N,CC(C)OC1CCC(C(=O)N2Cc3cc(Cl)cnc3Nc3ccc(N4CC5CCC4CO5)cc32)CC1,CC(C)OC1CCC(C(=O)N2Cc3cc(Cl)cnc3Nc3ccc(N4CC5CCC4CO5)cc32)CC1,MWCWTOAPMNWRBE-UHFFFAOYSA-N,match,O=C(C1CCCCC1)N1Cc2cccnc2Nc2ccc(N3CC4CCC3CO4)cc21,CC(C1CCCCC1)C1CC2CCCCC2CC2CCC(C3CC4CCC3CC4)CC21
CAND::T10_AUD_00077,ABCB1,,0,0,candidate_supervised,B_author_curated_no_row_primary_assay,ChEMBL,Daood author-curated ChEMBL records,1.0,NTBPQMAKDYFKOK-BVVFMGSASA-N,NTBPQMAKDYFKOK-BVVFMGSASA-N,CC(C)O[C@H]1CCC(C(=O)N2Cc3cc(F)cnc3Nc3ccc(C4COCCO4)cc32)OC1,,O=C(C1CCCCO1)N1Cc2cccnc2Nc2ccc(C3COCCO3)cc21,471.529,3.8714,82.15,,,,,,T10_AUD_00077,https://pmc.ncbi.nlm.nih.gov/articles/PMC12587445/,author-curated candidate; not Tier A direct assay truth,,NTBPQMAKDYFKOK-BVVFMGSASA-N,NTBPQMAKDYFKOK-BVVFMGSASA-N,CC(C)O[C@H]1CCC(C(=O)N2Cc3cc(F)cnc3Nc3ccc(C4COCCO4)cc32)OC1,CC(C)OC1CCC(C(=O)N2Cc3cc(F)cnc3Nc3ccc(C4COCCO4)cc32)OC1,NTBPQMAKDYFKOK-BVVFMGSASA-N,match,O=C(C1CCCCO1)N1Cc2cccnc2Nc2ccc(C3COCCO3)cc21,CC(C1CCCCC1)C1CC2CCCCC2CC2CCC(C3CCCCC3)CC21
CAND::T10_AUD_00078,ABCB1,,1,1,candidate_supervised,B_author_curated_no_row_primary_assay,ChEMBL,Daood author-curated ChEMBL records,1.0,RMUWDCKNZVOFLM-XDTOLWODSA-N,RMUWDCKNZVOFLM-XDTOLWODSA-N,CC(C)OC1CCC(C(=O)N2Cc3cccnc3Nc3ccc(N4C[C@@H]5C[C@H]4CO5)cc32)CC1,,O=C(C1CCCCC1)N1Cc2cccnc2Nc2ccc(N3CC4CC3CO4)cc21,462.594,4.6331,66.93,,,,,,T10_AUD_00078,https://pmc.ncbi.nlm.nih.gov/articles/PMC12587445/,author-curated candidate; not Tier A direct assay truth,,RMUWDCKNZVOFLM-XDTOLWODSA-N,RMUWDCKNZVOFLM-XDTOLWODSA-N,CC(C)OC1CCC(C(=O)N2Cc3cccnc3Nc3ccc(N4C[C@@H]5C[C@H]4CO5)cc32)CC1,CC(C)OC1CCC(C(=O)N2Cc3cccnc3Nc3ccc(N4CC5CC4CO5)cc32)CC1,RMUWDCKNZVOFLM-XDTOLWODSA-N,match,O=C(C1CCCCC1)N1Cc2cccnc2Nc2ccc(N3CC4CC3CO4)cc21,CC(C1CCCCC1)C1CC2CCCCC2CC2CCC(C3CC4CCC3C4)CC21
CAND::T10_AUD_00079,ABCB1,,1,1,candidate_supervised,B_author_curated_no_row_primary_assay,ChEMBL,Daood author-curated ChEMBL records,1.0,XYFUJTRBVLTSQZ-UHFFFAOYSA-N,XYFUJTRBVLTSQZ-UHFFFAOYSA-N,CC(C)OC1CCC(C(=O)N2Cc3cccnc3Nc3ccc(N4CC5CCC4CO5)c(F)c32)CC1,,O=C(C1CCCCC1)N1Cc2cccnc2Nc2ccc(N3CC4CCC3CO4)cc21,494.611,5.1623,66.93,,,,,,T10_AUD_00079,https://pmc.ncbi.nlm.nih.gov/articles/PMC12587445/,author-curated candidate; not Tier A direct assay truth,,XYFUJTRBVLTSQZ-UHFFFAOYSA-N,XYFUJTRBVLTSQZ-UHFFFAOYSA-N,CC(C)OC1CCC(C(=O)N2Cc3cccnc3Nc3ccc(N4CC5CCC4CO5)c(F)c32)CC1,CC(C)OC1CCC(C(=O)N2Cc3cccnc3Nc3ccc(N4CC5CCC4CO5)c(F)c32)CC1,XYFUJTRBVLTSQZ-UHFFFAOYSA-N,match,O=C(C1CCCCC1)N1Cc2cccnc2Nc2ccc(N3CC4CCC3CO4)cc21,CC(C1CCCCC1)C1CC2CCCCC2CC2CCC(C3CC4CCC3CC4)CC21
CAND::T10_AUD_00080,ABCB1,,1,1,candidate_supervised,B_author_curated_no_row_primary_assay,ChEMBL,Daood author-curated ChEMBL records,1.0,AJAVGHSGEDSWLB-UHFFFAOYSA-N,AJAVGHSGEDSWLB-UHFFFAOYSA-N,CC(C)OC1CCC(C(=O)N2Cc3cccnc3Nc3ccc(N4CC5CCC4CO5)cc32)CC1,,O=C(C1CCCCC1)N1Cc2cccnc2Nc2ccc(N3CC4CCC3CO4)cc21,476.621,5.0232,66.93,,,,,,T10_AUD_00080,https://pmc.ncbi.nlm.nih.gov/articles/PMC12587445/,author-curated candidate; not Tier A direct assay truth,,AJAVGHSGEDSWLB-UHFFFAOYSA-N,AJAVGHSGEDSWLB-UHFFFAOYSA-N,CC(C)OC1CCC(C(=O)N2Cc3cccnc3Nc3ccc(N4CC5CCC4CO5)cc32)CC1,CC(C)OC1CCC(C(=O)N2Cc3cccnc3Nc3ccc(N4CC5CCC4CO5)cc32)CC1,AJAVGHSGEDSWLB-UHFFFAOYSA-N,match,O=C(C1CCCCC1)N1Cc2cccnc2Nc2ccc(N3CC4CCC3CO4)cc21,CC(C1CCCCC1)C1CC2CCCCC2CC2CCC(C3CC4CCC3CC4)CC21
CAND::T10_AUD_00081,ABCB1,,1,1,candidate_supervised,B_author_curated_no_row_primary_assay,ChEMBL,Daood author-curated ChEMBL records,1.0,MBPMVBPHRXSOQZ-UHFFFAOYSA-N,MBPMVBPHRXSOQZ-UHFFFAOYSA-N,CC(C)OC1CCC(C(=O)N2Cc3cccnc3Nc3cnc(C4COCCO4)cc32)CC1,,O=C(C1CCCCC1)N1Cc2cccnc2Nc2cnc(C3COCCO3)cc21,452.555,4.1385,85.81,,,,,,T10_AUD_00081,https://pmc.ncbi.nlm.nih.gov/articles/PMC12587445/,author-curated candidate; not Tier A direct assay truth,,MBPMVBPHRXSOQZ-UHFFFAOYSA-N,MBPMVBPHRXSOQZ-UHFFFAOYSA-N,CC(C)OC1CCC(C(=O)N2Cc3cccnc3Nc3cnc(C4COCCO4)cc32)CC1,CC(C)OC1CCC(C(=O)N2Cc3cccnc3Nc3cnc(C4COCCO4)cc32)CC1,MBPMVBPHRXSOQZ-UHFFFAOYSA-N,match,O=C(C1CCCCC1)N1Cc2cccnc2Nc2cnc(C3COCCO3)cc21,CC(C1CCCCC1)C1CC2CCCCC2CC2CCC(C3CCCCC3)CC21
CAND::T10_AUD_00082,ABCB1,,1,1,candidate_supervised,B_author_curated_no_row_primary_assay,ChEMBL,Daood author-curated ChEMBL records,1.0,IMYNWTPXBLCTLR-YXIVMFJDSA-N,IMYNWTPXBLCTLR-YXIVMFJDSA-N,CC(C)OC1CCC(C(=O)N2Cc3cccnc3Nc3cnc(N4C[C@@H]5C[C@H]4CO5)cc32)CC1,,O=C(C1CCCCC1)N1Cc2cccnc2Nc2cnc(N3CC4CC3CO4)cc21,463.582,4.0281,79.82,,,,,,T10_AUD_00082,https://pmc.ncbi.nlm.nih.gov/articles/PMC12587445/,author-curated candidate; not Tier A direct assay truth,,IMYNWTPXBLCTLR-YXIVMFJDSA-N,IMYNWTPXBLCTLR-YXIVMFJDSA-N,CC(C)OC1CCC(C(=O)N2Cc3cccnc3Nc3cnc(N4C[C@@H]5C[C@H]4CO5)cc32)CC1,CC(C)OC1CCC(C(=O)N2Cc3cccnc3Nc3cnc(N4CC5CC4CO5)cc32)CC1,IMYNWTPXBLCTLR-YXIVMFJDSA-N,match,O=C(C1CCCCC1)N1Cc2cccnc2Nc2cnc(N3CC4CC3CO4)cc21,CC(C1CCCCC1)C1CC2CCCCC2CC2CCC(C3CC4CCC3C4)CC21
CAND::T10_AUD_00083,ABCB1,,1,1,candidate_supervised,B_author_curated_no_row_primary_assay,ChEMBL,Daood author-curated ChEMBL records,1.0,VFPFQRUMTLFESI-DZPQHKDMSA-N,VFPFQRUMTLFESI-DZPQHKDMSA-N,CC(C)OC1CCC(C(=O)N2Cc3cncnc3Nc3ccc(N4C[C@@H]5C[C@H]4CO5)cc32)CC1,,O=C(C1CCCCC1)N1Cc2cncnc2Nc2ccc(N3CC4CC3CO4)cc21,463.582,4.0281,79.82,,,,,,T10_AUD_00083,https://pmc.ncbi.nlm.nih.gov/articles/PMC12587445/,author-curated candidate; not Tier A direct assay truth,,VFPFQRUMTLFESI-DZPQHKDMSA-N,VFPFQRUMTLFESI-DZPQHKDMSA-N,CC(C)OC1CCC(C(=O)N2Cc3cncnc3Nc3ccc(N4C[C@@H]5C[C@H]4CO5)cc32)CC1,CC(C)OC1CCC(C(=O)N2Cc3cncnc3Nc3ccc(N4CC5CC4CO5)cc32)CC1,VFPFQRUMTLFESI-DZPQHKDMSA-N,match,O=C(C1CCCCC1)N1Cc2cncnc2Nc2ccc(N3CC4CC3CO4)cc21,CC(C1CCCCC1)C1CC2CCCCC2CC2CCC(C3CC4CCC3C4)CC21
CAND::T10_AUD_00084,ABCB1,,1,1,candidate_supervised,B_author_curated_no_row_primary_assay,ChEMBL,Daood author-curated ChEMBL records,1.0,NSTOLUBLPHCKFS-DLPPYOOPSA-N,NSTOLUBLPHCKFS-DLPPYOOPSA-N,CC(C)OC1CCC(C(=O)N2c3cc(N4C[C@@H]5C[C@H]4CO5)ccc3Nc3ncccc3C2C)CC1,,O=C(C1CCCCC1)N1Cc2cccnc2Nc2ccc(N3CC4CC3CO4)cc21,476.621,5.1941,66.93,,,,,,T10_AUD_00084,https://pmc.ncbi.nlm.nih.gov/articles/PMC12587445/,author-curated candidate; not Tier A direct assay truth,,NSTOLUBLPHCKFS-DLPPYOOPSA-N,NSTOLUBLPHCKFS-DLPPYOOPSA-N,CC(C)OC1CCC(C(=O)N2c3cc(N4C[C@@H]5C[C@H]4CO5)ccc3Nc3ncccc3C2C)CC1,CC(C)OC1CCC(C(=O)N2c3cc(N4CC5CC4CO5)ccc3Nc3ncccc3C2C)CC1,NSTOLUBLPHCKFS-DLPPYOOPSA-N,match,O=C(C1CCCCC1)N1Cc2cccnc2Nc2ccc(N3CC4CC3CO4)cc21,CC(C1CCCCC1)C1CC2CCCCC2CC2CCC(C3CC4CCC3C4)CC21
CAND::T10_AUD_00085,ABCB1,ATORVASTATIN,1,1,candidate_supervised,B_author_curated_no_row_primary_assay,ChEMBL,Daood author-curated ChEMBL records,1.0,XUKUURHRXDUEBC-KAYWLYCHSA-N,XUKUURHRXDUEBC-KAYWLYCHSA-N,CC(C)c1c(C(=O)Nc2ccccc2)c(-c2ccccc2)c(-c2ccc(F)cc2)n1CC[C@@H](O)C[C@@H](O)CC(=O)O,,O=C(Nc1ccccc1)c1c[nH]c(-c2ccccc2)c1-c1ccccc1,558.65,6.3136,111.79,,,,,,T10_AUD_00085,https://pmc.ncbi.nlm.nih.gov/articles/PMC12587445/,author-curated candidate; not Tier A direct assay truth,ATORVASTATIN,XUKUURHRXDUEBC-KAYWLYCHSA-N,XUKUURHRXDUEBC-KAYWLYCHSA-N,CC(C)c1c(C(=O)Nc2ccccc2)c(-c2ccccc2)c(-c2ccc(F)cc2)n1CC[C@@H](O)C[C@@H](O)CC(=O)O,CC(C)c1c(C(=O)Nc2ccccc2)c(-c2ccccc2)c(-c2ccc(F)cc2)n1CCC(O)CC(O)CC(=O)O,XUKUURHRXDUEBC-KAYWLYCHSA-N,match,O=C(Nc1ccccc1)c1c[nH]c(-c2ccccc2)c1-c1ccccc1,CC(CC1CCCCC1)C1CCC(C2CCCCC2)C1C1CCCCC1
CAND::T10_AUD_00086,ABCB1,RITONAVIR,1,1,candidate_supervised,B_author_curated_no_row_primary_assay,ChEMBL,Daood author-curated ChEMBL records,1.0,NCDNCNXCDXHOMX-BWGGSIGWSA-N,NCDNCNXCDXHOMX-BWGGSIGWSA-N,CC(C)c1nc(CN(C)C(=O)NC(C(=O)N[C@@H](Cc2ccccc2)C[C@H](O)[C@H](Cc2ccccc2)NC(=O)OCc2cncs2)C(C)C)cs1,,O=C(CNC(=O)NCc1cscn1)NC(CCC(Cc1ccccc1)NC(=O)OCc1cncs1)Cc1ccccc1,720.962,5.9052,145.78,,,,,,T10_AUD_00086,https://pmc.ncbi.nlm.nih.gov/articles/PMC12587445/,author-curated candidate; not Tier A direct assay truth,RITONAVIR,NCDNCNXCDXHOMX-BWGGSIGWSA-N,NCDNCNXCDXHOMX-BWGGSIGWSA-N,CC(C)c1nc(CN(C)C(=O)NC(C(=O)N[C@@H](Cc2ccccc2)C[C@H](O)[C@H](Cc2ccccc2)NC(=O)OCc2cncs2)C(C)C)cs1,CC(C)c1nc(CN(C)C(=O)NC(C(=O)NC(Cc2ccccc2)CC(O)C(Cc2ccccc2)NC(=O)OCc2cncs2)C(C)C)cs1,NCDNCNXCDXHOMX-BWGGSIGWSA-N,match,O=C(CNC(=O)NCc1cscn1)NC(CCC(Cc1ccccc1)NC(=O)OCc1cncs1)Cc1ccccc1,CC(CCC(C)CC(CCC(CC(C)CCC1CCCC1)CC1CCCCC1)CC1CCCCC1)CCC1CCCC1
CAND::T10_AUD_00087,ABCB1,TRETINOIN,0,0,candidate_supervised,B_author_curated_no_row_primary_assay,ChEMBL,Daood author-curated ChEMBL records,1.0,SHGAZHPCJJPHSC-YCNIQYBTSA-N,SHGAZHPCJJPHSC-YCNIQYBTSA-N,CC1=C(/C=C/C(C)=C/C=C/C(C)=C/C(=O)O)C(C)(C)CCC1,,C1=CCCCC1,300.442,5.6026,37.3,,,,,,T10_AUD_00087,https://pmc.ncbi.nlm.nih.gov/articles/PMC12587445/,author-curated candidate; not Tier A direct assay truth,TRETINOIN,SHGAZHPCJJPHSC-YCNIQYBTSA-N,SHGAZHPCJJPHSC-YCNIQYBTSA-N,CC1=C(/C=C/C(C)=C/C=C/C(C)=C/C(=O)O)C(C)(C)CCC1,CC(C=CC1=C(C)CCCC1(C)C)=CC=CC(C)=CC(=O)O,SHGAZHPCJJPHSC-YCNIQYBTSA-N,match,C1=CCCCC1,C1CCCCC1
CAND::T10_AUD_00089,ABCB1,,1,1,candidate_supervised,B_author_curated_no_row_primary_assay,ChEMBL,Daood author-curated ChEMBL records,1.0,VXSQHTHAPJMEKT-IBGZPJMESA-N,VXSQHTHAPJMEKT-IBGZPJMESA-N,C[C@H](N)c1ccc(N2CCC(c3nc(-c4cccc(C(F)(F)F)c4)c(-c4ccncc4)n3C)CC2)cc1,,c1ccc(-c2nc(C3CCN(c4ccccc4)CC3)[nH]c2-c2ccncc2)cc1,505.588,6.5716,59.97,,,,,,T10_AUD_00089,https://pmc.ncbi.nlm.nih.gov/articles/PMC12587445/,author-curated candidate; not Tier A direct assay truth,,VXSQHTHAPJMEKT-IBGZPJMESA-N,VXSQHTHAPJMEKT-IBGZPJMESA-N,C[C@H](N)c1ccc(N2CCC(c3nc(-c4cccc(C(F)(F)F)c4)c(-c4ccncc4)n3C)CC2)cc1,CC(N)c1ccc(N2CCC(c3nc(-c4cccc(C(F)(F)F)c4)c(-c4ccncc4)n3C)CC2)cc1,VXSQHTHAPJMEKT-IBGZPJMESA-N,match,c1ccc(-c2nc(C3CCN(c4ccccc4)CC3)[nH]c2-c2ccncc2)cc1,C1CCC(C2CCC(C3CC(C4CCCCC4)C(C4CCCCC4)C3)CC2)CC1
CAND::T10_AUD_00090,ABCB1,DAMGO,1,1,candidate_supervised,B_author_curated_no_row_primary_assay,ChEMBL,Daood author-curated ChEMBL records,1.0,HPZJMUBDEAMBFI-UHFFFAOYSA-N,HPZJMUBDEAMBFI-UHFFFAOYSA-N,CC(NC(=O)C(N)Cc1ccc(O)cc1)C(=O)NCC(=O)N(C)C(Cc1ccccc1)C(=O)NCCO,,O=C(CCc1ccccc1)NCC(=O)NCC(=O)NCCc1ccccc1,513.595,-0.9389,174.09,,,,,,T10_AUD_00090,https://pmc.ncbi.nlm.nih.gov/articles/PMC12587445/,author-curated candidate; not Tier A direct assay truth,DAMGO,HPZJMUBDEAMBFI-UHFFFAOYSA-N,HPZJMUBDEAMBFI-UHFFFAOYSA-N,CC(NC(=O)C(N)Cc1ccc(O)cc1)C(=O)NCC(=O)N(C)C(Cc1ccccc1)C(=O)NCCO,CC(NC(=O)C(N)Cc1ccc(O)cc1)C(=O)NCC(=O)N(C)C(Cc1ccccc1)C(=O)NCCO,HPZJMUBDEAMBFI-UHFFFAOYSA-N,match,O=C(CCc1ccccc1)NCC(=O)NCC(=O)NCCc1ccccc1,CC(CCCC1CCCCC1)CCC(C)CCC(C)CCC1CCCCC1
CAND::T10_AUD_00092,ABCB1,,0,0,candidate_supervised,B_author_curated_no_row_primary_assay,ChEMBL,Daood author-curated ChEMBL records,1.0,IDMFGXFCFKUZIE-VIFPVBQESA-N,IDMFGXFCFKUZIE-VIFPVBQESA-N,C[C@H](Oc1cc(NC(=O)N(C)C)c(F)cc1C(=O)Nc1c(F)cccc1Cl)C(F)(F)F,,O=C(Nc1ccccc1)c1ccccc1,465.806,5.2936,70.67,,,,,,T10_AUD_00092,https://pmc.ncbi.nlm.nih.gov/articles/PMC12587445/,author-curated candidate; not Tier A direct assay truth,,IDMFGXFCFKUZIE-VIFPVBQESA-N,IDMFGXFCFKUZIE-VIFPVBQESA-N,C[C@H](Oc1cc(NC(=O)N(C)C)c(F)cc1C(=O)Nc1c(F)cccc1Cl)C(F)(F)F,CC(Oc1cc(NC(=O)N(C)C)c(F)cc1C(=O)Nc1c(F)cccc1Cl)C(F)(F)F,IDMFGXFCFKUZIE-VIFPVBQESA-N,match,O=C(Nc1ccccc1)c1ccccc1,CC(CC1CCCCC1)C1CCCCC1
CAND::T10_AUD_00093,ABCB1,GEPIRONE HYDROCHLORIDE,1,1,candidate_supervised,B_author_curated_no_row_primary_assay,ChEMBL,Daood author-curated ChEMBL records,1.0,QOIGKGMMAGJZNZ-UHFFFAOYSA-N,QOIGKGMMAGJZNZ-UHFFFAOYSA-N,CC1(C)CC(=O)N(CCCCN2CCN(c3ncccn3)CC2)C(=O)C1,,O=C1CCCC(=O)N1CCCCN1CCN(c2ncccn2)CC1,359.474,1.554,69.64,,,,,,T10_AUD_00093,https://pmc.ncbi.nlm.nih.gov/articles/PMC12587445/,author-curated candidate; not Tier A direct assay truth,GEPIRONE HYDROCHLORIDE,QOIGKGMMAGJZNZ-UHFFFAOYSA-N,QOIGKGMMAGJZNZ-UHFFFAOYSA-N,CC1(C)CC(=O)N(CCCCN2CCN(c3ncccn3)CC2)C(=O)C1,CC1(C)CC(=O)N(CCCCN2CCN(c3ncccn3)CC2)C(=O)C1,QOIGKGMMAGJZNZ-UHFFFAOYSA-N,match,O=C1CCCC(=O)N1CCCCN1CCN(c2ncccn2)CC1,CC1CCCC(C)C1CCCCC1CCC(C2CCCCC2)CC1
CAND::T10_AUD_00094,ABCB1,,1,1,candidate_supervised,B_author_curated_no_row_primary_assay,ChEMBL,Daood author-curated ChEMBL records,1.0,BXIVMLSVUJVOQG-UHFFFAOYSA-N,BXIVMLSVUJVOQG-UHFFFAOYSA-N,CC1(C)CC(=O)N(CCCCN2CCN(c3ncccn3)CC2)C(=O)C1O,,O=C1CCCC(=O)N1CCCCN1CCN(c2ncccn2)CC1,375.473,0.5248,89.87,,,,,,T10_AUD_00094,https://pmc.ncbi.nlm.nih.gov/articles/PMC12587445/,author-curated candidate; not Tier A direct assay truth,,BXIVMLSVUJVOQG-UHFFFAOYSA-N,BXIVMLSVUJVOQG-UHFFFAOYSA-N,CC1(C)CC(=O)N(CCCCN2CCN(c3ncccn3)CC2)C(=O)C1O,CC1(C)CC(=O)N(CCCCN2CCN(c3ncccn3)CC2)C(=O)C1O,BXIVMLSVUJVOQG-UHFFFAOYSA-N,match,O=C1CCCC(=O)N1CCCCN1CCN(c2ncccn2)CC1,CC1CCCC(C)C1CCCCC1CCC(C2CCCCC2)CC1
CAND::T10_AUD_00096,ABCB1,,1,1,candidate_supervised,B_author_curated_no_row_primary_assay,ChEMBL,Daood author-curated ChEMBL records,1.0,ZRMVQEXEUYMWKY-XZWHSSHBSA-N,ZRMVQEXEUYMWKY-XZWHSSHBSA-N,CC1(C)NC[C@@](C)(c2cc(F)cc(F)c2)N(CC(=O)Nc2ccc3c(c2)C[C@@]2(C3)C(=O)Nc3ncccc32)C1=O,,O=C(CN1C(=O)CNCC1c1ccccc1)Nc1ccc2c(c1)CC1(C2)C(=O)Nc2ncccc21,545.59,3.4128,103.43,,,,,,T10_AUD_00096,https://pmc.ncbi.nlm.nih.gov/articles/PMC12587445/,author-curated candidate; not Tier A direct assay truth,,ZRMVQEXEUYMWKY-XZWHSSHBSA-N,ZRMVQEXEUYMWKY-XZWHSSHBSA-N,CC1(C)NC[C@@](C)(c2cc(F)cc(F)c2)N(CC(=O)Nc2ccc3c(c2)C[C@@]2(C3)C(=O)Nc3ncccc32)C1=O,CC1(C)NCC(C)(c2cc(F)cc(F)c2)N(CC(=O)Nc2ccc3c(c2)CC2(C3)C(=O)Nc3ncccc32)C1=O,ZRMVQEXEUYMWKY-XZWHSSHBSA-N,match,O=C(CN1C(=O)CNCC1c1ccccc1)Nc1ccc2c(c1)CC1(C2)C(=O)Nc2ncccc21,CC(CC1CCC2CC3(CC2C1)C(C)CC1CCCCC13)CC1C(C)CCCC1C1CCCCC1
CAND::T10_AUD_00097,ABCB1,,1,1,candidate_supervised,B_author_curated_no_row_primary_assay,ChEMBL,Daood author-curated ChEMBL records,1.0,QBRQTPINXSSUJO-MUAVYFROSA-N,QBRQTPINXSSUJO-MUAVYFROSA-N,CC1(C)NC[C@@H](c2cc(F)cc(F)c2)N(CC(=O)Nc2ccc3c(c2)C[C@@]2(C3)C(=O)Nc3ncccc32)C1=O,,O=C(CN1C(=O)CNCC1c1ccccc1)Nc1ccc2c(c1)CC1(C2)C(=O)Nc2ncccc21,531.563,3.2387,103.43,,,,,,T10_AUD_00097,https://pmc.ncbi.nlm.nih.gov/articles/PMC12587445/,author-curated candidate; not Tier A direct assay truth,,QBRQTPINXSSUJO-MUAVYFROSA-N,QBRQTPINXSSUJO-MUAVYFROSA-N,CC1(C)NC[C@@H](c2cc(F)cc(F)c2)N(CC(=O)Nc2ccc3c(c2)C[C@@]2(C3)C(=O)Nc3ncccc32)C1=O,CC1(C)NCC(c2cc(F)cc(F)c2)N(CC(=O)Nc2ccc3c(c2)CC2(C3)C(=O)Nc3ncccc32)C1=O,QBRQTPINXSSUJO-MUAVYFROSA-N,match,O=C(CN1C(=O)CNCC1c1ccccc1)Nc1ccc2c(c1)CC1(C2)C(=O)Nc2ncccc21,CC(CC1CCC2CC3(CC2C1)C(C)CC1CCCCC13)CC1C(C)CCCC1C1CCCCC1
CAND::T10_AUD_00100,ABCB1,,1,1,candidate_supervised,B_author_curated_no_row_primary_assay,ChEMBL,Daood author-curated ChEMBL records,1.0,VZHFJCNPAIRJSA-MYMUPAQMSA-N,VZHFJCNPAIRJSA-MYMUPAQMSA-N,C[C@]1(c2cc(/C=C(\F)c3ccc(C#N)cn3)ccc2F)N=C(N)S[C@@]2(C(=O)N3CCOCC3)C[C@H]21,,O=C(N1CCOCC1)C12CC1C(c1cccc(C=Cc3ccccn3)c1)N=CS2,495.555,3.4542,104.6,,,,,,T10_AUD_00100,https://pmc.ncbi.nlm.nih.gov/articles/PMC12587445/,author-curated candidate; not Tier A direct assay truth,,VZHFJCNPAIRJSA-MYMUPAQMSA-N,VZHFJCNPAIRJSA-MYMUPAQMSA-N,C[C@]1(c2cc(/C=C(\F)c3ccc(C#N)cn3)ccc2F)N=C(N)S[C@@]2(C(=O)N3CCOCC3)C[C@H]21,CC1(c2cc(C=C(F)c3ccc(C#N)cn3)ccc2F)N=C(N)SC2(C(=O)N3CCOCC3)CC21,VZHFJCNPAIRJSA-MYMUPAQMSA-N,match,O=C(N1CCOCC1)C12CC1C(c1cccc(C=Cc3ccccn3)c1)N=CS2,CC(C1CCCCC1)C12CCCC(C3CCCC(CCC4CCCCC4)C3)C1C2
CAND::T10_AUD_00101,ABCB1,,1,1,candidate_supervised,B_author_curated_no_row_primary_assay,ChEMBL,Daood author-curated ChEMBL records,1.0,GWAJYOYPXYSDHT-IOWSJCHKSA-N,GWAJYOYPXYSDHT-IOWSJCHKSA-N,C[C@@]1(c2cc(F)cc(F)c2)CNC2(CCCC2)C(=O)N1CC(=O)Nc1ccc2c(c1)C[C@@]1(C2)C(=O)Nc2ncccc21,,O=C(CN1C(=O)C2(CCCC2)NCC1c1ccccc1)Nc1ccc2c(c1)CC1(C2)C(=O)Nc2ncccc21,571.628,3.947,103.43,,,,,,T10_AUD_00101,https://pmc.ncbi.nlm.nih.gov/articles/PMC12587445/,author-curated candidate; not Tier A direct assay truth,,GWAJYOYPXYSDHT-IOWSJCHKSA-N,GWAJYOYPXYSDHT-IOWSJCHKSA-N,C[C@@]1(c2cc(F)cc(F)c2)CNC2(CCCC2)C(=O)N1CC(=O)Nc1ccc2c(c1)C[C@@]1(C2)C(=O)Nc2ncccc21,CC1(c2cc(F)cc(F)c2)CNC2(CCCC2)C(=O)N1CC(=O)Nc1ccc2c(c1)CC1(C2)C(=O)Nc2ncccc21,GWAJYOYPXYSDHT-IOWSJCHKSA-N,match,O=C(CN1C(=O)C2(CCCC2)NCC1c1ccccc1)Nc1ccc2c(c1)CC1(C2)C(=O)Nc2ncccc21,CC(CC1CCC2CC3(CC2C1)C(C)CC1CCCCC13)CC1C(C2CCCCC2)CCC2(CCCC2)C1C
CAND::T10_AUD_00102,ABCB1,,1,1,candidate_supervised,B_author_curated_no_row_primary_assay,ChEMBL,Daood author-curated ChEMBL records,1.0,VQQCZKHAAIELQX-FQEVSTJZSA-N,VQQCZKHAAIELQX-FQEVSTJZSA-N,C[C@@]1(c2cc(NC(=O)c3ccc(C#N)cc3)ccc2F)C=C(CF)OC(=N)N1,,N=C1NC(c2cccc(NC(=O)c3ccccc3)c2)C=CO1,382.37,3.5729,98.0,,,,,,T10_AUD_00102,https://pmc.ncbi.nlm.nih.gov/articles/PMC12587445/,author-curated candidate; not Tier A direct assay truth,,VQQCZKHAAIELQX-FQEVSTJZSA-N,VQQCZKHAAIELQX-FQEVSTJZSA-N,C[C@@]1(c2cc(NC(=O)c3ccc(C#N)cc3)ccc2F)C=C(CF)OC(=N)N1,CC1(c2cc(NC(=O)c3ccc(C#N)cc3)ccc2F)C=C(CF)OC(=N)N1,VQQCZKHAAIELQX-FQEVSTJZSA-N,match,N=C1NC(c2cccc(NC(=O)c3ccccc3)c2)C=CO1,CC1CCCC(C2CCCC(CC(C)C3CCCCC3)C2)C1
CAND::T10_AUD_00103,ABCB1,,1,1,candidate_supervised,B_author_curated_no_row_primary_assay,ChEMBL,Daood author-curated ChEMBL records,1.0,ZTXUJRWOHXVUAT-SFHVURJKSA-N,ZTXUJRWOHXVUAT-SFHVURJKSA-N,C[C@@]1(c2cc(NC(=O)c3ccc(C#N)cn3)ccc2F)CCOC(=N)N1,,N=C1NC(c2cccc(NC(=O)c3ccccn3)c2)CCO1,353.357,2.5046,110.89,,,,,,T10_AUD_00103,https://pmc.ncbi.nlm.nih.gov/articles/PMC12587445/,author-curated candidate; not Tier A direct assay truth,,ZTXUJRWOHXVUAT-SFHVURJKSA-N,ZTXUJRWOHXVUAT-SFHVURJKSA-N,C[C@@]1(c2cc(NC(=O)c3ccc(C#N)cn3)ccc2F)CCOC(=N)N1,CC1(c2cc(NC(=O)c3ccc(C#N)cn3)ccc2F)CCOC(=N)N1,ZTXUJRWOHXVUAT-SFHVURJKSA-N,match,N=C1NC(c2cccc(NC(=O)c3ccccn3)c2)CCO1,CC1CCCC(C2CCCC(CC(C)C3CCCCC3)C2)C1
CAND::T10_AUD_00104,ABCB1,,1,1,candidate_supervised,B_author_curated_no_row_primary_assay,ChEMBL,Daood author-curated ChEMBL records,1.0,MKQFGRIUTNJQSW-SFHVURJKSA-N,MKQFGRIUTNJQSW-SFHVURJKSA-N,C[C@@]1(c2cc(NC(=O)c3ccc(C#N)cn3)ccc2F)CCSC(=N)N1,,N=C1NC(c2cccc(NC(=O)c3ccccn3)c2)CCS1,369.425,3.2212,101.66,,,,,,T10_AUD_00104,https://pmc.ncbi.nlm.nih.gov/articles/PMC12587445/,author-curated candidate; not Tier A direct assay truth,,MKQFGRIUTNJQSW-SFHVURJKSA-N,MKQFGRIUTNJQSW-SFHVURJKSA-N,C[C@@]1(c2cc(NC(=O)c3ccc(C#N)cn3)ccc2F)CCSC(=N)N1,CC1(c2cc(NC(=O)c3ccc(C#N)cn3)ccc2F)CCSC(=N)N1,MKQFGRIUTNJQSW-SFHVURJKSA-N,match,N=C1NC(c2cccc(NC(=O)c3ccccn3)c2)CCS1,CC1CCCC(C2CCCC(CC(C)C3CCCCC3)C2)C1
CAND::T10_AUD_00105,ABCB1,,1,1,candidate_supervised,B_author_curated_no_row_primary_assay,ChEMBL,Daood author-curated ChEMBL records,1.0,CHSCSEXKGPIJCF-UHFFFAOYSA-N,CHSCSEXKGPIJCF-UHFFFAOYSA-N,CC1(c2cc(NC(=O)c3ccc(C#N)cn3)ccc2F)Cc2c(F)cncc2C(=N)N1,,N=C1NC(c2cccc(NC(=O)c3ccccn3)c2)Cc2ccncc21,418.407,3.2653,114.55,,,,,,T10_AUD_00105,https://pmc.ncbi.nlm.nih.gov/articles/PMC12587445/,author-curated candidate; not Tier A direct assay truth,,CHSCSEXKGPIJCF-UHFFFAOYSA-N,CHSCSEXKGPIJCF-UHFFFAOYSA-N,CC1(c2cc(NC(=O)c3ccc(C#N)cn3)ccc2F)Cc2c(F)cncc2C(=N)N1,CC1(c2cc(NC(=O)c3ccc(C#N)cn3)ccc2F)Cc2c(F)cncc2C(=N)N1,CHSCSEXKGPIJCF-UHFFFAOYSA-N,match,N=C1NC(c2cccc(NC(=O)c3ccccn3)c2)Cc2ccncc21,CC(CC1CCCC(C2CC(C)C3CCCCC3C2)C1)C1CCCCC1
CAND::T10_AUD_00106,ABCB1,,1,1,candidate_supervised,B_author_curated_no_row_primary_assay,ChEMBL,Daood author-curated ChEMBL records,1.0,RLVDCTMTAOERIM-QFIPXVFZSA-N,RLVDCTMTAOERIM-QFIPXVFZSA-N,C[C@@]1(c2cc(NC(=O)c3ccc(C#N)cn3)ccc2F)Cc2c(ccnc2F)C(=N)N1,,N=C1NC(c2cccc(NC(=O)c3ccccn3)c2)Cc2cnccc21,418.407,3.2653,114.55,,,,,,T10_AUD_00106,https://pmc.ncbi.nlm.nih.gov/articles/PMC12587445/,author-curated candidate; not Tier A direct assay truth,,RLVDCTMTAOERIM-QFIPXVFZSA-N,RLVDCTMTAOERIM-QFIPXVFZSA-N,C[C@@]1(c2cc(NC(=O)c3ccc(C#N)cn3)ccc2F)Cc2c(ccnc2F)C(=N)N1,CC1(c2cc(NC(=O)c3ccc(C#N)cn3)ccc2F)Cc2c(ccnc2F)C(=N)N1,RLVDCTMTAOERIM-QFIPXVFZSA-N,match,N=C1NC(c2cccc(NC(=O)c3ccccn3)c2)Cc2cnccc21,CC(CC1CCCC(C2CC(C)C3CCCCC3C2)C1)C1CCCCC1
CAND::T10_AUD_00107,ABCB1,,1,1,candidate_supervised,B_author_curated_no_row_primary_assay,ChEMBL,Daood author-curated ChEMBL records,1.0,JOHPZDTZXLXEQE-UHFFFAOYSA-N,JOHPZDTZXLXEQE-UHFFFAOYSA-N,CC1(c2cc(NC(=O)c3ccc(C#N)cn3)ccc2F)Cc2cnccc2C(=N)N1,,N=C1NC(c2cccc(NC(=O)c3ccccn3)c2)Cc2cnccc21,400.417,3.1262,114.55,,,,,,T10_AUD_00107,https://pmc.ncbi.nlm.nih.gov/articles/PMC12587445/,author-curated candidate; not Tier A direct assay truth,,JOHPZDTZXLXEQE-UHFFFAOYSA-N,JOHPZDTZXLXEQE-UHFFFAOYSA-N,CC1(c2cc(NC(=O)c3ccc(C#N)cn3)ccc2F)Cc2cnccc2C(=N)N1,CC1(c2cc(NC(=O)c3ccc(C#N)cn3)ccc2F)Cc2cnccc2C(=N)N1,JOHPZDTZXLXEQE-UHFFFAOYSA-N,match,N=C1NC(c2cccc(NC(=O)c3ccccn3)c2)Cc2cnccc21,CC(CC1CCCC(C2CC(C)C3CCCCC3C2)C1)C1CCCCC1
CAND::T10_AUD_00108,ABCB1,,0,0,candidate_supervised,B_author_curated_no_row_primary_assay,ChEMBL,Daood author-curated ChEMBL records,1.0,SNMHOUWVJNSJDG-YJBOKZPZSA-N,SNMHOUWVJNSJDG-YJBOKZPZSA-N,C[C@@]1(c2cc(NC(=O)c3ccc(OCF)cn3)ccc2F)C[C@@H](C(F)(F)F)SC(=N)N1,,N=C1NC(c2cccc(NC(=O)c3ccccn3)c2)CCS1,460.428,4.5862,87.1,,,,,,T10_AUD_00108,https://pmc.ncbi.nlm.nih.gov/articles/PMC12587445/,author-curated candidate; not Tier A direct assay truth,,SNMHOUWVJNSJDG-YJBOKZPZSA-N,SNMHOUWVJNSJDG-YJBOKZPZSA-N,C[C@@]1(c2cc(NC(=O)c3ccc(OCF)cn3)ccc2F)C[C@@H](C(F)(F)F)SC(=N)N1,CC1(c2cc(NC(=O)c3ccc(OCF)cn3)ccc2F)CC(C(F)(F)F)SC(=N)N1,SNMHOUWVJNSJDG-YJBOKZPZSA-N,match,N=C1NC(c2cccc(NC(=O)c3ccccn3)c2)CCS1,CC1CCCC(C2CCCC(CC(C)C3CCCCC3)C2)C1
CAND::T10_AUD_00109,ABCB1,,1,1,candidate_supervised,B_author_curated_no_row_primary_assay,ChEMBL,Daood author-curated ChEMBL records,1.0,WFVMDJXIYGUERD-HXUWFJFHSA-N,WFVMDJXIYGUERD-HXUWFJFHSA-N,C[C@]1(c2cc(NC(=O)c3cnc(OCF)cn3)ccc2F)N=C(N)SCC12CCOCC2,,O=C(Nc1cccc(C2N=CSCC23CCOCC3)c1)c1cnccn1,463.51,3.2473,111.72,,,,,,T10_AUD_00109,https://pmc.ncbi.nlm.nih.gov/articles/PMC12587445/,author-curated candidate; not Tier A direct assay truth,,WFVMDJXIYGUERD-HXUWFJFHSA-N,WFVMDJXIYGUERD-HXUWFJFHSA-N,C[C@]1(c2cc(NC(=O)c3cnc(OCF)cn3)ccc2F)N=C(N)SCC12CCOCC2,CC1(c2cc(NC(=O)c3cnc(OCF)cn3)ccc2F)N=C(N)SCC12CCOCC2,WFVMDJXIYGUERD-HXUWFJFHSA-N,match,O=C(Nc1cccc(C2N=CSCC23CCOCC3)c1)c1cnccn1,CC(CC1CCCC(C2CCCCC23CCCCC3)C1)C1CCCCC1
CAND::T10_AUD_00110,ABCB1,,1,1,candidate_supervised,B_author_curated_no_row_primary_assay,ChEMBL,Daood author-curated ChEMBL records,1.0,DZTJZUAOGBUBNK-HXUWFJFHSA-N,DZTJZUAOGBUBNK-HXUWFJFHSA-N,C[C@]1(c2cc(NC(=O)c3cnc(OCF)cn3)ccc2F)N=C(N)SCC12CCS(=O)(=O)CC2,,O=C(Nc1cccc(C2N=CSCC23CCS(=O)(=O)CC3)c1)c1cnccn1,511.576,2.6455,136.63,,,,,,T10_AUD_00110,https://pmc.ncbi.nlm.nih.gov/articles/PMC12587445/,author-curated candidate; not Tier A direct assay truth,,DZTJZUAOGBUBNK-HXUWFJFHSA-N,DZTJZUAOGBUBNK-HXUWFJFHSA-N,C[C@]1(c2cc(NC(=O)c3cnc(OCF)cn3)ccc2F)N=C(N)SCC12CCS(=O)(=O)CC2,CC1(c2cc(NC(=O)c3cnc(OCF)cn3)ccc2F)N=C(N)SCC12CCS(=O)(=O)CC2,DZTJZUAOGBUBNK-HXUWFJFHSA-N,match,O=C(Nc1cccc(C2N=CSCC23CCS(=O)(=O)CC3)c1)c1cnccn1,CC(CC1CCCC(C2CCCCC23CCC(C)(C)CC3)C1)C1CCCCC1
CAND::T10_AUD_00111,ABCB1,,1,1,candidate_supervised,B_author_curated_no_row_primary_assay,ChEMBL,Daood author-curated ChEMBL records,1.0,IVXNPNJKLCMFDG-IBGZPJMESA-N,IVXNPNJKLCMFDG-IBGZPJMESA-N,C[C@@]1(c2cc(NC(=O)c3ncc(C#N)cc3Cl)ccc2F)C=C(CF)OC(=N)N1,,N=C1NC(c2cccc(NC(=O)c3ccccn3)c2)C=CO1,417.803,3.6213,110.89,,,,,,T10_AUD_00111,https://pmc.ncbi.nlm.nih.gov/articles/PMC12587445/,author-curated candidate; not Tier A direct assay truth,,IVXNPNJKLCMFDG-IBGZPJMESA-N,IVXNPNJKLCMFDG-IBGZPJMESA-N,C[C@@]1(c2cc(NC(=O)c3ncc(C#N)cc3Cl)ccc2F)C=C(CF)OC(=N)N1,CC1(c2cc(NC(=O)c3ncc(C#N)cc3Cl)ccc2F)C=C(CF)OC(=N)N1,IVXNPNJKLCMFDG-IBGZPJMESA-N,match,N=C1NC(c2cccc(NC(=O)c3ccccn3)c2)C=CO1,CC1CCCC(C2CCCC(CC(C)C3CCCCC3)C2)C1
CAND::T10_AUD_00112,ABCB1,,1,1,candidate_supervised,B_author_curated_no_row_primary_assay,ChEMBL,Daood author-curated ChEMBL records,1.0,IFZDIAKAFRXVOQ-SFHVURJKSA-N,IFZDIAKAFRXVOQ-SFHVURJKSA-N,C[C@@]1(c2cc(NC(=O)c3ncc(C#N)cc3Cl)ccc2F)C=CSC(=N)N1,,N=C1NC(c2cccc(NC(=O)c3ccccn3)c2)C=CS1,401.854,3.9982,101.66,,,,,,T10_AUD_00112,https://pmc.ncbi.nlm.nih.gov/articles/PMC12587445/,author-curated candidate; not Tier A direct assay truth,,IFZDIAKAFRXVOQ-SFHVURJKSA-N,IFZDIAKAFRXVOQ-SFHVURJKSA-N,C[C@@]1(c2cc(NC(=O)c3ncc(C#N)cc3Cl)ccc2F)C=CSC(=N)N1,CC1(c2cc(NC(=O)c3ncc(C#N)cc3Cl)ccc2F)C=CSC(=N)N1,IFZDIAKAFRXVOQ-SFHVURJKSA-N,match,N=C1NC(c2cccc(NC(=O)c3ccccn3)c2)C=CS1,CC1CCCC(C2CCCC(CC(C)C3CCCCC3)C2)C1
CAND::T10_AUD_00113,ABCB1,,1,1,candidate_supervised,B_author_curated_no_row_primary_assay,ChEMBL,Daood author-curated ChEMBL records,1.0,SCHHRYPJQJNPPY-IBGZPJMESA-N,SCHHRYPJQJNPPY-IBGZPJMESA-N,C[C@@]1(c2cc(NC(=O)c3ncc(C#N)cc3F)ccc2F)C=C(CF)OC(=N)N1,,N=C1NC(c2cccc(NC(=O)c3ccccn3)c2)C=CO1,401.348,3.107,110.89,,,,,,T10_AUD_00113,https://pmc.ncbi.nlm.nih.gov/articles/PMC12587445/,author-curated candidate; not Tier A direct assay truth,,SCHHRYPJQJNPPY-IBGZPJMESA-N,SCHHRYPJQJNPPY-IBGZPJMESA-N,C[C@@]1(c2cc(NC(=O)c3ncc(C#N)cc3F)ccc2F)C=C(CF)OC(=N)N1,CC1(c2cc(NC(=O)c3ncc(C#N)cc3F)ccc2F)C=C(CF)OC(=N)N1,SCHHRYPJQJNPPY-IBGZPJMESA-N,match,N=C1NC(c2cccc(NC(=O)c3ccccn3)c2)C=CO1,CC1CCCC(C2CCCC(CC(C)C3CCCCC3)C2)C1
CAND::T10_AUD_00114,ABCB1,PREDNISONE,1,1,candidate_supervised,B_author_curated_no_row_primary_assay,ChEMBL,Daood author-curated ChEMBL records,1.0,XOFYZVNMUHMLCC-VLNSYWPESA-N,XOFYZVNMUHMLCC-VLNSYWPESA-N,C[C@]12C=CC(=O)C=C1CC[C@@H]1C2C(=O)C[C@@]2(C)[C@H]1CC[C@]2(O)C(=O)CO,,O=C1C=CC2C(=C1)CCC1C3CCCC3CC(=O)C21,358.434,1.7658,91.67,,,,,,T10_AUD_00114,https://pmc.ncbi.nlm.nih.gov/articles/PMC12587445/,author-curated candidate; not Tier A direct assay truth,PREDNISONE,XOFYZVNMUHMLCC-VLNSYWPESA-N,XOFYZVNMUHMLCC-VLNSYWPESA-N,C[C@]12C=CC(=O)C=C1CC[C@@H]1C2C(=O)C[C@@]2(C)[C@H]1CC[C@]2(O)C(=O)CO,CC12C=CC(=O)C=C1CCC1C2C(=O)CC2(C)C1CCC2(O)C(=O)CO,XOFYZVNMUHMLCC-VLNSYWPESA-N,match,O=C1C=CC2C(=C1)CCC1C3CCCC3CC(=O)C21,CC1CCC2C(CCC3C4CCCC4CC(C)C23)C1
CAND::T10_AUD_00115,ABCB1,PREDNISOLONE,1,1,candidate_supervised,B_author_curated_no_row_primary_assay,ChEMBL,Daood author-curated ChEMBL records,1.0,OIGNJSKKLXVSLS-VWUMJDOOSA-N,OIGNJSKKLXVSLS-VWUMJDOOSA-N,C[C@]12C=CC(=O)C=C1CC[C@@H]1[C@@H]2[C@@H](O)C[C@@]2(C)[C@H]1CC[C@]2(O)C(=O)CO,,O=C1C=CC2C(=C1)CCC1C3CCCC3CCC21,360.45,1.5576,94.83,,,,,,T10_AUD_00115,https://pmc.ncbi.nlm.nih.gov/articles/PMC12587445/,author-curated candidate; not Tier A direct assay truth,PREDNISOLONE,OIGNJSKKLXVSLS-VWUMJDOOSA-N,OIGNJSKKLXVSLS-VWUMJDOOSA-N,C[C@]12C=CC(=O)C=C1CC[C@@H]1[C@@H]2[C@@H](O)C[C@@]2(C)[C@H]1CC[C@]2(O)C(=O)CO,CC12C=CC(=O)C=C1CCC1C2C(O)CC2(C)C1CCC2(O)C(=O)CO,OIGNJSKKLXVSLS-VWUMJDOOSA-N,match,O=C1C=CC2C(=C1)CCC1C3CCCC3CCC21,CC1CCC2C(CCC3C4CCCC4CCC23)C1
CAND::T10_AUD_00116,ABCB1,,1,1,candidate_supervised,B_author_curated_no_row_primary_assay,ChEMBL,Daood author-curated ChEMBL records,1.0,GNFTWPCIRXSCQF-UJXAPRPESA-N,GNFTWPCIRXSCQF-UJXAPRPESA-N,C[C@]12CCC(=O)C=C1[C@H](O)C[C@@H]1[C@@H]2[C@@H](O)C[C@@]2(C)[C@H]1CC[C@]2(O)C(=O)CO,,O=C1C=C2CCC3C4CCCC4CCC3C2CC1,378.465,0.7524,115.06,,,,,,T10_AUD_00116,https://pmc.ncbi.nlm.nih.gov/articles/PMC12587445/,author-curated candidate; not Tier A direct assay truth,,GNFTWPCIRXSCQF-UJXAPRPESA-N,GNFTWPCIRXSCQF-UJXAPRPESA-N,C[C@]12CCC(=O)C=C1[C@H](O)C[C@@H]1[C@@H]2[C@@H](O)C[C@@]2(C)[C@H]1CC[C@]2(O)C(=O)CO,CC12CCC(=O)C=C1C(O)CC1C2C(O)CC2(C)C1CCC2(O)C(=O)CO,GNFTWPCIRXSCQF-UJXAPRPESA-N,match,O=C1C=C2CCC3C4CCCC4CCC3C2CC1,CC1CCC2C(CCC3C4CCCC4CCC23)C1
CAND::T10_AUD_00117,ABCB1,CORTISONE,1,1,candidate_supervised,B_author_curated_no_row_primary_assay,ChEMBL,Daood author-curated ChEMBL records,1.0,MFYSYFVPBJMHGN-VLNSYWPESA-N,MFYSYFVPBJMHGN-VLNSYWPESA-N,C[C@]12CCC(=O)C=C1CC[C@@H]1C2C(=O)C[C@@]2(C)[C@H]1CC[C@]2(O)C(=O)CO,,O=C1C=C2CCC3C4CCCC4CC(=O)C3C2CC1,360.45,1.9898,91.67,,,,,,T10_AUD_00117,https://pmc.ncbi.nlm.nih.gov/articles/PMC12587445/,author-curated candidate; not Tier A direct assay truth,CORTISONE,MFYSYFVPBJMHGN-VLNSYWPESA-N,MFYSYFVPBJMHGN-VLNSYWPESA-N,C[C@]12CCC(=O)C=C1CC[C@@H]1C2C(=O)C[C@@]2(C)[C@H]1CC[C@]2(O)C(=O)CO,CC12CCC(=O)C=C1CCC1C2C(=O)CC2(C)C1CCC2(O)C(=O)CO,MFYSYFVPBJMHGN-VLNSYWPESA-N,match,O=C1C=C2CCC3C4CCCC4CC(=O)C3C2CC1,CC1CCC2C(CCC3C4CCCC4CC(C)C23)C1
CAND::T10_AUD_00118,ABCB1,HYDROCORTISONE,1,1,candidate_supervised,B_author_curated_no_row_primary_assay,ChEMBL,Daood author-curated ChEMBL records,1.0,JYGXADMDTFJGBT-VWUMJDOOSA-N,JYGXADMDTFJGBT-VWUMJDOOSA-N,C[C@]12CCC(=O)C=C1CC[C@@H]1[C@@H]2[C@@H](O)C[C@@]2(C)[C@H]1CC[C@]2(O)C(=O)CO,,O=C1C=C2CCC3C4CCCC4CCC3C2CC1,362.466,1.7816,94.83,,,,,,T10_AUD_00118,https://pmc.ncbi.nlm.nih.gov/articles/PMC12587445/,author-curated candidate; not Tier A direct assay truth,HYDROCORTISONE,JYGXADMDTFJGBT-VWUMJDOOSA-N,JYGXADMDTFJGBT-VWUMJDOOSA-N,C[C@]12CCC(=O)C=C1CC[C@@H]1[C@@H]2[C@@H](O)C[C@@]2(C)[C@H]1CC[C@]2(O)C(=O)CO,CC12CCC(=O)C=C1CCC1C2C(O)CC2(C)C1CCC2(O)C(=O)CO,JYGXADMDTFJGBT-VWUMJDOOSA-N,match,O=C1C=C2CCC3C4CCCC4CCC3C2CC1,CC1CCC2C(CCC3C4CCCC4CCC23)C1
CAND::T10_AUD_00119,ABCB1,ALDOSTERONE,1,1,candidate_supervised,B_author_curated_no_row_primary_assay,ChEMBL,Daood author-curated ChEMBL records,1.0,PQSUYGKTWSAVDQ-LNXQYSHSSA-N,PQSUYGKTWSAVDQ-LNXQYSHSSA-N,C[C@]12CCC(=O)C=C1CC[C@@H]1[C@@H]2[C@@H](O)C[C@]2(C=O)C(C(=O)CO)CC[C@@H]12,,O=C1C=C2CCC3C4CCCC4CCC3C2CC1,360.45,1.8457,91.67,,,,,,T10_AUD_00119,https://pmc.ncbi.nlm.nih.gov/articles/PMC12587445/,author-curated candidate; not Tier A direct assay truth,ALDOSTERONE,PQSUYGKTWSAVDQ-LNXQYSHSSA-N,PQSUYGKTWSAVDQ-LNXQYSHSSA-N,C[C@]12CCC(=O)C=C1CC[C@@H]1[C@@H]2[C@@H](O)C[C@]2(C=O)C(C(=O)CO)CC[C@@H]12,CC12CCC(=O)C=C1CCC1C2C(O)CC2(C=O)C(C(=O)CO)CCC12,PQSUYGKTWSAVDQ-LNXQYSHSSA-N,match,O=C1C=C2CCC3C4CCCC4CCC3C2CC1,CC1CCC2C(CCC3C4CCCC4CCC23)C1
CAND::T10_AUD_00120,ABCB1,CORTODOXONE,0,0,candidate_supervised,B_author_curated_no_row_primary_assay,ChEMBL,Daood author-curated ChEMBL records,1.0,WHBHBVVOGNECLV-OBQKJFGGSA-N,WHBHBVVOGNECLV-OBQKJFGGSA-N,C[C@]12CCC(=O)C=C1CC[C@@H]1[C@@H]2CC[C@@]2(C)[C@H]1CC[C@]2(O)C(=O)CO,,O=C1C=C2CCC3C4CCCC4CCC3C2CC1,346.467,2.8108,74.6,,,,,,T10_AUD_00120,https://pmc.ncbi.nlm.nih.gov/articles/PMC12587445/,author-curated candidate; not Tier A direct assay truth,CORTODOXONE,WHBHBVVOGNECLV-OBQKJFGGSA-N,WHBHBVVOGNECLV-OBQKJFGGSA-N,C[C@]12CCC(=O)C=C1CC[C@@H]1[C@@H]2CC[C@@]2(C)[C@H]1CC[C@]2(O)C(=O)CO,CC12CCC(=O)C=C1CCC1C2CCC2(C)C1CCC2(O)C(=O)CO,WHBHBVVOGNECLV-OBQKJFGGSA-N,match,O=C1C=C2CCC3C4CCCC4CCC3C2CC1,CC1CCC2C(CCC3C4CCCC4CCC23)C1
CAND::T10_AUD_00121,ABCB1,TESTOSTERONE,0,0,candidate_supervised,B_author_curated_no_row_primary_assay,ChEMBL,Daood author-curated ChEMBL records,1.0,SEDRVEWTPRTLOZ-DYKIIFRCSA-N,SEDRVEWTPRTLOZ-DYKIIFRCSA-N,C[C@]12CC[C@H]3[C@@H](CC=C4CC(=O)CC[C@@]43C)[C@@H]1CC[C@@H]2O,,O=C1CCC2C(=CCC3C4CCCC4CCC23)C1,288.431,3.8792,37.3,,,,,,T10_AUD_00121,https://pmc.ncbi.nlm.nih.gov/articles/PMC12587445/,author-curated candidate; not Tier A direct assay truth,TESTOSTERONE,SEDRVEWTPRTLOZ-DYKIIFRCSA-N,SEDRVEWTPRTLOZ-DYKIIFRCSA-N,C[C@]12CC[C@H]3[C@@H](CC=C4CC(=O)CC[C@@]43C)[C@@H]1CC[C@@H]2O,CC12CCC(=O)CC1=CCC1C2CCC2(C)C(O)CCC12,SEDRVEWTPRTLOZ-DYKIIFRCSA-N,match,O=C1CCC2C(=CCC3C4CCCC4CCC23)C1,CC1CCC2C(CCC3C4CCCC4CCC23)C1
CAND::T10_AUD_00123,ABCB1,STANOLONE,1,1,candidate_supervised,B_author_curated_no_row_primary_assay,ChEMBL,Daood author-curated ChEMBL records,1.0,NVKAWKQGWWIWPM-ABEVXSGRSA-N,NVKAWKQGWWIWPM-ABEVXSGRSA-N,C[C@]12CCC(=O)C[C@@H]1CC[C@@H]1[C@@H]2CC[C@]2(C)[C@@H](O)CC[C@@H]12,,O=C1CCC2C(CCC3C4CCCC4CCC23)C1,290.447,3.9591,37.3,,,,,,T10_AUD_00123,https://pmc.ncbi.nlm.nih.gov/articles/PMC12587445/,author-curated candidate; not Tier A direct assay truth,STANOLONE,NVKAWKQGWWIWPM-ABEVXSGRSA-N,NVKAWKQGWWIWPM-ABEVXSGRSA-N,C[C@]12CCC(=O)C[C@@H]1CC[C@@H]1[C@@H]2CC[C@]2(C)[C@@H](O)CC[C@@H]12,CC12CCC3C(CCC4CC(=O)CCC43C)C1CCC2O,NVKAWKQGWWIWPM-ABEVXSGRSA-N,match,O=C1CCC2C(CCC3C4CCCC4CCC23)C1,CC1CCC2C(CCC3C4CCCC4CCC23)C1
CAND::T10_AUD_00124,ABCB1,ESTRIOL,1,1,candidate_supervised,B_author_curated_no_row_primary_assay,ChEMBL,Daood author-curated ChEMBL records,1.0,PROQIPRRNZUXQM-ZXXIGWHRSA-N,PROQIPRRNZUXQM-ZXXIGWHRSA-N,C[C@]12CC[C@@H]3c4ccc(O)cc4CC[C@H]3[C@@H]1C[C@@H](O)[C@@H]2O,,c1ccc2c(c1)CCC1C2CCC2CCCC21,288.387,2.58,60.69,,,,,,T10_AUD_00124,https://pmc.ncbi.nlm.nih.gov/articles/PMC12587445/,author-curated candidate; not Tier A direct assay truth,ESTRIOL,PROQIPRRNZUXQM-ZXXIGWHRSA-N,PROQIPRRNZUXQM-ZXXIGWHRSA-N,C[C@]12CC[C@@H]3c4ccc(O)cc4CC[C@H]3[C@@H]1C[C@@H](O)[C@@H]2O,CC12CCC3c4ccc(O)cc4CCC3C1CC(O)C2O,PROQIPRRNZUXQM-ZXXIGWHRSA-N,match,c1ccc2c(c1)CCC1C2CCC2CCCC21,C1CCC2C(C1)CCC1C3CCCC3CCC21
CAND::T10_AUD_00125,ABCB1,ESTRONE,1,1,candidate_supervised,B_author_curated_no_row_primary_assay,ChEMBL,Daood author-curated ChEMBL records,1.0,DNXHEGUUPJUMQT-CBZIJGRNSA-N,DNXHEGUUPJUMQT-CBZIJGRNSA-N,C[C@]12CC[C@@H]3c4ccc(O)cc4CC[C@H]3[C@@H]1CCC2=O,,O=C1CCC2C1CCC1c3ccccc3CCC12,270.372,3.8174,37.3,,,,,,T10_AUD_00125,https://pmc.ncbi.nlm.nih.gov/articles/PMC12587445/,author-curated candidate; not Tier A direct assay truth,ESTRONE,DNXHEGUUPJUMQT-CBZIJGRNSA-N,DNXHEGUUPJUMQT-CBZIJGRNSA-N,C[C@]12CC[C@@H]3c4ccc(O)cc4CC[C@H]3[C@@H]1CCC2=O,CC12CCC3c4ccc(O)cc4CCC3C1CCC2=O,DNXHEGUUPJUMQT-CBZIJGRNSA-N,match,O=C1CCC2C1CCC1c3ccccc3CCC12,CC1CCC2C1CCC1C3CCCCC3CCC21
CAND::T10_AUD_00127,ABCB1,METHYLPREDNISOLONE,1,1,candidate_supervised,B_author_curated_no_row_primary_assay,ChEMBL,Daood author-curated ChEMBL records,1.0,ZABDAGALHQDSEU-SJLJSBKTSA-N,ZABDAGALHQDSEU-SJLJSBKTSA-N,CC1=C2CC(=O)C=C[C@]2(C)[C@@H]2[C@@H](C1)[C@@H]1CC[C@](O)(C(=O)CO)[C@@]1(C)C[C@@H]2O,,O=C1C=CC2C(=CCC3C4CCCC4CCC23)C1,374.477,1.9477,94.83,,,,,,T10_AUD_00127,https://pmc.ncbi.nlm.nih.gov/articles/PMC12587445/,author-curated candidate; not Tier A direct assay truth,METHYLPREDNISOLONE,ZABDAGALHQDSEU-SJLJSBKTSA-N,ZABDAGALHQDSEU-SJLJSBKTSA-N,CC1=C2CC(=O)C=C[C@]2(C)[C@@H]2[C@@H](C1)[C@@H]1CC[C@](O)(C(=O)CO)[C@@]1(C)C[C@@H]2O,CC1=C2CC(=O)C=CC2(C)C2C(O)CC3(C)C(CCC3(O)C(=O)CO)C2C1,ZABDAGALHQDSEU-SJLJSBKTSA-N,match,O=C1C=CC2C(=CCC3C4CCCC4CCC23)C1,CC1CCC2C(CCC3C4CCCC4CCC23)C1
CAND::T10_AUD_00131,ABCB1,,1,1,candidate_supervised,B_author_curated_no_row_primary_assay,ChEMBL,Daood author-curated ChEMBL records,1.0,WABHLXQVOYVYTI-OAHLLOKOSA-N,WABHLXQVOYVYTI-OAHLLOKOSA-N,C[C@@H]1CC(=O)Nc2ncnc(N3CCC(c4nc(C(F)(F)F)cn4CCN4CCCC4)CC3)c21,,O=C1CCc2c(ncnc2N2CCC(c3nccn3CCN3CCCC3)CC2)N1,477.535,3.6174,79.18,,,,,,T10_AUD_00131,https://pmc.ncbi.nlm.nih.gov/articles/PMC12587445/,author-curated candidate; not Tier A direct assay truth,,WABHLXQVOYVYTI-OAHLLOKOSA-N,WABHLXQVOYVYTI-OAHLLOKOSA-N,C[C@@H]1CC(=O)Nc2ncnc(N3CCC(c4nc(C(F)(F)F)cn4CCN4CCCC4)CC3)c21,CC1CC(=O)Nc2ncnc(N3CCC(c4nc(C(F)(F)F)cn4CCN4CCCC4)CC3)c21,WABHLXQVOYVYTI-OAHLLOKOSA-N,match,O=C1CCc2c(ncnc2N2CCC(c3nccn3CCN3CCCC3)CC2)N1,CC1CCC2C(CCCC2C2CCC(C3CCCC3CCC3CCCC3)CC2)C1
CAND::T10_AUD_00132,ABCB1,,1,1,candidate_supervised,B_author_curated_no_row_primary_assay,ChEMBL,Daood author-curated ChEMBL records,1.0,UFJUPXKMZSBZPZ-LJQANCHMSA-N,UFJUPXKMZSBZPZ-LJQANCHMSA-N,C[C@@H]1CC(=O)Nc2ncnc(N3CCC(c4nc(C5CCOCC5)cn4CCN4CCCC4)CC3)c21,,O=C1CCc2c(ncnc2N2CCC(c3nc(C4CCOCC4)cn3CCN3CCCC3)CC2)N1,493.656,3.4926,88.41,,,,,,T10_AUD_00132,https://pmc.ncbi.nlm.nih.gov/articles/PMC12587445/,author-curated candidate; not Tier A direct assay truth,,UFJUPXKMZSBZPZ-LJQANCHMSA-N,UFJUPXKMZSBZPZ-LJQANCHMSA-N,C[C@@H]1CC(=O)Nc2ncnc(N3CCC(c4nc(C5CCOCC5)cn4CCN4CCCC4)CC3)c21,CC1CC(=O)Nc2ncnc(N3CCC(c4nc(C5CCOCC5)cn4CCN4CCCC4)CC3)c21,UFJUPXKMZSBZPZ-LJQANCHMSA-N,match,O=C1CCc2c(ncnc2N2CCC(c3nc(C4CCOCC4)cn3CCN3CCCC3)CC2)N1,CC1CCC2C(CCCC2C2CCC(C3CC(C4CCCCC4)CC3CCC3CCCC3)CC2)C1
CAND::T10_AUD_00133,ABCB1,,1,1,candidate_supervised,B_author_curated_no_row_primary_assay,ChEMBL,Daood author-curated ChEMBL records,1.0,QRULDXBXPXGMQS-QGZVFWFLSA-N,QRULDXBXPXGMQS-QGZVFWFLSA-N,C[C@@H]1CC(=O)Nc2ncnc(N3CCC(c4nc(CCC(F)(F)F)cn4CCN4CCCC4)CC3)c21,,O=C1CCc2c(ncnc2N2CCC(c3nccn3CCN3CCCC3)CC2)N1,505.589,4.0935,79.18,,,,,,T10_AUD_00133,https://pmc.ncbi.nlm.nih.gov/articles/PMC12587445/,author-curated candidate; not Tier A direct assay truth,,QRULDXBXPXGMQS-QGZVFWFLSA-N,QRULDXBXPXGMQS-QGZVFWFLSA-N,C[C@@H]1CC(=O)Nc2ncnc(N3CCC(c4nc(CCC(F)(F)F)cn4CCN4CCCC4)CC3)c21,CC1CC(=O)Nc2ncnc(N3CCC(c4nc(CCC(F)(F)F)cn4CCN4CCCC4)CC3)c21,QRULDXBXPXGMQS-QGZVFWFLSA-N,match,O=C1CCc2c(ncnc2N2CCC(c3nccn3CCN3CCCC3)CC2)N1,CC1CCC2C(CCCC2C2CCC(C3CCCC3CCC3CCCC3)CC2)C1
CAND::T10_AUD_00134,ABCB1,,1,1,candidate_supervised,B_author_curated_no_row_primary_assay,ChEMBL,Daood author-curated ChEMBL records,1.0,UKXLLHCQBVONES-OVJWNIHSSA-N,UKXLLHCQBVONES-OVJWNIHSSA-N,C[C@@H]1C[C@H]1CNC(=O)C1C[C@H]1[C@]12CN(c3ncccn3)C[C@H]1CSC(=N)N2,,N=C1NC2(C3CC3C(=O)NCC3CC3)CN(c3ncccn3)CC2CS1,386.525,1.3311,94.0,,,,,,T10_AUD_00134,https://pmc.ncbi.nlm.nih.gov/articles/PMC12587445/,author-curated candidate; not Tier A direct assay truth,,UKXLLHCQBVONES-OVJWNIHSSA-N,UKXLLHCQBVONES-OVJWNIHSSA-N,C[C@@H]1C[C@H]1CNC(=O)C1C[C@H]1[C@]12CN(c3ncccn3)C[C@H]1CSC(=N)N2,CC1CC1CNC(=O)C1CC1C12CN(c3ncccn3)CC1CSC(=N)N2,UKXLLHCQBVONES-OVJWNIHSSA-N,match,N=C1NC2(C3CC3C(=O)NCC3CC3)CN(c3ncccn3)CC2CS1,CC1CCC2CC(C3CCCCC3)CC2(C2CC2C(C)CCC2CC2)C1
CAND::T10_AUD_00135,ABCB1,,1,1,candidate_supervised,B_author_curated_no_row_primary_assay,ChEMBL,Daood author-curated ChEMBL records,1.0,FKPBYKKZZCOMKI-NYBWSQIMSA-N,FKPBYKKZZCOMKI-NYBWSQIMSA-N,C[C@@H]1C[C@H]1CNC(=O)C1C[C@H]1[C@]12COC[C@H]1CSC(=N)N2,,N=C1NC2(C3CC3C(=O)NCC3CC3)COCC2CS1,309.435,1.0511,74.21,,,,,,T10_AUD_00135,https://pmc.ncbi.nlm.nih.gov/articles/PMC12587445/,author-curated candidate; not Tier A direct assay truth,,FKPBYKKZZCOMKI-NYBWSQIMSA-N,FKPBYKKZZCOMKI-NYBWSQIMSA-N,C[C@@H]1C[C@H]1CNC(=O)C1C[C@H]1[C@]12COC[C@H]1CSC(=N)N2,CC1CC1CNC(=O)C1CC1C12COCC1CSC(=N)N2,FKPBYKKZZCOMKI-NYBWSQIMSA-N,match,N=C1NC2(C3CC3C(=O)NCC3CC3)COCC2CS1,CC1CCC2CCCC2(C2CC2C(C)CCC2CC2)C1
CAND::T10_AUD_00136,ABCB1,,1,1,candidate_supervised,B_author_curated_no_row_primary_assay,ChEMBL,Daood author-curated ChEMBL records,1.0,BFGQEVKVRRYAQC-IFEDNLKFSA-N,BFGQEVKVRRYAQC-IFEDNLKFSA-N,C[C@@H]1C[C@H]1COC(C)(C)[C@@H]1C[C@H]1[C@]12CN(c3ncccn3)C[C@H]1CSC(=N)N2,,N=C1NC2(C3CC3COCC3CC3)CN(c3ncccn3)CC2CS1,401.58,3.0101,74.13,,,,,,T10_AUD_00136,https://pmc.ncbi.nlm.nih.gov/articles/PMC12587445/,author-curated candidate; not Tier A direct assay truth,,BFGQEVKVRRYAQC-IFEDNLKFSA-N,BFGQEVKVRRYAQC-IFEDNLKFSA-N,C[C@@H]1C[C@H]1COC(C)(C)[C@@H]1C[C@H]1[C@]12CN(c3ncccn3)C[C@H]1CSC(=N)N2,CC1CC1COC(C)(C)C1CC1C12CN(c3ncccn3)CC1CSC(=N)N2,BFGQEVKVRRYAQC-IFEDNLKFSA-N,match,N=C1NC2(C3CC3COCC3CC3)CN(c3ncccn3)CC2CS1,CC1CCC2CC(C3CCCCC3)CC2(C2CC2CCCC2CC2)C1
CAND::T10_AUD_00137,ABCB1,DEXAMETHASONE,1,1,candidate_supervised,B_author_curated_no_row_primary_assay,ChEMBL,Daood author-curated ChEMBL records,1.0,GJFCONYVAUNLKB-CXSFZGCWSA-N,GJFCONYVAUNLKB-CXSFZGCWSA-N,C[C@@H]1C[C@H]2[C@@H]3CC=C4CC(=O)C=C[C@]4(C)[C@@]3(F)[C@@H](O)C[C@]2(C)[C@@]1(O)C(=O)CO,,O=C1C=CC2C(=CCC3C4CCCC4CCC23)C1,392.467,1.8957,94.83,,,,,,T10_AUD_00137,https://pmc.ncbi.nlm.nih.gov/articles/PMC12587445/,author-curated candidate; not Tier A direct assay truth,DEXAMETHASONE,GJFCONYVAUNLKB-CXSFZGCWSA-N,GJFCONYVAUNLKB-CXSFZGCWSA-N,C[C@@H]1C[C@H]2[C@@H]3CC=C4CC(=O)C=C[C@]4(C)[C@@]3(F)[C@@H](O)C[C@]2(C)[C@@]1(O)C(=O)CO,CC1CC2C3CC=C4CC(=O)C=CC4(C)C3(F)C(O)CC2(C)C1(O)C(=O)CO,GJFCONYVAUNLKB-CXSFZGCWSA-N,match,O=C1C=CC2C(=CCC3C4CCCC4CCC23)C1,CC1CCC2C(CCC3C4CCCC4CCC23)C1
CAND::T10_AUD_00138,ABCB1,,1,1,candidate_supervised,B_author_curated_no_row_primary_assay,ChEMBL,Daood author-curated ChEMBL records,1.0,ZRDISNFFMHLYBW-OABGYEMISA-N,ZRDISNFFMHLYBW-OABGYEMISA-N,C[C@H]1C[C@H]2CSC(=N)N[C@@]2(c2cc(NC(=O)c3ccc(OC(F)F)cn3)ccc2F)CO1,,N=C1NC2(c3cccc(NC(=O)c4ccccn4)c3)COCCC2CS1,466.485,3.9659,96.33,,,,,,T10_AUD_00138,https://pmc.ncbi.nlm.nih.gov/articles/PMC12587445/,author-curated candidate; not Tier A direct assay truth,,ZRDISNFFMHLYBW-OABGYEMISA-N,ZRDISNFFMHLYBW-OABGYEMISA-N,C[C@H]1C[C@H]2CSC(=N)N[C@@]2(c2cc(NC(=O)c3ccc(OC(F)F)cn3)ccc2F)CO1,CC1CC2CSC(=N)NC2(c2cc(NC(=O)c3ccc(OC(F)F)cn3)ccc2F)CO1,ZRDISNFFMHLYBW-OABGYEMISA-N,match,N=C1NC2(c3cccc(NC(=O)c4ccccn4)c3)COCCC2CS1,CC1CCC2CCCCC2(C2CCCC(CC(C)C3CCCCC3)C2)C1
CAND::T10_AUD_00139,ABCB1,,1,1,candidate_supervised,B_author_curated_no_row_primary_assay,ChEMBL,Daood author-curated ChEMBL records,1.0,HOPJKOABRBTADP-RAALSFIWSA-N,HOPJKOABRBTADP-RAALSFIWSA-N,C[C@H]1C[C@H]2CSC(=N)N[C@@]2(c2ncc(NC(=O)c3ccc(OC(F)F)cn3)s2)CO1,,N=C1NC2(c3ncc(NC(=O)c4ccccn4)s3)COCCC2CS1,455.512,3.2833,109.22,,,,,,T10_AUD_00139,https://pmc.ncbi.nlm.nih.gov/articles/PMC12587445/,author-curated candidate; not Tier A direct assay truth,,HOPJKOABRBTADP-RAALSFIWSA-N,HOPJKOABRBTADP-RAALSFIWSA-N,C[C@H]1C[C@H]2CSC(=N)N[C@@]2(c2ncc(NC(=O)c3ccc(OC(F)F)cn3)s2)CO1,CC1CC2CSC(=N)NC2(c2ncc(NC(=O)c3ccc(OC(F)F)cn3)s2)CO1,HOPJKOABRBTADP-RAALSFIWSA-N,match,N=C1NC2(c3ncc(NC(=O)c4ccccn4)s3)COCCC2CS1,CC1CCC2CCCCC2(C2CCC(CC(C)C3CCCCC3)C2)C1
CAND::T10_AUD_00140,ABCB1,,0,0,candidate_supervised,B_author_curated_no_row_primary_assay,ChEMBL,Daood author-curated ChEMBL records,1.0,BJDCWCLMFKKGEE-ISOSDAIHSA-N,BJDCWCLMFKKGEE-ISOSDAIHSA-N,C[C@H]1[C@@H](O)O[C@@H]2O[C@@]3(C)CC[C@H]4[C@H](C)CC[C@@H]1[C@@]24OO3,,C1CC2CCOC3OC4CCC(C1)C23OO4,284.352,2.1867,57.15,,,,,,T10_AUD_00140,https://pmc.ncbi.nlm.nih.gov/articles/PMC12587445/,author-curated candidate; not Tier A direct assay truth,,BJDCWCLMFKKGEE-ISOSDAIHSA-N,BJDCWCLMFKKGEE-ISOSDAIHSA-N,C[C@H]1[C@@H](O)O[C@@H]2O[C@@]3(C)CC[C@H]4[C@H](C)CC[C@@H]1[C@@]24OO3,CC1CCC2C(C)C(O)OC3OC4(C)CCC1C32OO4,BJDCWCLMFKKGEE-ISOSDAIHSA-N,match,C1CC2CCOC3OC4CCC(C1)C23OO4,C1CC2CCCC3CC4CCC(C1)C23CC4
CAND::T10_AUD_00141,ABCB1,,0,0,candidate_supervised,B_author_curated_no_row_primary_assay,ChEMBL,Daood author-curated ChEMBL records,1.0,LGRMQYSIAMJINI-DADGBPGOSA-N,LGRMQYSIAMJINI-DADGBPGOSA-N,C[C@H]1[C@@H](Oc2ccc(/C=C/C(=O)N3CCN(c4cccc(C(F)(F)F)c4)CC3)cc2)O[C@@H]2O[C@@]3(C)CC[C@H]4[C@H](C)CC[C@@H]1[C@@]24OO3,,O=C(C=Cc1ccc(OC2CC3CCCC4CCC5OOC43C(O5)O2)cc1)N1CCN(c2ccccc2)CC1,642.715,6.6542,69.7,,,,,,T10_AUD_00141,https://pmc.ncbi.nlm.nih.gov/articles/PMC12587445/,author-curated candidate; not Tier A direct assay truth,,LGRMQYSIAMJINI-DADGBPGOSA-N,LGRMQYSIAMJINI-DADGBPGOSA-N,C[C@H]1[C@@H](Oc2ccc(/C=C/C(=O)N3CCN(c4cccc(C(F)(F)F)c4)CC3)cc2)O[C@@H]2O[C@@]3(C)CC[C@H]4[C@H](C)CC[C@@H]1[C@@]24OO3,CC1CCC2C(C)C(Oc3ccc(C=CC(=O)N4CCN(c5cccc(C(F)(F)F)c5)CC4)cc3)OC3OC4(C)CCC1C32OO4,LGRMQYSIAMJINI-DADGBPGOSA-N,match,O=C(C=Cc1ccc(OC2CC3CCCC4CCC5OOC43C(O5)O2)cc1)N1CCN(c2ccccc2)CC1,CC(CCC1CCC(CC2CC3CCCC4CCC5CCC43C(C5)C2)CC1)C1CCC(C2CCCCC2)CC1
CAND::T10_AUD_00142,ABCB1,,0,0,candidate_supervised,B_author_curated_no_row_primary_assay,ChEMBL,Daood author-curated ChEMBL records,1.0,QUCOQILQAAEPLE-XTWORZGJSA-N,QUCOQILQAAEPLE-XTWORZGJSA-N,C[C@H]1[C@@H](Oc2ccc(CN3CCN(c4ccc(F)cc4)CC3)cc2)O[C@@H]2O[C@@]3(C)CC[C@H]4[C@H](C)CC[C@@H]1[C@@]24OO3,,c1ccc(N2CCN(Cc3ccc(OC4CC5CCCC6CCC7OOC65C(O7)O4)cc3)CC2)cc1,552.687,5.7347,52.63,,,,,,T10_AUD_00142,https://pmc.ncbi.nlm.nih.gov/articles/PMC12587445/,author-curated candidate; not Tier A direct assay truth,,QUCOQILQAAEPLE-XTWORZGJSA-N,QUCOQILQAAEPLE-XTWORZGJSA-N,C[C@H]1[C@@H](Oc2ccc(CN3CCN(c4ccc(F)cc4)CC3)cc2)O[C@@H]2O[C@@]3(C)CC[C@H]4[C@H](C)CC[C@@H]1[C@@]24OO3,CC1CCC2C(C)C(Oc3ccc(CN4CCN(c5ccc(F)cc5)CC4)cc3)OC3OC4(C)CCC1C32OO4,QUCOQILQAAEPLE-XTWORZGJSA-N,match,c1ccc(N2CCN(Cc3ccc(OC4CC5CCCC6CCC7OOC65C(O7)O4)cc3)CC2)cc1,C1CCC(C2CCC(CC3CCC(CC4CC5CCCC6CCC7CCC65C(C7)C4)CC3)CC2)CC1
CAND::T10_AUD_00143,ABCB1,,0,0,candidate_supervised,B_author_curated_no_row_primary_assay,ChEMBL,Daood author-curated ChEMBL records,1.0,SZGWMMQMXZKSRU-UHFFFAOYSA-N,SZGWMMQMXZKSRU-UHFFFAOYSA-N,CC1CCCN1C(=O)c1c(NC(=O)c2cccnc2)sc2c1CCCC2,,O=C(Nc1sc2c(c1C(=O)N1CCCC1)CCCC2)c1cccnc1,369.49,3.8987,62.3,,,,,,T10_AUD_00143,https://pmc.ncbi.nlm.nih.gov/articles/PMC12587445/,author-curated candidate; not Tier A direct assay truth,,SZGWMMQMXZKSRU-UHFFFAOYSA-N,SZGWMMQMXZKSRU-UHFFFAOYSA-N,CC1CCCN1C(=O)c1c(NC(=O)c2cccnc2)sc2c1CCCC2,CC1CCCN1C(=O)c1c(NC(=O)c2cccnc2)sc2c1CCCC2,SZGWMMQMXZKSRU-UHFFFAOYSA-N,match,O=C(Nc1sc2c(c1C(=O)N1CCCC1)CCCC2)c1cccnc1,CC(CC1CC2CCCCC2C1C(C)C1CCCC1)C1CCCCC1
CAND::T10_AUD_00144,ABCB1,,0,0,candidate_supervised,B_author_curated_no_row_primary_assay,ChEMBL,Daood author-curated ChEMBL records,1.0,ITKPWNWJBRQYRV-INIZCTEOSA-N,ITKPWNWJBRQYRV-INIZCTEOSA-N,C[C@H]1CCCN1Cc1cc2ccc(NC(=O)c3ccc(-c4cnccn4)cc3F)cc2[nH]1,,O=C(Nc1ccc2cc(CN3CCCC3)[nH]c2c1)c1ccc(-c2cnccn2)cc1,429.499,5.0006,73.91,,,,,,T10_AUD_00144,https://pmc.ncbi.nlm.nih.gov/articles/PMC12587445/,author-curated candidate; not Tier A direct assay truth,,ITKPWNWJBRQYRV-INIZCTEOSA-N,ITKPWNWJBRQYRV-INIZCTEOSA-N,C[C@H]1CCCN1Cc1cc2ccc(NC(=O)c3ccc(-c4cnccn4)cc3F)cc2[nH]1,CC1CCCN1Cc1cc2ccc(NC(=O)c3ccc(-c4cnccn4)cc3F)cc2[nH]1,ITKPWNWJBRQYRV-INIZCTEOSA-N,match,O=C(Nc1ccc2cc(CN3CCCC3)[nH]c2c1)c1ccc(-c2cnccn2)cc1,CC(CC1CCC2CC(CC3CCCC3)CC2C1)C1CCC(C2CCCCC2)CC1
CAND::T10_AUD_00145,ABCB1,,0,0,candidate_supervised,B_author_curated_no_row_primary_assay,ChEMBL,Daood author-curated ChEMBL records,1.0,OZJCHEBHHXDKKK-AWEZNQCLSA-N,OZJCHEBHHXDKKK-AWEZNQCLSA-N,C[C@H]1CCCN1Cc1cc2nnc(NC(=O)c3ccc(-c4cnccn4)cc3F)cc2[nH]1,,O=C(Nc1cc2[nH]c(CN3CCCC3)cc2nn1)c1ccc(-c2cnccn2)cc1,431.475,3.7906,99.69,,,,,,T10_AUD_00145,https://pmc.ncbi.nlm.nih.gov/articles/PMC12587445/,author-curated candidate; not Tier A direct assay truth,,OZJCHEBHHXDKKK-AWEZNQCLSA-N,OZJCHEBHHXDKKK-AWEZNQCLSA-N,C[C@H]1CCCN1Cc1cc2nnc(NC(=O)c3ccc(-c4cnccn4)cc3F)cc2[nH]1,CC1CCCN1Cc1cc2nnc(NC(=O)c3ccc(-c4cnccn4)cc3F)cc2[nH]1,OZJCHEBHHXDKKK-AWEZNQCLSA-N,match,O=C(Nc1cc2[nH]c(CN3CCCC3)cc2nn1)c1ccc(-c2cnccn2)cc1,CC(CC1CCC2CC(CC3CCCC3)CC2C1)C1CCC(C2CCCCC2)CC1
CAND::T10_AUD_00146,ABCB1,,1,1,candidate_supervised,B_author_curated_no_row_primary_assay,ChEMBL,Daood author-curated ChEMBL records,1.0,UVXPELYXGCPQHU-NSHDSACASA-N,UVXPELYXGCPQHU-NSHDSACASA-N,C[C@H]1CCCN1Cc1cc2nnc(NC(=O)c3ccc(Cl)cc3F)cc2[nH]1,,O=C(Nc1cc2[nH]c(CN3CCCC3)cc2nn1)c1ccccc1,387.846,3.987,73.91,,,,,,T10_AUD_00146,https://pmc.ncbi.nlm.nih.gov/articles/PMC12587445/,author-curated candidate; not Tier A direct assay truth,,UVXPELYXGCPQHU-NSHDSACASA-N,UVXPELYXGCPQHU-NSHDSACASA-N,C[C@H]1CCCN1Cc1cc2nnc(NC(=O)c3ccc(Cl)cc3F)cc2[nH]1,CC1CCCN1Cc1cc2nnc(NC(=O)c3ccc(Cl)cc3F)cc2[nH]1,UVXPELYXGCPQHU-NSHDSACASA-N,match,O=C(Nc1cc2[nH]c(CN3CCCC3)cc2nn1)c1ccccc1,CC(CC1CCC2CC(CC3CCCC3)CC2C1)C1CCCCC1
CAND::T10_AUD_00147,ABCB1,,1,1,candidate_supervised,B_author_curated_no_row_primary_assay,ChEMBL,Daood author-curated ChEMBL records,1.0,OXHNNUAFGVXSPG-AWEZNQCLSA-N,OXHNNUAFGVXSPG-AWEZNQCLSA-N,C[C@H]1CCCN1Cc1nc2cc(C(=O)Nc3ccc4c(cnn4C)c3)ccc2[nH]1,,O=C(Nc1ccc2[nH]ncc2c1)c1ccc2[nH]c(CN3CCCC3)nc2c1,388.475,3.6862,78.84,,,,,,T10_AUD_00147,https://pmc.ncbi.nlm.nih.gov/articles/PMC12587445/,author-curated candidate; not Tier A direct assay truth,,OXHNNUAFGVXSPG-AWEZNQCLSA-N,OXHNNUAFGVXSPG-AWEZNQCLSA-N,C[C@H]1CCCN1Cc1nc2cc(C(=O)Nc3ccc4c(cnn4C)c3)ccc2[nH]1,CC1CCCN1Cc1nc2cc(C(=O)Nc3ccc4c(cnn4C)c3)ccc2[nH]1,OXHNNUAFGVXSPG-AWEZNQCLSA-N,match,O=C(Nc1ccc2[nH]ncc2c1)c1ccc2[nH]c(CN3CCCC3)nc2c1,CC(CC1CCC2CCCC2C1)C1CCC2CC(CC3CCCC3)CC2C1
CAND::T10_AUD_00148,ABCB1,,1,1,candidate_supervised,B_author_curated_no_row_primary_assay,ChEMBL,Daood author-curated ChEMBL records,1.0,XLGJIPFUTKHAMW-INIZCTEOSA-N,XLGJIPFUTKHAMW-INIZCTEOSA-N,C[C@H]1CCCN1Cc1nc2cc(NC(=O)c3ccc(-c4ccncn4)cc3)ccc2[nH]1,,O=C(Nc1ccc2[nH]c(CN3CCCC3)nc2c1)c1ccc(-c2ccncn2)cc1,412.497,4.2565,86.8,,,,,,T10_AUD_00148,https://pmc.ncbi.nlm.nih.gov/articles/PMC12587445/,author-curated candidate; not Tier A direct assay truth,,XLGJIPFUTKHAMW-INIZCTEOSA-N,XLGJIPFUTKHAMW-INIZCTEOSA-N,C[C@H]1CCCN1Cc1nc2cc(NC(=O)c3ccc(-c4ccncn4)cc3)ccc2[nH]1,CC1CCCN1Cc1nc2cc(NC(=O)c3ccc(-c4ccncn4)cc3)ccc2[nH]1,XLGJIPFUTKHAMW-INIZCTEOSA-N,match,O=C(Nc1ccc2[nH]c(CN3CCCC3)nc2c1)c1ccc(-c2ccncn2)cc1,CC(CC1CCC2CC(CC3CCCC3)CC2C1)C1CCC(C2CCCCC2)CC1
CAND::T10_AUD_00149,ABCB1,,1,1,candidate_supervised,B_author_curated_no_row_primary_assay,ChEMBL,Daood author-curated ChEMBL records,1.0,LRYCOHFYFLJVHC-HNNXBMFYSA-N,LRYCOHFYFLJVHC-HNNXBMFYSA-N,C[C@H]1CCCN1Cc1nc2cc(NC(=O)c3ccc(-c4ccncn4)cc3F)ccc2[nH]1,,O=C(Nc1ccc2[nH]c(CN3CCCC3)nc2c1)c1ccc(-c2ccncn2)cc1,430.487,4.3956,86.8,,,,,,T10_AUD_00149,https://pmc.ncbi.nlm.nih.gov/articles/PMC12587445/,author-curated candidate; not Tier A direct assay truth,,LRYCOHFYFLJVHC-HNNXBMFYSA-N,LRYCOHFYFLJVHC-HNNXBMFYSA-N,C[C@H]1CCCN1Cc1nc2cc(NC(=O)c3ccc(-c4ccncn4)cc3F)ccc2[nH]1,CC1CCCN1Cc1nc2cc(NC(=O)c3ccc(-c4ccncn4)cc3F)ccc2[nH]1,LRYCOHFYFLJVHC-HNNXBMFYSA-N,match,O=C(Nc1ccc2[nH]c(CN3CCCC3)nc2c1)c1ccc(-c2ccncn2)cc1,CC(CC1CCC2CC(CC3CCCC3)CC2C1)C1CCC(C2CCCCC2)CC1
CAND::T10_AUD_00150,ABCB1,,1,1,candidate_supervised,B_author_curated_no_row_primary_assay,ChEMBL,Daood author-curated ChEMBL records,1.0,MDNWEANUQNODJL-INIZCTEOSA-N,MDNWEANUQNODJL-INIZCTEOSA-N,C[C@H]1CCCN1Cc1nc2cc(NC(=O)c3ccc(-c4cnccn4)cc3)ccc2[nH]1,,O=C(Nc1ccc2[nH]c(CN3CCCC3)nc2c1)c1ccc(-c2cnccn2)cc1,412.497,4.2565,86.8,,,,,,T10_AUD_00150,https://pmc.ncbi.nlm.nih.gov/articles/PMC12587445/,author-curated candidate; not Tier A direct assay truth,,MDNWEANUQNODJL-INIZCTEOSA-N,MDNWEANUQNODJL-INIZCTEOSA-N,C[C@H]1CCCN1Cc1nc2cc(NC(=O)c3ccc(-c4cnccn4)cc3)ccc2[nH]1,CC1CCCN1Cc1nc2cc(NC(=O)c3ccc(-c4cnccn4)cc3)ccc2[nH]1,MDNWEANUQNODJL-INIZCTEOSA-N,match,O=C(Nc1ccc2[nH]c(CN3CCCC3)nc2c1)c1ccc(-c2cnccn2)cc1,CC(CC1CCC2CC(CC3CCCC3)CC2C1)C1CCC(C2CCCCC2)CC1
CAND::T10_AUD_00151,ABCB1,,1,1,candidate_supervised,B_author_curated_no_row_primary_assay,ChEMBL,Daood author-curated ChEMBL records,1.0,GDOHUGMONNKLJC-AWEZNQCLSA-N,GDOHUGMONNKLJC-AWEZNQCLSA-N,C[C@H]1CCCN1Cc1nc2cc(NC(=O)c3ccc(-c4cnccn4)cc3F)cnc2[nH]1,,O=C(Nc1cnc2[nH]c(CN3CCCC3)nc2c1)c1ccc(-c2cnccn2)cc1,431.475,3.7906,99.69,,,,,,T10_AUD_00151,https://pmc.ncbi.nlm.nih.gov/articles/PMC12587445/,author-curated candidate; not Tier A direct assay truth,,GDOHUGMONNKLJC-AWEZNQCLSA-N,GDOHUGMONNKLJC-AWEZNQCLSA-N,C[C@H]1CCCN1Cc1nc2cc(NC(=O)c3ccc(-c4cnccn4)cc3F)cnc2[nH]1,CC1CCCN1Cc1nc2cc(NC(=O)c3ccc(-c4cnccn4)cc3F)cnc2[nH]1,GDOHUGMONNKLJC-AWEZNQCLSA-N,match,O=C(Nc1cnc2[nH]c(CN3CCCC3)nc2c1)c1ccc(-c2cnccn2)cc1,CC(CC1CCC2CC(CC3CCCC3)CC2C1)C1CCC(C2CCCCC2)CC1
CAND::T10_AUD_00152,ABCB1,,0,0,candidate_supervised,B_author_curated_no_row_primary_assay,ChEMBL,Daood author-curated ChEMBL records,1.0,JMWFQHADDDVYES-LBPRGKRZSA-N,JMWFQHADDDVYES-LBPRGKRZSA-N,C[C@H]1CCCN1Cc1nc2cc(NC(=O)c3ccc(Cl)cc3F)ccc2[nH]1,,O=C(Nc1ccc2[nH]c(CN3CCCC3)nc2c1)c1ccccc1,386.858,4.592,61.02,,,,,,T10_AUD_00152,https://pmc.ncbi.nlm.nih.gov/articles/PMC12587445/,author-curated candidate; not Tier A direct assay truth,,JMWFQHADDDVYES-LBPRGKRZSA-N,JMWFQHADDDVYES-LBPRGKRZSA-N,C[C@H]1CCCN1Cc1nc2cc(NC(=O)c3ccc(Cl)cc3F)ccc2[nH]1,CC1CCCN1Cc1nc2cc(NC(=O)c3ccc(Cl)cc3F)ccc2[nH]1,JMWFQHADDDVYES-LBPRGKRZSA-N,match,O=C(Nc1ccc2[nH]c(CN3CCCC3)nc2c1)c1ccccc1,CC(CC1CCC2CC(CC3CCCC3)CC2C1)C1CCCCC1
CAND::T10_AUD_00153,ABCB1,,1,1,candidate_supervised,B_author_curated_no_row_primary_assay,ChEMBL,Daood author-curated ChEMBL records,1.0,QGNDVASWIHEXCL-AWEZNQCLSA-N,QGNDVASWIHEXCL-AWEZNQCLSA-N,C[C@H]1CCCN1Cc1nc2cc(NC(=O)c3ccc4c(cnn4C)c3)ccc2[nH]1,,O=C(Nc1ccc2[nH]c(CN3CCCC3)nc2c1)c1ccc2[nH]ncc2c1,388.475,3.6862,78.84,,,,,,T10_AUD_00153,https://pmc.ncbi.nlm.nih.gov/articles/PMC12587445/,author-curated candidate; not Tier A direct assay truth,,QGNDVASWIHEXCL-AWEZNQCLSA-N,QGNDVASWIHEXCL-AWEZNQCLSA-N,C[C@H]1CCCN1Cc1nc2cc(NC(=O)c3ccc4c(cnn4C)c3)ccc2[nH]1,CC1CCCN1Cc1nc2cc(NC(=O)c3ccc4c(cnn4C)c3)ccc2[nH]1,QGNDVASWIHEXCL-AWEZNQCLSA-N,match,O=C(Nc1ccc2[nH]c(CN3CCCC3)nc2c1)c1ccc2[nH]ncc2c1,CC(CC1CCC2CC(CC3CCCC3)CC2C1)C1CCC2CCCC2C1
CAND::T10_AUD_00154,ABCB1,,0,0,candidate_supervised,B_author_curated_no_row_primary_assay,ChEMBL,Daood author-curated ChEMBL records,1.0,PCTBZMHJFHFNAH-HUUCEWRRSA-N,PCTBZMHJFHFNAH-HUUCEWRRSA-N,C[C@@H]1CCN(C(=O)c2c(NC(=O)c3cccnc3)sc3c2CCCC3)[C@H](C)C1,,O=C(Nc1sc2c(c1C(=O)N1CCCCC1)CCCC2)c1cccnc1,397.544,4.5348,62.3,,,,,,T10_AUD_00154,https://pmc.ncbi.nlm.nih.gov/articles/PMC12587445/,author-curated candidate; not Tier A direct assay truth,,PCTBZMHJFHFNAH-HUUCEWRRSA-N,PCTBZMHJFHFNAH-HUUCEWRRSA-N,C[C@@H]1CCN(C(=O)c2c(NC(=O)c3cccnc3)sc3c2CCCC3)[C@H](C)C1,CC1CCN(C(=O)c2c(NC(=O)c3cccnc3)sc3c2CCCC3)C(C)C1,PCTBZMHJFHFNAH-HUUCEWRRSA-N,match,O=C(Nc1sc2c(c1C(=O)N1CCCCC1)CCCC2)c1cccnc1,CC(CC1CC2CCCCC2C1C(C)C1CCCCC1)C1CCCCC1
CAND::T10_AUD_00155,ABCB1,,0,0,candidate_supervised,B_author_curated_no_row_primary_assay,ChEMBL,Daood author-curated ChEMBL records,1.0,UVISZRYMJQIEJP-UHFFFAOYSA-N,UVISZRYMJQIEJP-UHFFFAOYSA-N,CC1CCN(CC(=O)Nc2sc3c(c2C(=O)NCc2ccccc2)CCCC3)CC1,,O=C(CN1CCCCC1)Nc1sc2c(c1C(=O)NCc1ccccc1)CCCC2,425.598,4.2273,61.44,,,,,,T10_AUD_00155,https://pmc.ncbi.nlm.nih.gov/articles/PMC12587445/,author-curated candidate; not Tier A direct assay truth,,UVISZRYMJQIEJP-UHFFFAOYSA-N,UVISZRYMJQIEJP-UHFFFAOYSA-N,CC1CCN(CC(=O)Nc2sc3c(c2C(=O)NCc2ccccc2)CCCC3)CC1,CC1CCN(CC(=O)Nc2sc3c(c2C(=O)NCc2ccccc2)CCCC3)CC1,UVISZRYMJQIEJP-UHFFFAOYSA-N,match,O=C(CN1CCCCC1)Nc1sc2c(c1C(=O)NCc1ccccc1)CCCC2,CC(CC1CCCCC1)CC1CC2CCCCC2C1C(C)CCC1CCCCC1
CAND::T10_AUD_00156,ABCB1,DOLUTEGRAVIR,1,1,candidate_supervised,B_author_curated_no_row_primary_assay,ChEMBL,Daood author-curated ChEMBL records,1.0,RHWKPHLQXYSBKR-BMIGLBTASA-N,RHWKPHLQXYSBKR-BMIGLBTASA-N,C[C@@H]1CCO[C@H]2Cn3cc(C(=O)NCc4ccc(F)cc4F)c(=O)c(O)c3C(=O)N12,,O=C(NCc1ccccc1)c1cn2c(cc1=O)C(=O)N1CCCOC1C2,419.384,1.3528,100.87,,,,,,T10_AUD_00156,https://pmc.ncbi.nlm.nih.gov/articles/PMC12587445/,author-curated candidate; not Tier A direct assay truth,DOLUTEGRAVIR,RHWKPHLQXYSBKR-BMIGLBTASA-N,RHWKPHLQXYSBKR-BMIGLBTASA-N,C[C@@H]1CCO[C@H]2Cn3cc(C(=O)NCc4ccc(F)cc4F)c(=O)c(O)c3C(=O)N12,CC1CCOC2Cn3cc(C(=O)NCc4ccc(F)cc4F)c(=O)c(O)c3C(=O)N12,RHWKPHLQXYSBKR-BMIGLBTASA-N,match,O=C(NCc1ccccc1)c1cn2c(cc1=O)C(=O)N1CCCOC1C2,CC(CCC1CCCCC1)C1CC2CC3CCCCC3C(C)C2CC1C
CAND::T10_AUD_00157,ABCB1,,0,0,candidate_supervised,B_author_curated_no_row_primary_assay,ChEMBL,Daood author-curated ChEMBL records,1.0,SVQUCCGWWXMXEP-UHFFFAOYSA-N,SVQUCCGWWXMXEP-UHFFFAOYSA-N,CC1CCc2c(sc(NC(=O)c3ccccc3F)c2C(=O)N2CCN(C)CC2)C1,,O=C(Nc1sc2c(c1C(=O)N1CCNCC1)CCCC2)c1ccccc1,415.534,3.6519,52.65,,,,,,T10_AUD_00157,https://pmc.ncbi.nlm.nih.gov/articles/PMC12587445/,author-curated candidate; not Tier A direct assay truth,,SVQUCCGWWXMXEP-UHFFFAOYSA-N,SVQUCCGWWXMXEP-UHFFFAOYSA-N,CC1CCc2c(sc(NC(=O)c3ccccc3F)c2C(=O)N2CCN(C)CC2)C1,CC1CCc2c(sc(NC(=O)c3ccccc3F)c2C(=O)N2CCN(C)CC2)C1,SVQUCCGWWXMXEP-UHFFFAOYSA-N,match,O=C(Nc1sc2c(c1C(=O)N1CCNCC1)CCCC2)c1ccccc1,CC(CC1CC2CCCCC2C1C(C)C1CCCCC1)C1CCCCC1
CAND::T10_AUD_00158,ABCB1,SPARFLOXACIN,1,1,candidate_supervised,B_author_curated_no_row_primary_assay,ChEMBL,Daood author-curated ChEMBL records,1.0,DZZWHBIBMUVIIW-DTORHVGOSA-N,DZZWHBIBMUVIIW-DTORHVGOSA-N,C[C@@H]1CN(c2c(F)c(N)c3c(=O)c(C(=O)O)cn(C4CC4)c3c2F)C[C@H](C)N1,,O=c1ccn(C2CC2)c2cc(N3CCNCC3)ccc12,392.406,2.0816,100.59,,,,,,T10_AUD_00158,https://pmc.ncbi.nlm.nih.gov/articles/PMC12587445/,author-curated candidate; not Tier A direct assay truth,SPARFLOXACIN,DZZWHBIBMUVIIW-DTORHVGOSA-N,DZZWHBIBMUVIIW-DTORHVGOSA-N,C[C@@H]1CN(c2c(F)c(N)c3c(=O)c(C(=O)O)cn(C4CC4)c3c2F)C[C@H](C)N1,CC1CN(c2c(F)c(N)c3c(=O)c(C(=O)O)cn(C4CC4)c3c2F)CC(C)N1,DZZWHBIBMUVIIW-DTORHVGOSA-N,match,O=c1ccn(C2CC2)c2cc(N3CCNCC3)ccc12,CC1CCC(C2CC2)C2CC(C3CCCCC3)CCC12
CAND::T10_AUD_00159,ABCB1,,0,0,candidate_supervised,B_author_curated_no_row_primary_assay,ChEMBL,Daood author-curated ChEMBL records,1.0,MENVSADYTLLXLP-UHFFFAOYSA-N,MENVSADYTLLXLP-UHFFFAOYSA-N,CC1CN(c2ccncc2NC(=O)c2ccnn3cc(-c4ccccc4)nc23)CCO1,,O=C(Nc1cnccc1N1CCOCC1)c1ccnn2cc(-c3ccccc3)nc12,414.469,3.2687,84.65,,,,,,T10_AUD_00159,https://pmc.ncbi.nlm.nih.gov/articles/PMC12587445/,author-curated candidate; not Tier A direct assay truth,,MENVSADYTLLXLP-UHFFFAOYSA-N,MENVSADYTLLXLP-UHFFFAOYSA-N,CC1CN(c2ccncc2NC(=O)c2ccnn3cc(-c4ccccc4)nc23)CCO1,CC1CN(c2ccncc2NC(=O)c2ccnn3cc(-c4ccccc4)nc23)CCO1,MENVSADYTLLXLP-UHFFFAOYSA-N,match,O=C(Nc1cnccc1N1CCOCC1)c1ccnn2cc(-c3ccccc3)nc12,CC(CC1CCCCC1C1CCCCC1)C1CCCC2CC(C3CCCCC3)CC21
CAND::T10_AUD_00160,ABCB1,,0,0,candidate_supervised,B_author_curated_no_row_primary_assay,ChEMBL,Daood author-curated ChEMBL records,1.0,LXLVKFBRQINQCN-UHFFFAOYSA-N,LXLVKFBRQINQCN-UHFFFAOYSA-N,CC1CN(c2ccncc2NC(=O)c2ccnn3cc(C4CC4)nc23)CCO1,,O=C(Nc1cnccc1N1CCOCC1)c1ccnn2cc(C3CC3)nc12,378.436,2.4791,84.65,,,,,,T10_AUD_00160,https://pmc.ncbi.nlm.nih.gov/articles/PMC12587445/,author-curated candidate; not Tier A direct assay truth,,LXLVKFBRQINQCN-UHFFFAOYSA-N,LXLVKFBRQINQCN-UHFFFAOYSA-N,CC1CN(c2ccncc2NC(=O)c2ccnn3cc(C4CC4)nc23)CCO1,CC1CN(c2ccncc2NC(=O)c2ccnn3cc(C4CC4)nc23)CCO1,LXLVKFBRQINQCN-UHFFFAOYSA-N,match,O=C(Nc1cnccc1N1CCOCC1)c1ccnn2cc(C3CC3)nc12,CC(CC1CCCCC1C1CCCCC1)C1CCCC2CC(C3CC3)CC21
CAND::T10_AUD_00161,ABCB1,,0,0,candidate_supervised,B_author_curated_no_row_primary_assay,ChEMBL,Daood author-curated ChEMBL records,1.0,RMGRYVPJEBKCAS-DGCLKSJQSA-N,RMGRYVPJEBKCAS-DGCLKSJQSA-N,C[C@@H]1COCCN1c1nc(-c2cnc(N)c(C(F)(F)F)c2)nc2c1C[C@@H]1COCCN21,,c1cncc(-c2nc(N3CCOCC3)c3c(n2)N2CCOCC2C3)c1,436.438,2.126,89.63,,,,,,T10_AUD_00161,https://pmc.ncbi.nlm.nih.gov/articles/PMC12587445/,author-curated candidate; not Tier A direct assay truth,,RMGRYVPJEBKCAS-DGCLKSJQSA-N,RMGRYVPJEBKCAS-DGCLKSJQSA-N,C[C@@H]1COCCN1c1nc(-c2cnc(N)c(C(F)(F)F)c2)nc2c1C[C@@H]1COCCN21,CC1COCCN1c1nc(-c2cnc(N)c(C(F)(F)F)c2)nc2c1CC1COCCN21,RMGRYVPJEBKCAS-DGCLKSJQSA-N,match,c1cncc(-c2nc(N3CCOCC3)c3c(n2)N2CCOCC2C3)c1,C1CCC(C2CC(C3CCCCC3)C3CC4CCCCC4C3C2)CC1
CAND::T10_AUD_00162,ABCB1,,1,1,candidate_supervised,B_author_curated_no_row_primary_assay,ChEMBL,Daood author-curated ChEMBL records,1.0,KUZSBKJSGSKPJH-VXGBXAGGSA-N,KUZSBKJSGSKPJH-VXGBXAGGSA-N,C[C@@H]1COCCN1c1nc(-c2cnc(N)cn2)nc2c1C[C@@H]1COCCN21,,c1cnc(-c2nc(N3CCOCC3)c3c(n2)N2CCOCC2C3)cn1,369.429,0.5022,102.52,,,,,,T10_AUD_00162,https://pmc.ncbi.nlm.nih.gov/articles/PMC12587445/,author-curated candidate; not Tier A direct assay truth,,KUZSBKJSGSKPJH-VXGBXAGGSA-N,KUZSBKJSGSKPJH-VXGBXAGGSA-N,C[C@@H]1COCCN1c1nc(-c2cnc(N)cn2)nc2c1C[C@@H]1COCCN21,CC1COCCN1c1nc(-c2cnc(N)cn2)nc2c1CC1COCCN21,KUZSBKJSGSKPJH-VXGBXAGGSA-N,match,c1cnc(-c2nc(N3CCOCC3)c3c(n2)N2CCOCC2C3)cn1,C1CCC(C2CC(C3CCCCC3)C3CC4CCCCC4C3C2)CC1
CAND::T10_AUD_00163,ABCB1,,1,1,candidate_supervised,B_author_curated_no_row_primary_assay,ChEMBL,Daood author-curated ChEMBL records,1.0,DZIVLAHVAHIFES-GHMZBOCLSA-N,DZIVLAHVAHIFES-GHMZBOCLSA-N,C[C@@H]1COCCN1c1nc(-c2cnc(N)s2)nc2c1C[C@@H]1COCCN21,,c1ncc(-c2nc(N3CCOCC3)c3c(n2)N2CCOCC2C3)s1,374.47,1.1687,89.63,,,,,,T10_AUD_00163,https://pmc.ncbi.nlm.nih.gov/articles/PMC12587445/,author-curated candidate; not Tier A direct assay truth,,DZIVLAHVAHIFES-GHMZBOCLSA-N,DZIVLAHVAHIFES-GHMZBOCLSA-N,C[C@@H]1COCCN1c1nc(-c2cnc(N)s2)nc2c1C[C@@H]1COCCN21,CC1COCCN1c1nc(-c2cnc(N)s2)nc2c1CC1COCCN21,DZIVLAHVAHIFES-GHMZBOCLSA-N,match,c1ncc(-c2nc(N3CCOCC3)c3c(n2)N2CCOCC2C3)s1,C1CCC(C2CC(C3CCCC3)CC3C4CCCCC4CC23)CC1
CAND::T10_AUD_00164,ABCB1,,1,1,candidate_supervised,B_author_curated_no_row_primary_assay,ChEMBL,Daood author-curated ChEMBL records,1.0,WZAQTKRFGGBJAQ-NXEZZACHSA-N,WZAQTKRFGGBJAQ-NXEZZACHSA-N,C[C@@H]1COCCN1c1nc(-c2nnc(N)s2)nc2c1C[C@@H]1COCCN21,,c1nnc(-c2nc(N3CCOCC3)c3c(n2)N2CCOCC2C3)s1,375.458,0.5637,102.52,,,,,,T10_AUD_00164,https://pmc.ncbi.nlm.nih.gov/articles/PMC12587445/,author-curated candidate; not Tier A direct assay truth,,WZAQTKRFGGBJAQ-NXEZZACHSA-N,WZAQTKRFGGBJAQ-NXEZZACHSA-N,C[C@@H]1COCCN1c1nc(-c2nnc(N)s2)nc2c1C[C@@H]1COCCN21,CC1COCCN1c1nc(-c2nnc(N)s2)nc2c1CC1COCCN21,WZAQTKRFGGBJAQ-NXEZZACHSA-N,match,c1nnc(-c2nc(N3CCOCC3)c3c(n2)N2CCOCC2C3)s1,C1CCC(C2CC(C3CCCC3)CC3C4CCCCC4CC23)CC1
CAND::T10_AUD_00165,ABCB1,LEVOFLOXACIN,1,1,candidate_supervised,B_author_curated_no_row_primary_assay,ChEMBL,Daood author-curated ChEMBL records,1.0,GSDSWSVVBLHKDQ-JTQLQIEISA-N,GSDSWSVVBLHKDQ-JTQLQIEISA-N,C[C@H]1COc2c(N3CCN(C)CC3)c(F)cc3c(=O)c(C(=O)O)cn1c23,,O=c1ccn2c3c(c(N4CCNCC4)ccc13)OCC2,361.373,1.544,75.01,,,,,,T10_AUD_00165,https://pmc.ncbi.nlm.nih.gov/articles/PMC12587445/,author-curated candidate; not Tier A direct assay truth,LEVOFLOXACIN,GSDSWSVVBLHKDQ-JTQLQIEISA-N,GSDSWSVVBLHKDQ-JTQLQIEISA-N,C[C@H]1COc2c(N3CCN(C)CC3)c(F)cc3c(=O)c(C(=O)O)cn1c23,CC1COc2c(N3CCN(C)CC3)c(F)cc3c(=O)c(C(=O)O)cn1c23,GSDSWSVVBLHKDQ-JTQLQIEISA-N,match,O=c1ccn2c3c(c(N4CCNCC4)ccc13)OCC2,CC1CCC2CCCC3C(C4CCCCC4)CCC1C23
CAND::T10_AUD_00166,ABCB1,DIGOXIN,1,1,candidate_supervised,B_author_curated_no_row_primary_assay,ChEMBL,Daood author-curated ChEMBL records,1.0,LTMHDMANZUZIPE-PUGKRICDSA-N,LTMHDMANZUZIPE-PUGKRICDSA-N,C[C@H]1O[C@@H](O[C@H]2[C@@H](O)C[C@H](O[C@H]3[C@@H](O)C[C@H](O[C@H]4CC[C@@]5(C)[C@H](CC[C@@H]6[C@@H]5C[C@@H](O)[C@]5(C)[C@@H](C7=CC(=O)OC7)CC[C@]65O)C4)O[C@@H]3C)O[C@@H]2C)C[C@H](O)[C@@H]1O,,O=C1C=C(C2CCC3C2CCC2C4CCC(OC5CCC(OC6CCC(OC7CCCCO7)CO6)CO5)CC4CCC23)CO1,780.949,2.2181,203.06,,,,,,T10_AUD_00166,https://pmc.ncbi.nlm.nih.gov/articles/PMC12587445/,author-curated candidate; not Tier A direct assay truth,DIGOXIN,LTMHDMANZUZIPE-PUGKRICDSA-N,LTMHDMANZUZIPE-PUGKRICDSA-N,C[C@H]1O[C@@H](O[C@H]2[C@@H](O)C[C@H](O[C@H]3[C@@H](O)C[C@H](O[C@H]4CC[C@@]5(C)[C@H](CC[C@@H]6[C@@H]5C[C@@H](O)[C@]5(C)[C@@H](C7=CC(=O)OC7)CC[C@]65O)C4)O[C@@H]3C)O[C@@H]2C)C[C@H](O)[C@@H]1O,CC1OC(OC2C(O)CC(OC3C(O)CC(OC4CCC5(C)C(CCC6C5CC(O)C5(C)C(C7=CC(=O)OC7)CCC65O)C4)OC3C)OC2C)CC(O)C1O,LTMHDMANZUZIPE-PUGKRICDSA-N,match,O=C1C=C(C2CCC3C2CCC2C4CCC(OC5CCC(OC6CCC(OC7CCCCO7)CO6)CO5)CC4CCC23)CO1,CC1CCC(C2CCC3C2CCC2C4CCC(CC5CCC(CC6CCC(CC7CCCCC7)CC6)CC5)CC4CCC23)C1
CAND::T10_AUD_00167,ABCB1,DIGITOXIN,1,1,candidate_supervised,B_author_curated_no_row_primary_assay,ChEMBL,Daood author-curated ChEMBL records,1.0,WDJUZGPOPHTGOT-XUDUSOBPSA-N,WDJUZGPOPHTGOT-XUDUSOBPSA-N,C[C@H]1O[C@@H](O[C@H]2[C@@H](O)C[C@H](O[C@H]3[C@@H](O)C[C@H](O[C@H]4CC[C@@]5(C)[C@H](CC[C@@H]6[C@@H]5CC[C@]5(C)[C@@H](C7=CC(=O)OC7)CC[C@]65O)C4)O[C@@H]3C)O[C@@H]2C)C[C@H](O)[C@@H]1O,,O=C1C=C(C2CCC3C2CCC2C4CCC(OC5CCC(OC6CCC(OC7CCCCO7)CO6)CO5)CC4CCC23)CO1,764.95,3.2473,182.83,,,,,,T10_AUD_00167,https://pmc.ncbi.nlm.nih.gov/articles/PMC12587445/,author-curated candidate; not Tier A direct assay truth,DIGITOXIN,WDJUZGPOPHTGOT-XUDUSOBPSA-N,WDJUZGPOPHTGOT-XUDUSOBPSA-N,C[C@H]1O[C@@H](O[C@H]2[C@@H](O)C[C@H](O[C@H]3[C@@H](O)C[C@H](O[C@H]4CC[C@@]5(C)[C@H](CC[C@@H]6[C@@H]5CC[C@]5(C)[C@@H](C7=CC(=O)OC7)CC[C@]65O)C4)O[C@@H]3C)O[C@@H]2C)C[C@H](O)[C@@H]1O,CC1OC(OC2C(O)CC(OC3C(O)CC(OC4CCC5(C)C(CCC6C5CCC5(C)C(C7=CC(=O)OC7)CCC65O)C4)OC3C)OC2C)CC(O)C1O,WDJUZGPOPHTGOT-XUDUSOBPSA-N,match,O=C1C=C(C2CCC3C2CCC2C4CCC(OC5CCC(OC6CCC(OC7CCCCO7)CO6)CO5)CC4CCC23)CO1,CC1CCC(C2CCC3C2CCC2C4CCC(CC5CCC(CC6CCC(CC7CCCCC7)CC6)CC5)CC4CCC23)C1
CAND::T10_AUD_00169,ABCB1,,0,0,candidate_supervised,B_author_curated_no_row_primary_assay,ChEMBL,Daood author-curated ChEMBL records,1.0,ISMPQYNARQTPQQ-ULMSCDGUSA-N,ISMPQYNARQTPQQ-ULMSCDGUSA-N,C[C@H]1SC(=N)N[C@](C)(c2cc(NC(=O)c3ccc(OCF)cn3)ccc2F)[C@H]1F,,N=C1NC(c2cccc(NC(=O)c3ccccn3)c2)CCS1,424.448,3.9918,87.1,,,,,,T10_AUD_00169,https://pmc.ncbi.nlm.nih.gov/articles/PMC12587445/,author-curated candidate; not Tier A direct assay truth,,ISMPQYNARQTPQQ-ULMSCDGUSA-N,ISMPQYNARQTPQQ-ULMSCDGUSA-N,C[C@H]1SC(=N)N[C@](C)(c2cc(NC(=O)c3ccc(OCF)cn3)ccc2F)[C@H]1F,CC1SC(=N)NC(C)(c2cc(NC(=O)c3ccc(OCF)cn3)ccc2F)C1F,ISMPQYNARQTPQQ-ULMSCDGUSA-N,match,N=C1NC(c2cccc(NC(=O)c3ccccn3)c2)CCS1,CC1CCCC(C2CCCC(CC(C)C3CCCCC3)C2)C1
CAND::T10_AUD_00170,ABCB1,VALSPODAR,0,0,candidate_supervised,B_author_curated_no_row_primary_assay,ChEMBL,Daood author-curated ChEMBL records,1.0,YJDYDFNKCBANTM-CYYJNZCTSA-N,YJDYDFNKCBANTM-CYYJNZCTSA-N,C/C=C/CC(C)C(=O)C1C(=O)NC(C(C)C)C(=O)N(C)CC(=O)N(C)C(CC(C)C)C(=O)NC(C(C)C)C(=O)N(C)C(CC(C)C)C(=O)NC(C)C(=O)NC(C)C(=O)N(C)C(CC(C)C)C(=O)N(C)C(CC(C)C)C(=O)N(C)C(C(C)C)C(=O)N1C,,O=C1CNC(=O)CNC(=O)CNC(=O)CNC(=O)CNC(=O)CNC(=O)CNC(=O)CNC(=O)CNC(=O)CNC(=O)CN1,1214.646,3.7232,275.64,,,,,,T10_AUD_00170,https://pmc.ncbi.nlm.nih.gov/articles/PMC12587445/,author-curated candidate; not Tier A direct assay truth,VALSPODAR,YJDYDFNKCBANTM-CYYJNZCTSA-N,YJDYDFNKCBANTM-CYYJNZCTSA-N,C/C=C/CC(C)C(=O)C1C(=O)NC(C(C)C)C(=O)N(C)CC(=O)N(C)C(CC(C)C)C(=O)NC(C(C)C)C(=O)N(C)C(CC(C)C)C(=O)NC(C)C(=O)NC(C)C(=O)N(C)C(CC(C)C)C(=O)N(C)C(CC(C)C)C(=O)N(C)C(C(C)C)C(=O)N1C,CC=CCC(C)C(=O)C1C(=O)NC(C(C)C)C(=O)N(C)CC(=O)N(C)C(CC(C)C)C(=O)NC(C(C)C)C(=O)N(C)C(CC(C)C)C(=O)NC(C)C(=O)NC(C)C(=O)N(C)C(CC(C)C)C(=O)N(C)C(CC(C)C)C(=O)N(C)C(C(C)C)C(=O)N1C,YJDYDFNKCBANTM-CYYJNZCTSA-N,match,O=C1CNC(=O)CNC(=O)CNC(=O)CNC(=O)CNC(=O)CNC(=O)CNC(=O)CNC(=O)CNC(=O)CNC(=O)CN1,CC1CCC(C)CCC(C)CCC(C)CCC(C)CCC(C)CCC(C)CCC(C)CCC(C)CCC(C)CCC(C)CC1
CAND::T10_AUD_00171,ABCB1,CYCLOSPORINE,1,1,candidate_supervised,B_author_curated_no_row_primary_assay,ChEMBL,Daood author-curated ChEMBL records,1.0,PMATZTZNYRCHOR-KMSBSJHKSA-N,PMATZTZNYRCHOR-KMSBSJHKSA-N,C/C=C/C[C@@H](C)[C@@H](O)C1C(=O)NC(CC)C(=O)N(C)CC(=O)N(C)C(CC(C)C)C(=O)NC(C(C)C)C(=O)N(C)C(CC(C)C)C(=O)NC(C)C(=O)NC(C)C(=O)N(C)C(CC(C)C)C(=O)N(C)C(CC(C)C)C(=O)N(C)C(C(C)C)C(=O)N1C,,O=C1CNC(=O)CNC(=O)CNC(=O)CNC(=O)CNC(=O)CNC(=O)CNC(=O)CNC(=O)CNC(=O)CNC(=O)CN1,1202.635,3.269,278.8,,,,,,T10_AUD_00171,https://pmc.ncbi.nlm.nih.gov/articles/PMC12587445/,author-curated candidate; not Tier A direct assay truth,CYCLOSPORINE,PMATZTZNYRCHOR-KMSBSJHKSA-N,PMATZTZNYRCHOR-KMSBSJHKSA-N,C/C=C/C[C@@H](C)[C@@H](O)C1C(=O)NC(CC)C(=O)N(C)CC(=O)N(C)C(CC(C)C)C(=O)NC(C(C)C)C(=O)N(C)C(CC(C)C)C(=O)NC(C)C(=O)NC(C)C(=O)N(C)C(CC(C)C)C(=O)N(C)C(CC(C)C)C(=O)N(C)C(C(C)C)C(=O)N1C,CC=CCC(C)C(O)C1C(=O)NC(CC)C(=O)N(C)CC(=O)N(C)C(CC(C)C)C(=O)NC(C(C)C)C(=O)N(C)C(CC(C)C)C(=O)NC(C)C(=O)NC(C)C(=O)N(C)C(CC(C)C)C(=O)N(C)C(CC(C)C)C(=O)N(C)C(C(C)C)C(=O)N1C,PMATZTZNYRCHOR-KMSBSJHKSA-N,match,O=C1CNC(=O)CNC(=O)CNC(=O)CNC(=O)CNC(=O)CNC(=O)CNC(=O)CNC(=O)CNC(=O)CNC(=O)CN1,CC1CCC(C)CCC(C)CCC(C)CCC(C)CCC(C)CCC(C)CCC(C)CCC(C)CCC(C)CCC(C)CC1
CAND::T10_AUD_00172,ABCB1,ENDOXIFEN,1,1,candidate_supervised,B_author_curated_no_row_primary_assay,ChEMBL,Daood author-curated ChEMBL records,1.0,MHJBZVSGOZTKRH-UHFFFAOYSA-N,MHJBZVSGOZTKRH-UHFFFAOYSA-N,CCC(=C(c1ccc(O)cc1)c1ccc(OCCNC)cc1)c1ccccc1,,C(=C(c1ccccc1)c1ccccc1)c1ccccc1,373.496,5.3595,41.49,,,,,,T10_AUD_00172,https://pmc.ncbi.nlm.nih.gov/articles/PMC12587445/,author-curated candidate; not Tier A direct assay truth,ENDOXIFEN,MHJBZVSGOZTKRH-UHFFFAOYSA-N,MHJBZVSGOZTKRH-UHFFFAOYSA-N,CCC(=C(c1ccc(O)cc1)c1ccc(OCCNC)cc1)c1ccccc1,CCC(=C(c1ccc(O)cc1)c1ccc(OCCNC)cc1)c1ccccc1,MHJBZVSGOZTKRH-UHFFFAOYSA-N,match,C(=C(c1ccccc1)c1ccccc1)c1ccccc1,C1CCC(CC(C2CCCCC2)C2CCCCC2)CC1
CAND::T10_AUD_00173,ABCB1,TAMOXIFEN,0,0,candidate_supervised,B_author_curated_no_row_primary_assay,ChEMBL,Daood author-curated ChEMBL records,1.0,NKANXQFJJICGDU-QPLCGJKRSA-N,NKANXQFJJICGDU-QPLCGJKRSA-N,CC/C(=C(\c1ccccc1)c1ccc(OCCN(C)C)cc1)c1ccccc1,,C(=C(c1ccccc1)c1ccccc1)c1ccccc1,371.524,5.9961,12.47,,,,,,T10_AUD_00173,https://pmc.ncbi.nlm.nih.gov/articles/PMC12587445/,author-curated candidate; not Tier A direct assay truth,TAMOXIFEN,NKANXQFJJICGDU-QPLCGJKRSA-N,NKANXQFJJICGDU-QPLCGJKRSA-N,CC/C(=C(\c1ccccc1)c1ccc(OCCN(C)C)cc1)c1ccccc1,CCC(=C(c1ccccc1)c1ccc(OCCN(C)C)cc1)c1ccccc1,NKANXQFJJICGDU-QPLCGJKRSA-N,match,C(=C(c1ccccc1)c1ccccc1)c1ccccc1,C1CCC(CC(C2CCCCC2)C2CCCCC2)CC1
CAND::T10_AUD_00174,ABCB1,METHADONE,0,0,candidate_supervised,B_author_curated_no_row_primary_assay,ChEMBL,Daood author-curated ChEMBL records,1.0,USSIQXCVUWKGNF-UHFFFAOYSA-N,USSIQXCVUWKGNF-UHFFFAOYSA-N,CCC(=O)C(CC(C)N(C)C)(c1ccccc1)c1ccccc1,,c1ccc(Cc2ccccc2)cc1,309.453,4.292,20.31,,,,,,T10_AUD_00174,https://pmc.ncbi.nlm.nih.gov/articles/PMC12587445/,author-curated candidate; not Tier A direct assay truth,METHADONE,USSIQXCVUWKGNF-UHFFFAOYSA-N,USSIQXCVUWKGNF-UHFFFAOYSA-N,CCC(=O)C(CC(C)N(C)C)(c1ccccc1)c1ccccc1,CCC(=O)C(CC(C)N(C)C)(c1ccccc1)c1ccccc1,USSIQXCVUWKGNF-UHFFFAOYSA-N,match,c1ccc(Cc2ccccc2)cc1,C1CCC(CC2CCCCC2)CC1
CAND::T10_AUD_00175,ABCB1,SUFENTANIL,0,0,candidate_supervised,B_author_curated_no_row_primary_assay,ChEMBL,Daood author-curated ChEMBL records,1.0,GGCSSNBKKAUURC-UHFFFAOYSA-N,GGCSSNBKKAUURC-UHFFFAOYSA-N,CCC(=O)N(c1ccccc1)C1(COC)CCN(CCc2cccs2)CC1,,c1ccc(NC2CCN(CCc3cccs3)CC2)cc1,386.561,4.2148,32.78,,,,,,T10_AUD_00175,https://pmc.ncbi.nlm.nih.gov/articles/PMC12587445/,author-curated candidate; not Tier A direct assay truth,SUFENTANIL,GGCSSNBKKAUURC-UHFFFAOYSA-N,GGCSSNBKKAUURC-UHFFFAOYSA-N,CCC(=O)N(c1ccccc1)C1(COC)CCN(CCc2cccs2)CC1,CCC(=O)N(c1ccccc1)C1(COC)CCN(CCc2cccs2)CC1,GGCSSNBKKAUURC-UHFFFAOYSA-N,match,c1ccc(NC2CCN(CCc3cccs3)CC2)cc1,C1CCC(CC2CCC(CCC3CCCC3)CC2)CC1
CAND::T10_AUD_00176,ABCB1,ALFENTANIL,0,0,candidate_supervised,B_author_curated_no_row_primary_assay,ChEMBL,Daood author-curated ChEMBL records,1.0,IDBPHNDTYPBSNI-UHFFFAOYSA-N,IDBPHNDTYPBSNI-UHFFFAOYSA-N,CCC(=O)N(c1ccccc1)C1(COC)CCN(CCn2nnn(CC)c2=O)CC1,,O=c1[nH]nnn1CCN1CCC(Nc2ccccc2)CC1,416.526,1.3839,85.49,,,,,,T10_AUD_00176,https://pmc.ncbi.nlm.nih.gov/articles/PMC12587445/,author-curated candidate; not Tier A direct assay truth,ALFENTANIL,IDBPHNDTYPBSNI-UHFFFAOYSA-N,IDBPHNDTYPBSNI-UHFFFAOYSA-N,CCC(=O)N(c1ccccc1)C1(COC)CCN(CCn2nnn(CC)c2=O)CC1,CCC(=O)N(c1ccccc1)C1(COC)CCN(CCn2nnn(CC)c2=O)CC1,IDBPHNDTYPBSNI-UHFFFAOYSA-N,match,O=c1[nH]nnn1CCN1CCC(Nc2ccccc2)CC1,CC1CCCC1CCC1CCC(CC2CCCCC2)CC1
CAND::T10_AUD_00177,ABCB1,,1,1,candidate_supervised,B_author_curated_no_row_primary_assay,ChEMBL,Daood author-curated ChEMBL records,1.0,NLNOWQRDYKTGNE-NHYWBVRUSA-N,NLNOWQRDYKTGNE-NHYWBVRUSA-N,CCC(=O)NC[C@@H]1CNCCO[C@H]1c1ccc(Cl)c(Cl)c1,,c1ccc(C2CCNCCO2)cc1,331.243,2.7967,50.36,,,,,,T10_AUD_00177,https://pmc.ncbi.nlm.nih.gov/articles/PMC12587445/,author-curated candidate; not Tier A direct assay truth,,NLNOWQRDYKTGNE-NHYWBVRUSA-N,NLNOWQRDYKTGNE-NHYWBVRUSA-N,CCC(=O)NC[C@@H]1CNCCO[C@H]1c1ccc(Cl)c(Cl)c1,CCC(=O)NCC1CNCCOC1c1ccc(Cl)c(Cl)c1,NLNOWQRDYKTGNE-NHYWBVRUSA-N,match,c1ccc(C2CCNCCO2)cc1,C1CCCC(C2CCCCC2)CC1
CAND::T10_AUD_00178,ABCB1,POSACONAZOLE,1,1,candidate_supervised,B_author_curated_no_row_primary_assay,ChEMBL,Daood author-curated ChEMBL records,1.0,RAGOYPUPXAKGKH-XAKZXMRKSA-N,RAGOYPUPXAKGKH-XAKZXMRKSA-N,CC[C@@H]([C@H](C)O)n1ncn(-c2ccc(N3CCN(c4ccc(OC[C@@H]5CO[C@@](Cn6cncn6)(c6ccc(F)cc6F)C5)cc4)CC3)cc2)c1=O,,O=c1[nH]ncn1-c1ccc(N2CCN(c3ccc(OCC4COC(Cn5cncn5)(c5ccccc5)C4)cc3)CC2)cc1,700.791,4.5732,115.7,,,,,,T10_AUD_00178,https://pmc.ncbi.nlm.nih.gov/articles/PMC12587445/,author-curated candidate; not Tier A direct assay truth,POSACONAZOLE,RAGOYPUPXAKGKH-XAKZXMRKSA-N,RAGOYPUPXAKGKH-XAKZXMRKSA-N,CC[C@@H]([C@H](C)O)n1ncn(-c2ccc(N3CCN(c4ccc(OC[C@@H]5CO[C@@](Cn6cncn6)(c6ccc(F)cc6F)C5)cc4)CC3)cc2)c1=O,CCC(C(C)O)n1ncn(-c2ccc(N3CCN(c4ccc(OCC5COC(Cn6cncn6)(c6ccc(F)cc6F)C5)cc4)CC3)cc2)c1=O,RAGOYPUPXAKGKH-XAKZXMRKSA-N,match,O=c1[nH]ncn1-c1ccc(N2CCN(c3ccc(OCC4COC(Cn5cncn5)(c5ccccc5)C4)cc3)CC2)cc1,CC1CCCC1C1CCC(C2CCC(C3CCC(CCC4CCC(CC5CCCC5)(C5CCCCC5)C4)CC3)CC2)CC1
CAND::T10_AUD_00179,ABCB1,DIMEBUTIC ACID,0,0,candidate_supervised,B_author_curated_no_row_primary_assay,ChEMBL,Daood author-curated ChEMBL records,1.0,VUAXHMVRKOTJKP-UHFFFAOYSA-N,VUAXHMVRKOTJKP-UHFFFAOYSA-N,CCC(C)(C)C(=O)O,,,116.16,1.5072,37.3,,,,,,T10_AUD_00179,https://pmc.ncbi.nlm.nih.gov/articles/PMC12587445/,author-curated candidate; not Tier A direct assay truth,DIMEBUTIC ACID,VUAXHMVRKOTJKP-UHFFFAOYSA-N,VUAXHMVRKOTJKP-UHFFFAOYSA-N,CCC(C)(C)C(=O)O,CCC(C)(C)C(=O)O,VUAXHMVRKOTJKP-UHFFFAOYSA-N,match,ACYCLIC::VUAXHMVRKOTJKP-UHFFFAOYSA-N,ACYCLIC::VUAXHMVRKOTJKP-UHFFFAOYSA-N
CAND::T10_AUD_00180,ABCB1,TENIVASTATIN,1,1,candidate_supervised,B_author_curated_no_row_primary_assay,ChEMBL,Daood author-curated ChEMBL records,1.0,XWLXKKNPFMNSFA-HGQWONQESA-N,XWLXKKNPFMNSFA-HGQWONQESA-N,CCC(C)(C)C(=O)O[C@H]1C[C@@H](C)C=C2C=C[C@H](C)[C@H](CC[C@@H](O)C[C@@H](O)CC(=O)O)[C@H]21,,C1=CC2=CCCCC2CC1,436.589,4.1057,104.06,,,,,,T10_AUD_00180,https://pmc.ncbi.nlm.nih.gov/articles/PMC12587445/,author-curated candidate; not Tier A direct assay truth,TENIVASTATIN,XWLXKKNPFMNSFA-HGQWONQESA-N,XWLXKKNPFMNSFA-HGQWONQESA-N,CCC(C)(C)C(=O)O[C@H]1C[C@@H](C)C=C2C=C[C@H](C)[C@H](CC[C@@H](O)C[C@@H](O)CC(=O)O)[C@H]21,CCC(C)(C)C(=O)OC1CC(C)C=C2C=CC(C)C(CCC(O)CC(O)CC(=O)O)C21,XWLXKKNPFMNSFA-HGQWONQESA-N,match,C1=CC2=CCCCC2CC1,C1CCC2CCCCC2C1
CAND::T10_AUD_00181,ABCB1,SIMVASTATIN,0,0,candidate_supervised,B_author_curated_no_row_primary_assay,ChEMBL,Daood author-curated ChEMBL records,1.0,RYMZZMVNJRMUDD-HGQWONQESA-N,RYMZZMVNJRMUDD-HGQWONQESA-N,CCC(C)(C)C(=O)O[C@H]1C[C@@H](C)C=C2C=C[C@H](C)[C@H](CC[C@@H]3C[C@@H](O)CC(=O)O3)[C@H]21,,O=C1CCCC(CCC2CC=CC3=CCCCC32)O1,418.574,4.5856,72.83,,,,,,T10_AUD_00181,https://pmc.ncbi.nlm.nih.gov/articles/PMC12587445/,author-curated candidate; not Tier A direct assay truth,SIMVASTATIN,RYMZZMVNJRMUDD-HGQWONQESA-N,RYMZZMVNJRMUDD-HGQWONQESA-N,CCC(C)(C)C(=O)O[C@H]1C[C@@H](C)C=C2C=C[C@H](C)[C@H](CC[C@@H]3C[C@@H](O)CC(=O)O3)[C@H]21,CCC(C)(C)C(=O)OC1CC(C)C=C2C=CC(C)C(CCC3CC(O)CC(=O)O3)C21,RYMZZMVNJRMUDD-HGQWONQESA-N,match,O=C1CCCC(CCC2CC=CC3=CCCCC32)O1,CC1CCCC(CCC2CCCC3CCCCC32)C1
CAND::T10_AUD_00182,ABCB1,LOVASTATIN,1,1,candidate_supervised,B_author_curated_no_row_primary_assay,ChEMBL,Daood author-curated ChEMBL records,1.0,PCZOHLXUXFIOCF-SGFUJYLFSA-N,PCZOHLXUXFIOCF-SGFUJYLFSA-N,CCC(C)C(=O)O[C@H]1C[C@@H](C)C=C2C=C[C@H](C)[C@H](CC[C@@H]3C[C@@H](O)CC(=O)O3)[C@H]21,,O=C1CCCC(CCC2CC=CC3=CCCCC32)O1,404.547,4.1955,72.83,,,,,,T10_AUD_00182,https://pmc.ncbi.nlm.nih.gov/articles/PMC12587445/,author-curated candidate; not Tier A direct assay truth,LOVASTATIN,PCZOHLXUXFIOCF-SGFUJYLFSA-N,PCZOHLXUXFIOCF-SGFUJYLFSA-N,CCC(C)C(=O)O[C@H]1C[C@@H](C)C=C2C=C[C@H](C)[C@H](CC[C@@H]3C[C@@H](O)CC(=O)O3)[C@H]21,CCC(C)C(=O)OC1CC(C)C=C2C=CC(C)C(CCC3CC(O)CC(=O)O3)C21,PCZOHLXUXFIOCF-SGFUJYLFSA-N,match,O=C1CCCC(CCC2CC=CC3=CCCCC32)O1,CC1CCCC(CCC2CCCC3CCCCC32)C1
CAND::T10_AUD_00183,ABCB1,IVERMECTIN,1,1,candidate_supervised,B_author_curated_no_row_primary_assay,ChEMBL,Daood author-curated ChEMBL records,1.0,AZSNMRSAGSSBNP-RDKIRRGNSA-N,AZSNMRSAGSSBNP-RDKIRRGNSA-N,CC[C@H](C)[C@H]1O[C@]2(CC[C@@H]1C)C[C@@H]1C[C@@H](C/C=C(\C)[C@@H](O[C@H]3C[C@H](OC)[C@@H](O[C@H]4C[C@H](OC)[C@@H](O)[C@H](C)O4)[C@H](C)O3)[C@@H](C)/C=C/C=C3\CO[C@@H]4[C@H](O)C(C)=CC(C(=O)O1)[C@]34O)O2,,O=C1OC2CC(CC=CC(OC3CCC(OC4CCCCO4)CO3)CC=CC=C3COC4CC=CC1C34)OC1(CCCCO1)C2,875.106,5.6014,170.06,,,,,,T10_AUD_00183,https://pmc.ncbi.nlm.nih.gov/articles/PMC12587445/,author-curated candidate; not Tier A direct assay truth,IVERMECTIN,AZSNMRSAGSSBNP-RDKIRRGNSA-N,AZSNMRSAGSSBNP-RDKIRRGNSA-N,CC[C@H](C)[C@H]1O[C@]2(CC[C@@H]1C)C[C@@H]1C[C@@H](C/C=C(\C)[C@@H](O[C@H]3C[C@H](OC)[C@@H](O[C@H]4C[C@H](OC)[C@@H](O)[C@H](C)O4)[C@H](C)O3)[C@@H](C)/C=C/C=C3\CO[C@@H]4[C@H](O)C(C)=CC(C(=O)O1)[C@]34O)O2,CCC(C)C1OC2(CCC1C)CC1CC(CC=C(C)C(OC3CC(OC)C(OC4CC(OC)C(O)C(C)O4)C(C)O3)C(C)C=CC=C3COC4C(O)C(C)=CC(C(=O)O1)C34O)O2,AZSNMRSAGSSBNP-RDKIRRGNSA-N,match,O=C1OC2CC(CC=CC(OC3CCC(OC4CCCCO4)CO3)CC=CC=C3COC4CC=CC1C34)OC1(CCCCO1)C2,CC1CC2CC(CCCC(CC3CCC(CC4CCCCC4)CC3)CCCCC3CCC4CCCC1C34)CC1(CCCCC1)C2
CAND::T10_AUD_00184,ABCB1,,0,0,candidate_supervised,B_author_curated_no_row_primary_assay,ChEMBL,Daood author-curated ChEMBL records,1.0,CGKOZHXQPVVUIM-DSRMTXSPSA-N,CGKOZHXQPVVUIM-DSRMTXSPSA-N,CC[C@@H](C)n1ncn(-c2ccc(N3CCN(c4ccc(OC[C@@H]5CO[C@@](C)(c6ccc(F)cc6F)C5)cc4)CC3)cc2)c1=O,,O=c1[nH]ncn1-c1ccc(N2CCN(c3ccc(OCC4COC(c5ccccc5)C4)cc3)CC2)cc1,603.714,5.9405,64.76,,,,,,T10_AUD_00184,https://pmc.ncbi.nlm.nih.gov/articles/PMC12587445/,author-curated candidate; not Tier A direct assay truth,,CGKOZHXQPVVUIM-DSRMTXSPSA-N,CGKOZHXQPVVUIM-DSRMTXSPSA-N,CC[C@@H](C)n1ncn(-c2ccc(N3CCN(c4ccc(OC[C@@H]5CO[C@@](C)(c6ccc(F)cc6F)C5)cc4)CC3)cc2)c1=O,CCC(C)n1ncn(-c2ccc(N3CCN(c4ccc(OCC5COC(C)(c6ccc(F)cc6F)C5)cc4)CC3)cc2)c1=O,CGKOZHXQPVVUIM-DSRMTXSPSA-N,match,O=c1[nH]ncn1-c1ccc(N2CCN(c3ccc(OCC4COC(c5ccccc5)C4)cc3)CC2)cc1,CC1CCCC1C1CCC(C2CCC(C3CCC(CCC4CCC(C5CCCCC5)C4)CC3)CC2)CC1
CAND::T10_AUD_00185,ABCB1,ITRACONAZOLE,0,0,candidate_supervised,B_author_curated_no_row_primary_assay,ChEMBL,Daood author-curated ChEMBL records,1.0,VHVPQPYKVGDNFY-UHFFFAOYSA-N,VHVPQPYKVGDNFY-UHFFFAOYSA-N,CCC(C)n1ncn(-c2ccc(N3CCN(c4ccc(OCC5COC(Cn6cncn6)(c6ccc(Cl)cc6Cl)O5)cc4)CC3)cc2)c1=O,,O=c1[nH]ncn1-c1ccc(N2CCN(c3ccc(OCC4COC(Cn5cncn5)(c5ccccc5)O4)cc3)CC2)cc1,705.647,5.5773,104.7,,,,,,T10_AUD_00185,https://pmc.ncbi.nlm.nih.gov/articles/PMC12587445/,author-curated candidate; not Tier A direct assay truth,ITRACONAZOLE,VHVPQPYKVGDNFY-UHFFFAOYSA-N,VHVPQPYKVGDNFY-UHFFFAOYSA-N,CCC(C)n1ncn(-c2ccc(N3CCN(c4ccc(OCC5COC(Cn6cncn6)(c6ccc(Cl)cc6Cl)O5)cc4)CC3)cc2)c1=O,CCC(C)n1ncn(-c2ccc(N3CCN(c4ccc(OCC5COC(Cn6cncn6)(c6ccc(Cl)cc6Cl)O5)cc4)CC3)cc2)c1=O,VHVPQPYKVGDNFY-UHFFFAOYSA-N,match,O=c1[nH]ncn1-c1ccc(N2CCN(c3ccc(OCC4COC(Cn5cncn5)(c5ccccc5)O4)cc3)CC2)cc1,CC1CCCC1C1CCC(C2CCC(C3CCC(CCC4CCC(CC5CCCC5)(C5CCCCC5)C4)CC3)CC2)CC1
CAND::T10_AUD_00187,ABCB1,BETA-SITOSTEROL,0,0,candidate_supervised,B_author_curated_no_row_primary_assay,ChEMBL,Daood author-curated ChEMBL records,1.0,KZJWDPNRJALLNS-VJSFXXLFSA-N,KZJWDPNRJALLNS-VJSFXXLFSA-N,CC[C@H](CC[C@@H](C)[C@H]1CC[C@H]2[C@@H]3CC=C4C[C@@H](O)CC[C@]4(C)[C@H]3CC[C@]12C)C(C)C,,C1=C2CCCCC2C2CCC3CCCC3C2C1,414.718,8.0248,20.23,,,,,,T10_AUD_00187,https://pmc.ncbi.nlm.nih.gov/articles/PMC12587445/,author-curated candidate; not Tier A direct assay truth,BETA-SITOSTEROL,KZJWDPNRJALLNS-VJSFXXLFSA-N,KZJWDPNRJALLNS-VJSFXXLFSA-N,CC[C@H](CC[C@@H](C)[C@H]1CC[C@H]2[C@@H]3CC=C4C[C@@H](O)CC[C@]4(C)[C@H]3CC[C@]12C)C(C)C,CCC(CCC(C)C1CCC2C3CC=C4CC(O)CCC4(C)C3CCC12C)C(C)C,KZJWDPNRJALLNS-VJSFXXLFSA-N,match,C1=C2CCCCC2C2CCC3CCCC3C2C1,C1CCC2C(C1)CCC1C3CCCC3CCC21
CAND::T10_AUD_00189,ABCB1,,1,1,candidate_supervised,B_author_curated_no_row_primary_assay,ChEMBL,Daood author-curated ChEMBL records,1.0,XIVQNOQUXQCLEI-MJEJSGFCSA-N,XIVQNOQUXQCLEI-MJEJSGFCSA-N,CCC(NC)C(=O)NC(C(=O)N1C[C@@H]2Cc3cc(C#N)ccc3N2CC1C(=O)N[C@@H]1CCOc2ccccc21)C1CCCCC1,,O=C(NC1CCOc2ccccc21)C1CN2c3ccccc3CC2CN1C(=O)CC1CCCCC1,612.775,3.2033,126.8,,,,,,T10_AUD_00189,https://pmc.ncbi.nlm.nih.gov/articles/PMC12587445/,author-curated candidate; not Tier A direct assay truth,,XIVQNOQUXQCLEI-MJEJSGFCSA-N,XIVQNOQUXQCLEI-MJEJSGFCSA-N,CCC(NC)C(=O)NC(C(=O)N1C[C@@H]2Cc3cc(C#N)ccc3N2CC1C(=O)N[C@@H]1CCOc2ccccc21)C1CCCCC1,CCC(NC)C(=O)NC(C(=O)N1CC2Cc3cc(C#N)ccc3N2CC1C(=O)NC1CCOc2ccccc21)C1CCCCC1,XIVQNOQUXQCLEI-MJEJSGFCSA-N,match,O=C(NC1CCOc2ccccc21)C1CN2c3ccccc3CC2CN1C(=O)CC1CCCCC1,CC(CC1CCCCC1)C1CC2CC3CCCCC3C2CC1C(C)CC1CCCC2CCCCC21
CAND::T10_AUD_00190,ABCB1,,0,0,candidate_supervised,B_author_curated_no_row_primary_assay,ChEMBL,Daood author-curated ChEMBL records,1.0,KSALHYXGSMEPIV-JKDYGQFISA-N,KSALHYXGSMEPIV-JKDYGQFISA-N,CCC(NC)C(=O)NC(C(=O)N1C[C@@H]2Cc3cc(Cl)cc(Cl)c3N2CC1C(=O)N[C@@H]1CCOc2ccccc21)C1CCCCC1,,O=C(NC1CCOc2ccccc21)C1CN2c3ccccc3CC2CN1C(=O)CC1CCCCC1,656.655,4.6384,103.01,,,,,,T10_AUD_00190,https://pmc.ncbi.nlm.nih.gov/articles/PMC12587445/,author-curated candidate; not Tier A direct assay truth,,KSALHYXGSMEPIV-JKDYGQFISA-N,KSALHYXGSMEPIV-JKDYGQFISA-N,CCC(NC)C(=O)NC(C(=O)N1C[C@@H]2Cc3cc(Cl)cc(Cl)c3N2CC1C(=O)N[C@@H]1CCOc2ccccc21)C1CCCCC1,CCC(NC)C(=O)NC(C(=O)N1CC2Cc3cc(Cl)cc(Cl)c3N2CC1C(=O)NC1CCOc2ccccc21)C1CCCCC1,KSALHYXGSMEPIV-JKDYGQFISA-N,match,O=C(NC1CCOc2ccccc21)C1CN2c3ccccc3CC2CN1C(=O)CC1CCCCC1,CC(CC1CCCCC1)C1CC2CC3CCCCC3C2CC1C(C)CC1CCCC2CCCCC21
CAND::T10_AUD_00191,ABCB1,,1,1,candidate_supervised,B_author_curated_no_row_primary_assay,ChEMBL,Daood author-curated ChEMBL records,1.0,TYXHMZBEDPKUQY-OSKRQOEISA-N,TYXHMZBEDPKUQY-OSKRQOEISA-N,CCC(NC)C(=O)NC(C(=O)N1C[C@@H]2Cc3ccccc3N2CC1C(=O)N[C@@H]1CCOc2ccccc21)C1CCCCC1,,O=C(NC1CCOc2ccccc21)C1CN2c3ccccc3CC2CN1C(=O)CC1CCCCC1,587.765,3.3316,103.01,,,,,,T10_AUD_00191,https://pmc.ncbi.nlm.nih.gov/articles/PMC12587445/,author-curated candidate; not Tier A direct assay truth,,TYXHMZBEDPKUQY-OSKRQOEISA-N,TYXHMZBEDPKUQY-OSKRQOEISA-N,CCC(NC)C(=O)NC(C(=O)N1C[C@@H]2Cc3ccccc3N2CC1C(=O)N[C@@H]1CCOc2ccccc21)C1CCCCC1,CCC(NC)C(=O)NC(C(=O)N1CC2Cc3ccccc3N2CC1C(=O)NC1CCOc2ccccc21)C1CCCCC1,TYXHMZBEDPKUQY-OSKRQOEISA-N,match,O=C(NC1CCOc2ccccc21)C1CN2c3ccccc3CC2CN1C(=O)CC1CCCCC1,CC(CC1CCCCC1)C1CC2CC3CCCCC3C2CC1C(C)CC1CCCC2CCCCC21
CAND::T10_AUD_00192,ABCB1,,1,1,candidate_supervised,B_author_curated_no_row_primary_assay,ChEMBL,Daood author-curated ChEMBL records,1.0,SJIFJFPZDNDEGR-KBEVUASJSA-N,SJIFJFPZDNDEGR-KBEVUASJSA-N,CC[C@@](O)(c1cn(C(C)c2ccc3c(-c4ccc(F)cc4)cc(C(N)=O)nc3c2)nn1)C(F)(F)F,,c1ccc(-c2ccnc3cc(Cn4ccnn4)ccc23)cc1,487.457,4.5005,106.92,,,,,,T10_AUD_00192,https://pmc.ncbi.nlm.nih.gov/articles/PMC12587445/,author-curated candidate; not Tier A direct assay truth,,SJIFJFPZDNDEGR-KBEVUASJSA-N,SJIFJFPZDNDEGR-KBEVUASJSA-N,CC[C@@](O)(c1cn(C(C)c2ccc3c(-c4ccc(F)cc4)cc(C(N)=O)nc3c2)nn1)C(F)(F)F,CCC(O)(c1cn(C(C)c2ccc3c(-c4ccc(F)cc4)cc(C(N)=O)nc3c2)nn1)C(F)(F)F,SJIFJFPZDNDEGR-KBEVUASJSA-N,match,c1ccc(-c2ccnc3cc(Cn4ccnn4)ccc23)cc1,C1CCC(C2CCCC3CC(CC4CCCC4)CCC32)CC1
CAND::T10_AUD_00193,ABCB1,,1,1,candidate_supervised,B_author_curated_no_row_primary_assay,ChEMBL,Daood author-curated ChEMBL records,1.0,HPUYYHXUYOZNBL-OAQYLSRUSA-N,HPUYYHXUYOZNBL-OAQYLSRUSA-N,CC[C@@](O)(c1cn(Cc2ccc3c(-c4ccc(F)cn4)cc(C(N)=O)nc3c2)nn1)C(F)(F)F,,c1ccc(-c2ccnc3cc(Cn4ccnn4)ccc23)nc1,474.418,3.3345,119.81,,,,,,T10_AUD_00193,https://pmc.ncbi.nlm.nih.gov/articles/PMC12587445/,author-curated candidate; not Tier A direct assay truth,,HPUYYHXUYOZNBL-OAQYLSRUSA-N,HPUYYHXUYOZNBL-OAQYLSRUSA-N,CC[C@@](O)(c1cn(Cc2ccc3c(-c4ccc(F)cn4)cc(C(N)=O)nc3c2)nn1)C(F)(F)F,CCC(O)(c1cn(Cc2ccc3c(-c4ccc(F)cn4)cc(C(N)=O)nc3c2)nn1)C(F)(F)F,HPUYYHXUYOZNBL-OAQYLSRUSA-N,match,c1ccc(-c2ccnc3cc(Cn4ccnn4)ccc23)nc1,C1CCC(C2CCCC3CC(CC4CCCC4)CCC32)CC1
CAND::T10_AUD_00195,ABCB1,MONENSIN,1,1,candidate_supervised,B_author_curated_no_row_primary_assay,ChEMBL,Daood author-curated ChEMBL records,1.0,GAOZTHIDHYLHMS-QPJULDDXSA-N,GAOZTHIDHYLHMS-QPJULDDXSA-N,CC[C@@]1([C@@H]2O[C@@H]([C@H]3O[C@@](O)(CO)[C@H](C)C[C@@H]3C)C[C@@H]2C)CC[C@H]([C@]2(C)CC[C@]3(C[C@H](O)[C@@H](C)[C@@H]([C@@H](C)[C@@H](OC)C(C)C(=O)O)O3)O2)O1,,C1CCC(C2CCC(C3CCC(C4CCC5(CCCCO5)O4)O3)O2)OC1,670.881,4.2729,153.37,,,,,,T10_AUD_00195,https://pmc.ncbi.nlm.nih.gov/articles/PMC12587445/,author-curated candidate; not Tier A direct assay truth,MONENSIN,GAOZTHIDHYLHMS-QPJULDDXSA-N,GAOZTHIDHYLHMS-QPJULDDXSA-N,CC[C@@]1([C@@H]2O[C@@H]([C@H]3O[C@@](O)(CO)[C@H](C)C[C@@H]3C)C[C@@H]2C)CC[C@H]([C@]2(C)CC[C@]3(C[C@H](O)[C@@H](C)[C@@H]([C@@H](C)[C@@H](OC)C(C)C(=O)O)O3)O2)O1,CCC1(C2OC(C3OC(O)(CO)C(C)CC3C)CC2C)CCC(C2(C)CCC3(CC(O)C(C)C(C(C)C(OC)C(C)C(=O)O)O3)O2)O1,GAOZTHIDHYLHMS-QPJULDDXSA-N,match,C1CCC(C2CCC(C3CCC(C4CCC5(CCCCO5)O4)O3)O2)OC1,C1CCC(C2CCC(C3CCC(C4CCC5(CCCCC5)C4)C3)C2)CC1
CAND::T10_AUD_00201,ABCB1,VINORELBINE,1,1,candidate_supervised,B_author_curated_no_row_primary_assay,ChEMBL,Daood author-curated ChEMBL records,1.0,GBABOYUKABKIAF-IELIFDKJSA-N,GBABOYUKABKIAF-IELIFDKJSA-N,CCC1=C[C@@H]2CN(C1)Cc1c([nH]c3ccccc13)[C@@](C(=O)OC)(c1cc3c(cc1OC)N(C)[C@H]1[C@@](O)(C(=O)OC)[C@H](OC(C)=O)[C@]4(CC)C=CCN5CC[C@]31[C@@H]54)C2,,C1=CC2CC(c3ccc4c(c3)C35CCN6CC=CC(CCC3N4)C65)c3[nH]c4ccccc4c3CN(C1)C2,778.947,4.7536,133.87,,,,,,T10_AUD_00201,https://pmc.ncbi.nlm.nih.gov/articles/PMC12587445/,author-curated candidate; not Tier A direct assay truth,VINORELBINE,GBABOYUKABKIAF-IELIFDKJSA-N,GBABOYUKABKIAF-IELIFDKJSA-N,CCC1=C[C@@H]2CN(C1)Cc1c([nH]c3ccccc13)[C@@](C(=O)OC)(c1cc3c(cc1OC)N(C)[C@H]1[C@@](O)(C(=O)OC)[C@H](OC(C)=O)[C@]4(CC)C=CCN5CC[C@]31[C@@H]54)C2,CCC1=CC2CN(C1)Cc1c([nH]c3ccccc13)C(C(=O)OC)(c1cc3c(cc1OC)N(C)C1C(O)(C(=O)OC)C(OC(C)=O)C4(CC)C=CCN5CCC31C54)C2,GBABOYUKABKIAF-IELIFDKJSA-N,match,C1=CC2CC(c3ccc4c(c3)C35CCN6CC=CC(CCC3N4)C65)c3[nH]c4ccccc4c3CN(C1)C2,C1CC2CC(C1)CC1C3CCCCC3CC1C(C1CCC3CC4CCC5CCCC6CCC4(C3C1)C56)C2
CAND::T10_AUD_00202,ABCB1,OPAVIRALINE,0,0,candidate_supervised,B_author_curated_no_row_primary_assay,ChEMBL,Daood author-curated ChEMBL records,1.0,KELNNWMENBUHNS-UHFFFAOYSA-N,KELNNWMENBUHNS-UHFFFAOYSA-N,CCC1C(=O)Nc2ccc(F)cc2N1C(=O)OC(C)C,,O=C1CNc2ccccc2N1,280.299,2.9078,58.64,,,,,,T10_AUD_00202,https://pmc.ncbi.nlm.nih.gov/articles/PMC12587445/,author-curated candidate; not Tier A direct assay truth,OPAVIRALINE,KELNNWMENBUHNS-UHFFFAOYSA-N,KELNNWMENBUHNS-UHFFFAOYSA-N,CCC1C(=O)Nc2ccc(F)cc2N1C(=O)OC(C)C,CCC1C(=O)Nc2ccc(F)cc2N1C(=O)OC(C)C,KELNNWMENBUHNS-UHFFFAOYSA-N,match,O=C1CNc2ccccc2N1,CC1CCC2CCCCC2C1
CAND::T10_AUD_00203,ABCB1,,0,0,candidate_supervised,B_author_curated_no_row_primary_assay,ChEMBL,Daood author-curated ChEMBL records,1.0,PHFSKADJAKQTSA-UHFFFAOYSA-N,PHFSKADJAKQTSA-UHFFFAOYSA-N,CCC1CCc2c(sc(NC(=O)c3ccnn3C)c2C(=O)Nc2ccccc2C)C1,,O=C(Nc1sc2c(c1C(=O)Nc1ccccc1)CCCC2)c1ccn[nH]1,422.554,4.8095,76.02,,,,,,T10_AUD_00203,https://pmc.ncbi.nlm.nih.gov/articles/PMC12587445/,author-curated candidate; not Tier A direct assay truth,,PHFSKADJAKQTSA-UHFFFAOYSA-N,PHFSKADJAKQTSA-UHFFFAOYSA-N,CCC1CCc2c(sc(NC(=O)c3ccnn3C)c2C(=O)Nc2ccccc2C)C1,CCC1CCc2c(sc(NC(=O)c3ccnn3C)c2C(=O)Nc2ccccc2C)C1,PHFSKADJAKQTSA-UHFFFAOYSA-N,match,O=C(Nc1sc2c(c1C(=O)Nc1ccccc1)CCCC2)c1ccn[nH]1,CC(CC1CC2CCCCC2C1C(C)CC1CCCCC1)C1CCCC1
CAND::T10_AUD_00204,ABCB1,EMETINE,1,1,candidate_supervised,B_author_curated_no_row_primary_assay,ChEMBL,Daood author-curated ChEMBL records,1.0,AUVVAXYIELKVAI-CKBKHPSWSA-N,AUVVAXYIELKVAI-CKBKHPSWSA-N,CC[C@H]1CN2CCc3cc(OC)c(OC)cc3[C@@H]2C[C@@H]1C[C@H]1NCCc2cc(OC)c(OC)cc21,,c1ccc2c(c1)CCNC2CC1CCN2CCc3ccccc3C2C1,480.649,4.9434,52.19,,,,,,T10_AUD_00204,https://pmc.ncbi.nlm.nih.gov/articles/PMC12587445/,author-curated candidate; not Tier A direct assay truth,EMETINE,AUVVAXYIELKVAI-CKBKHPSWSA-N,AUVVAXYIELKVAI-CKBKHPSWSA-N,CC[C@H]1CN2CCc3cc(OC)c(OC)cc3[C@@H]2C[C@@H]1C[C@H]1NCCc2cc(OC)c(OC)cc21,CCC1CN2CCc3cc(OC)c(OC)cc3C2CC1CC1NCCc2cc(OC)c(OC)cc21,AUVVAXYIELKVAI-CKBKHPSWSA-N,match,c1ccc2c(c1)CCNC2CC1CCN2CCc3ccccc3C2C1,C1CCC2C(C1)CCCC2CC1CCC2CCC3CCCCC3C2C1
CAND::T10_AUD_00205,ABCB1,,1,1,candidate_supervised,B_author_curated_no_row_primary_assay,ChEMBL,Daood author-curated ChEMBL records,1.0,JWNJXPKXYBPWQH-UHFFFAOYSA-N,JWNJXPKXYBPWQH-UHFFFAOYSA-N,CCC1C[N+]2(CCCC3(C)N=N3)C3CC45c6ccccc6N(C)C4C2CC1C3C5O,,c1ccc2c(c1)NC1C3CC4CC[N+]3(CCCC3N=N3)C3CC21CC43,407.582,3.7131,48.19,,,,,,T10_AUD_00205,https://pmc.ncbi.nlm.nih.gov/articles/PMC12587445/,author-curated candidate; not Tier A direct assay truth,,JWNJXPKXYBPWQH-UHFFFAOYSA-N,JWNJXPKXYBPWQH-UHFFFAOYSA-N,CCC1C[N+]2(CCCC3(C)N=N3)C3CC45c6ccccc6N(C)C4C2CC1C3C5O,CCC1C[N+]2(CCCC3(C)N=N3)C3CC45c6ccccc6N(C)C4C2CC1C3C5O,JWNJXPKXYBPWQH-UHFFFAOYSA-N,match,c1ccc2c(c1)NC1C3CC4CC[N+]3(CCCC3N=N3)C3CC21CC43,C1CCC2C(C1)CC1C3CC4CCC3(CCCC3CC3)C3CC21CC43
CAND::T10_AUD_00206,ABCB1,PRISTINAMYCIN 1A,1,1,candidate_supervised,B_author_curated_no_row_primary_assay,ChEMBL,Daood author-curated ChEMBL records,1.0,YGXCETJZBDTKRY-CRZDIKFOSA-N,YGXCETJZBDTKRY-CRZDIKFOSA-N,CCC1NC(=O)C(NC(=O)c2ncccc2O)[C@@H](C)OC(=O)C(c2ccccc2)NC(=O)C2CC(=O)CCN2C(=O)C(Cc2ccc(N(C)C)cc2)N(C)C(=O)C2CCCN2C1=O,,O=C1CCN2C(=O)C(Cc3ccccc3)NC(=O)C3CCCN3C(=O)CNC(=O)C(NC(=O)c3ccccn3)COC(=O)C(c3ccccc3)NC(=O)C2C1,866.973,1.27,227.96,,,,,,T10_AUD_00206,https://pmc.ncbi.nlm.nih.gov/articles/PMC12587445/,author-curated candidate; not Tier A direct assay truth,PRISTINAMYCIN 1A,YGXCETJZBDTKRY-CRZDIKFOSA-N,YGXCETJZBDTKRY-CRZDIKFOSA-N,CCC1NC(=O)C(NC(=O)c2ncccc2O)[C@@H](C)OC(=O)C(c2ccccc2)NC(=O)C2CC(=O)CCN2C(=O)C(Cc2ccc(N(C)C)cc2)N(C)C(=O)C2CCCN2C1=O,CCC1NC(=O)C(NC(=O)c2ncccc2O)C(C)OC(=O)C(c2ccccc2)NC(=O)C2CC(=O)CCN2C(=O)C(Cc2ccc(N(C)C)cc2)N(C)C(=O)C2CCCN2C1=O,YGXCETJZBDTKRY-CRZDIKFOSA-N,match,O=C1CCN2C(=O)C(Cc3ccccc3)NC(=O)C3CCCN3C(=O)CNC(=O)C(NC(=O)c3ccccn3)COC(=O)C(c3ccccc3)NC(=O)C2C1,CC1CCC2C(C)C(CC3CCCCC3)CC(C)C3CCCC3C(C)CCC(C)C(CC(C)C3CCCCC3)CCC(C)C(C3CCCCC3)CC(C)C2C1
CAND::T10_AUD_00207,ABCB1,ERYTHROMYCIN,1,1,candidate_supervised,B_author_curated_no_row_primary_assay,ChEMBL,Daood author-curated ChEMBL records,1.0,ULGZDMOVFRHVEP-ZWLFKSPASA-N,ULGZDMOVFRHVEP-ZWLFKSPASA-N,CC[C@H]1OC(=O)C(C)[C@@H](O[C@H]2C[C@@](C)(OC)[C@@H](O)[C@H](C)O2)[C@H](C)[C@@H](O[C@@H]2O[C@H](C)C[C@H](N(C)C)[C@H]2O)[C@](C)(O)CC(C)C(=O)C(C)[C@@H](O)[C@]1(C)O,,O=C1CCCCOC(=O)CC(OC2CCCCO2)CC(OC2CCCCO2)CCC1,733.937,1.7856,193.91,,,,,,T10_AUD_00207,https://pmc.ncbi.nlm.nih.gov/articles/PMC12587445/,author-curated candidate; not Tier A direct assay truth,ERYTHROMYCIN,ULGZDMOVFRHVEP-ZWLFKSPASA-N,ULGZDMOVFRHVEP-ZWLFKSPASA-N,CC[C@H]1OC(=O)C(C)[C@@H](O[C@H]2C[C@@](C)(OC)[C@@H](O)[C@H](C)O2)[C@H](C)[C@@H](O[C@@H]2O[C@H](C)C[C@H](N(C)C)[C@H]2O)[C@](C)(O)CC(C)C(=O)C(C)[C@@H](O)[C@]1(C)O,CCC1OC(=O)C(C)C(OC2CC(C)(OC)C(O)C(C)O2)C(C)C(OC2OC(C)CC(N(C)C)C2O)C(C)(O)CC(C)C(=O)C(C)C(O)C1(C)O,ULGZDMOVFRHVEP-ZWLFKSPASA-N,match,O=C1CCCCOC(=O)CC(OC2CCCCO2)CC(OC2CCCCO2)CCC1,CC1CCCCCC(C)CC(CC2CCCCC2)CC(CC2CCCCC2)CCC1
CAND::T10_AUD_00208,ABCB1,CLARITHROMYCIN,1,1,candidate_supervised,B_author_curated_no_row_primary_assay,ChEMBL,Daood author-curated ChEMBL records,1.0,AGOYDEPGAOXOCK-WLLSWQJKSA-N,AGOYDEPGAOXOCK-WLLSWQJKSA-N,CC[C@H]1OC(=O)C(C)[C@@H](O[C@H]2C[C@@](C)(OC)[C@@H](O)[C@H](C)O2)[C@H](C)[C@@H](O[C@@H]2O[C@H](C)C[C@H](N(C)C)[C@H]2O)[C@](C)(OC)CC(C)C(=O)C(C)[C@@H](O)[C@]1(C)O,,O=C1CCCCOC(=O)CC(OC2CCCCO2)CC(OC2CCCCO2)CCC1,747.964,2.4397,182.91,,,,,,T10_AUD_00208,https://pmc.ncbi.nlm.nih.gov/articles/PMC12587445/,author-curated candidate; not Tier A direct assay truth,CLARITHROMYCIN,AGOYDEPGAOXOCK-WLLSWQJKSA-N,AGOYDEPGAOXOCK-WLLSWQJKSA-N,CC[C@H]1OC(=O)C(C)[C@@H](O[C@H]2C[C@@](C)(OC)[C@@H](O)[C@H](C)O2)[C@H](C)[C@@H](O[C@@H]2O[C@H](C)C[C@H](N(C)C)[C@H]2O)[C@](C)(OC)CC(C)C(=O)C(C)[C@@H](O)[C@]1(C)O,CCC1OC(=O)C(C)C(OC2CC(C)(OC)C(O)C(C)O2)C(C)C(OC2OC(C)CC(N(C)C)C2O)C(C)(OC)CC(C)C(=O)C(C)C(O)C1(C)O,AGOYDEPGAOXOCK-WLLSWQJKSA-N,match,O=C1CCCCOC(=O)CC(OC2CCCCO2)CC(OC2CCCCO2)CCC1,CC1CCCCCC(C)CC(CC2CCCCC2)CC(CC2CCCCC2)CCC1
CAND::T10_AUD_00209,ABCB1,,1,1,candidate_supervised,B_author_curated_no_row_primary_assay,ChEMBL,Daood author-curated ChEMBL records,1.0,GPITZEUGTABUAY-LRDDRELGSA-N,GPITZEUGTABUAY-LRDDRELGSA-N,CCCC(=O)NC[C@@H]1CNCCO[C@H]1c1ccc(Cl)c(Cl)c1,,c1ccc(C2CCNCCO2)cc1,345.27,3.1868,50.36,,,,,,T10_AUD_00209,https://pmc.ncbi.nlm.nih.gov/articles/PMC12587445/,author-curated candidate; not Tier A direct assay truth,,GPITZEUGTABUAY-LRDDRELGSA-N,GPITZEUGTABUAY-LRDDRELGSA-N,CCCC(=O)NC[C@@H]1CNCCO[C@H]1c1ccc(Cl)c(Cl)c1,CCCC(=O)NCC1CNCCOC1c1ccc(Cl)c(Cl)c1,GPITZEUGTABUAY-LRDDRELGSA-N,match,c1ccc(C2CCNCCO2)cc1,C1CCCC(C2CCCCC2)CC1
CAND::T10_AUD_00210,ABCB1,ACEBUTOLOL,1,1,candidate_supervised,B_author_curated_no_row_primary_assay,ChEMBL,Daood author-curated ChEMBL records,1.0,GOEMGAFJFRBGGG-UHFFFAOYSA-N,GOEMGAFJFRBGGG-UHFFFAOYSA-N,CCCC(=O)Nc1ccc(OCC(O)CNC(C)C)c(C(C)=O)c1,,c1ccccc1,336.432,2.3655,87.66,,,,,,T10_AUD_00210,https://pmc.ncbi.nlm.nih.gov/articles/PMC12587445/,author-curated candidate; not Tier A direct assay truth,ACEBUTOLOL,GOEMGAFJFRBGGG-UHFFFAOYSA-N,GOEMGAFJFRBGGG-UHFFFAOYSA-N,CCCC(=O)Nc1ccc(OCC(O)CNC(C)C)c(C(C)=O)c1,CCCC(=O)Nc1ccc(OCC(O)CNC(C)C)c(C(C)=O)c1,GOEMGAFJFRBGGG-UHFFFAOYSA-N,match,c1ccccc1,C1CCCCC1
CAND::T10_AUD_00211,ABCB1,MEPROBAMATE,0,0,candidate_supervised,B_author_curated_no_row_primary_assay,ChEMBL,Daood author-curated ChEMBL records,1.0,NPPQSCRMBWNHMW-UHFFFAOYSA-N,NPPQSCRMBWNHMW-UHFFFAOYSA-N,CCCC(C)(COC(N)=O)COC(N)=O,,,218.253,0.9834,104.64,,,,,,T10_AUD_00211,https://pmc.ncbi.nlm.nih.gov/articles/PMC12587445/,author-curated candidate; not Tier A direct assay truth,MEPROBAMATE,NPPQSCRMBWNHMW-UHFFFAOYSA-N,NPPQSCRMBWNHMW-UHFFFAOYSA-N,CCCC(C)(COC(N)=O)COC(N)=O,CCCC(C)(COC(N)=O)COC(N)=O,NPPQSCRMBWNHMW-UHFFFAOYSA-N,match,ACYCLIC::NPPQSCRMBWNHMW-UHFFFAOYSA-N,ACYCLIC::NPPQSCRMBWNHMW-UHFFFAOYSA-N
CAND::T10_AUD_00213,ABCB1,,1,1,candidate_supervised,B_author_curated_no_row_primary_assay,ChEMBL,Daood author-curated ChEMBL records,1.0,JJGPEMHBCCAKID-NADBREJJSA-N,JJGPEMHBCCAKID-NADBREJJSA-N,CCCCCCCC/C=C\CCCCCCCC(=O)OC(COC(=O)CCCCCCC/C=C/CCCCCCCC)COP(=O)(O)OCC(Nc1ccc([N+](=O)[O-])c2nonc12)C(=O)O,,c1ccc2nonc2c1,951.149,12.6597,239.75,,,,,,T10_AUD_00213,https://pmc.ncbi.nlm.nih.gov/articles/PMC12587445/,author-curated candidate; not Tier A direct assay truth,,JJGPEMHBCCAKID-NADBREJJSA-N,JJGPEMHBCCAKID-NADBREJJSA-N,CCCCCCCC/C=C\CCCCCCCC(=O)OC(COC(=O)CCCCCCC/C=C/CCCCCCCC)COP(=O)(O)OCC(Nc1ccc([N+](=O)[O-])c2nonc12)C(=O)O,CCCCCCCCC=CCCCCCCCC(=O)OCC(COP(=O)(O)OCC(Nc1ccc([N+](=O)[O-])c2nonc12)C(=O)O)OC(=O)CCCCCCCC=CCCCCCCCC,JJGPEMHBCCAKID-NADBREJJSA-N,match,c1ccc2nonc2c1,C1CCC2CCCC2C1
CAND::T10_AUD_00214,ABCB1,,1,1,candidate_supervised,B_author_curated_no_row_primary_assay,ChEMBL,Daood author-curated ChEMBL records,1.0,QCUHPIBMMDIRKL-VKRJBFOFSA-N,QCUHPIBMMDIRKL-VKRJBFOFSA-N,CCCCCCCCC/C(C)=C/CC/C=C/C(O)C(N)CO,,,311.51,4.0903,66.48,,,,,,T10_AUD_00214,https://pmc.ncbi.nlm.nih.gov/articles/PMC12587445/,author-curated candidate; not Tier A direct assay truth,,QCUHPIBMMDIRKL-VKRJBFOFSA-N,QCUHPIBMMDIRKL-VKRJBFOFSA-N,CCCCCCCCC/C(C)=C/CC/C=C/C(O)C(N)CO,CCCCCCCCCC(C)=CCCC=CC(O)C(N)CO,QCUHPIBMMDIRKL-VKRJBFOFSA-N,match,ACYCLIC::QCUHPIBMMDIRKL-VKRJBFOFSA-N,ACYCLIC::QCUHPIBMMDIRKL-VKRJBFOFSA-N
CAND::T10_AUD_00215,ABCB1,,1,1,candidate_supervised,B_author_curated_no_row_primary_assay,ChEMBL,Daood author-curated ChEMBL records,1.0,RTQVJTLVVBJRJG-RICRECKTSA-N,RTQVJTLVVBJRJG-RICRECKTSA-N,CCCCCCCCC/C=C/CC/C=C/C(O)C(N)CO,,,297.483,3.7002,66.48,,,,,,T10_AUD_00215,https://pmc.ncbi.nlm.nih.gov/articles/PMC12587445/,author-curated candidate; not Tier A direct assay truth,,RTQVJTLVVBJRJG-RICRECKTSA-N,RTQVJTLVVBJRJG-RICRECKTSA-N,CCCCCCCCC/C=C/CC/C=C/C(O)C(N)CO,CCCCCCCCCC=CCCC=CC(O)C(N)CO,RTQVJTLVVBJRJG-RICRECKTSA-N,match,ACYCLIC::RTQVJTLVVBJRJG-RICRECKTSA-N,ACYCLIC::RTQVJTLVVBJRJG-RICRECKTSA-N
CAND::T10_AUD_00216,ABCB1,,1,1,candidate_supervised,B_author_curated_no_row_primary_assay,ChEMBL,Daood author-curated ChEMBL records,1.0,QFTGJVWBKDHFND-ZHACJKMWSA-N,QFTGJVWBKDHFND-ZHACJKMWSA-N,CCCCCCCCC/C=C/CCCCC(O)C(N)CO,,,299.499,3.9242,66.48,,,,,,T10_AUD_00216,https://pmc.ncbi.nlm.nih.gov/articles/PMC12587445/,author-curated candidate; not Tier A direct assay truth,,QFTGJVWBKDHFND-ZHACJKMWSA-N,QFTGJVWBKDHFND-ZHACJKMWSA-N,CCCCCCCCC/C=C/CCCCC(O)C(N)CO,CCCCCCCCCC=CCCCCC(O)C(N)CO,QFTGJVWBKDHFND-ZHACJKMWSA-N,match,ACYCLIC::QFTGJVWBKDHFND-ZHACJKMWSA-N,ACYCLIC::QFTGJVWBKDHFND-ZHACJKMWSA-N
CAND::T10_AUD_00217,ABCB1,SPHINGOSINE,0,0,candidate_supervised,B_author_curated_no_row_primary_assay,ChEMBL,Daood author-curated ChEMBL records,1.0,WWUZIQQURGPMPG-KRWOKUGFSA-N,WWUZIQQURGPMPG-KRWOKUGFSA-N,CCCCCCCCCCCCC/C=C/[C@@H](O)[C@@H](N)CO,,,299.499,3.9242,66.48,,,,,,T10_AUD_00217,https://pmc.ncbi.nlm.nih.gov/articles/PMC12587445/,author-curated candidate; not Tier A direct assay truth,SPHINGOSINE,WWUZIQQURGPMPG-KRWOKUGFSA-N,WWUZIQQURGPMPG-KRWOKUGFSA-N,CCCCCCCCCCCCC/C=C/[C@@H](O)[C@@H](N)CO,CCCCCCCCCCCCCC=CC(O)C(N)CO,WWUZIQQURGPMPG-KRWOKUGFSA-N,match,ACYCLIC::WWUZIQQURGPMPG-KRWOKUGFSA-N,ACYCLIC::WWUZIQQURGPMPG-KRWOKUGFSA-N
CAND::T10_AUD_00219,ABCB1,DIHYDROSPINGOSINE,1,1,candidate_supervised,B_author_curated_no_row_primary_assay,ChEMBL,Daood author-curated ChEMBL records,1.0,OTKJDMGTUTTYMP-ZWKOTPCHSA-N,OTKJDMGTUTTYMP-ZWKOTPCHSA-N,CCCCCCCCCCCCCCC[C@@H](O)[C@@H](N)CO,,,301.515,4.1482,66.48,,,,,,T10_AUD_00219,https://pmc.ncbi.nlm.nih.gov/articles/PMC12587445/,author-curated candidate; not Tier A direct assay truth,DIHYDROSPINGOSINE,OTKJDMGTUTTYMP-ZWKOTPCHSA-N,OTKJDMGTUTTYMP-ZWKOTPCHSA-N,CCCCCCCCCCCCCCC[C@@H](O)[C@@H](N)CO,CCCCCCCCCCCCCCCC(O)C(N)CO,OTKJDMGTUTTYMP-ZWKOTPCHSA-N,match,ACYCLIC::OTKJDMGTUTTYMP-ZWKOTPCHSA-N,ACYCLIC::OTKJDMGTUTTYMP-ZWKOTPCHSA-N
CAND::T10_AUD_00221,ABCB1,,1,1,candidate_supervised,B_author_curated_no_row_primary_assay,ChEMBL,Daood author-curated ChEMBL records,1.0,LXFYAANLQKZEQU-UHFFFAOYSA-N,LXFYAANLQKZEQU-UHFFFAOYSA-N,CCCCNC(=O)Nc1ccc(-c2ccc(CN3CCc4cc(OC)c(OC)cc4C3)cc2)cc1,,c1ccc(-c2ccc(CN3CCc4ccccc4C3)cc2)cc1,473.617,5.8507,62.83,,,,,,T10_AUD_00221,https://pmc.ncbi.nlm.nih.gov/articles/PMC12587445/,author-curated candidate; not Tier A direct assay truth,,LXFYAANLQKZEQU-UHFFFAOYSA-N,LXFYAANLQKZEQU-UHFFFAOYSA-N,CCCCNC(=O)Nc1ccc(-c2ccc(CN3CCc4cc(OC)c(OC)cc4C3)cc2)cc1,CCCCNC(=O)Nc1ccc(-c2ccc(CN3CCc4cc(OC)c(OC)cc4C3)cc2)cc1,LXFYAANLQKZEQU-UHFFFAOYSA-N,match,c1ccc(-c2ccc(CN3CCc4ccccc4C3)cc2)cc1,C1CCC(C2CCC(CC3CCC4CCCCC4C3)CC2)CC1
CAND::T10_AUD_00222,ABCB1,TRIBUTYLMETHYLAMMONIUM,1,1,candidate_supervised,B_author_curated_no_row_primary_assay,ChEMBL,Daood author-curated ChEMBL records,1.0,HJHUXWBTVVFLQI-UHFFFAOYSA-N,HJHUXWBTVVFLQI-UHFFFAOYSA-N,CCCC[N+](C)(CCCC)CCCC,,,200.39,3.8333,0.0,,,,,,T10_AUD_00222,https://pmc.ncbi.nlm.nih.gov/articles/PMC12587445/,author-curated candidate; not Tier A direct assay truth,TRIBUTYLMETHYLAMMONIUM,HJHUXWBTVVFLQI-UHFFFAOYSA-N,HJHUXWBTVVFLQI-UHFFFAOYSA-N,CCCC[N+](C)(CCCC)CCCC,CCCC[N+](C)(CCCC)CCCC,HJHUXWBTVVFLQI-UHFFFAOYSA-N,match,ACYCLIC::HJHUXWBTVVFLQI-UHFFFAOYSA-N,ACYCLIC::HJHUXWBTVVFLQI-UHFFFAOYSA-N
CAND::T10_AUD_00224,ABCB1,LOSARTAN,1,1,candidate_supervised,B_author_curated_no_row_primary_assay,ChEMBL,Daood author-curated ChEMBL records,1.0,PSIFNNKUMBGKDQ-UHFFFAOYSA-N,PSIFNNKUMBGKDQ-UHFFFAOYSA-N,CCCCc1nc(Cl)c(CO)n1Cc1ccc(-c2ccccc2-c2nn[nH]n2)cc1,,c1ccc(-c2nn[nH]n2)c(-c2ccc(Cn3ccnc3)cc2)c1,422.92,4.2668,92.51,,,,,,T10_AUD_00224,https://pmc.ncbi.nlm.nih.gov/articles/PMC12587445/,author-curated candidate; not Tier A direct assay truth,LOSARTAN,PSIFNNKUMBGKDQ-UHFFFAOYSA-N,PSIFNNKUMBGKDQ-UHFFFAOYSA-N,CCCCc1nc(Cl)c(CO)n1Cc1ccc(-c2ccccc2-c2nn[nH]n2)cc1,CCCCc1nc(Cl)c(CO)n1Cc1ccc(-c2ccccc2-c2nn[nH]n2)cc1,PSIFNNKUMBGKDQ-UHFFFAOYSA-N,match,c1ccc(-c2nn[nH]n2)c(-c2ccc(Cn3ccnc3)cc2)c1,C1CCC(CC2CCC(C3CCCCC3C3CCCC3)CC2)C1
CAND::T10_AUD_00225,ABCB1,,1,1,candidate_supervised,B_author_curated_no_row_primary_assay,ChEMBL,Daood author-curated ChEMBL records,1.0,FHQPCDNEZQCVDP-UHFFFAOYSA-N,FHQPCDNEZQCVDP-UHFFFAOYSA-N,CCCNC(=O)Nc1ccc(-c2ccc(CN3CCc4cc(OC)c(OC)cc4C3)cc2)cc1,,c1ccc(-c2ccc(CN3CCc4ccccc4C3)cc2)cc1,459.59,5.4606,62.83,,,,,,T10_AUD_00225,https://pmc.ncbi.nlm.nih.gov/articles/PMC12587445/,author-curated candidate; not Tier A direct assay truth,,FHQPCDNEZQCVDP-UHFFFAOYSA-N,FHQPCDNEZQCVDP-UHFFFAOYSA-N,CCCNC(=O)Nc1ccc(-c2ccc(CN3CCc4cc(OC)c(OC)cc4C3)cc2)cc1,CCCNC(=O)Nc1ccc(-c2ccc(CN3CCc4cc(OC)c(OC)cc4C3)cc2)cc1,FHQPCDNEZQCVDP-UHFFFAOYSA-N,match,c1ccc(-c2ccc(CN3CCc4ccccc4C3)cc2)cc1,C1CCC(C2CCC(CC3CCC4CCCCC4C3)CC2)CC1
CAND::T10_AUD_00226,ABCB1,ALBENDAZOLE,0,0,candidate_supervised,B_author_curated_no_row_primary_assay,ChEMBL,Daood author-curated ChEMBL records,1.0,HXHWSAZORRCQMX-UHFFFAOYSA-N,HXHWSAZORRCQMX-UHFFFAOYSA-N,CCCSc1ccc2[nH]c(NC(=O)OC)nc2c1,,c1ccc2[nH]cnc2c1,265.338,3.2433,67.01,,,,,,T10_AUD_00226,https://pmc.ncbi.nlm.nih.gov/articles/PMC12587445/,author-curated candidate; not Tier A direct assay truth,ALBENDAZOLE,HXHWSAZORRCQMX-UHFFFAOYSA-N,HXHWSAZORRCQMX-UHFFFAOYSA-N,CCCSc1ccc2[nH]c(NC(=O)OC)nc2c1,CCCSc1ccc2[nH]c(NC(=O)OC)nc2c1,HXHWSAZORRCQMX-UHFFFAOYSA-N,match,c1ccc2[nH]cnc2c1,C1CCC2CCCC2C1
CAND::T10_AUD_00227,ABCB1,CELIPROLOL,1,1,candidate_supervised,B_author_curated_no_row_primary_assay,ChEMBL,Daood author-curated ChEMBL records,1.0,JOATXPAWOHTVSZ-UHFFFAOYSA-N,JOATXPAWOHTVSZ-UHFFFAOYSA-N,CCN(CC)C(=O)Nc1ccc(OCC(O)CNC(C)(C)C)c(C(C)=O)c1,,c1ccccc1,379.501,2.8907,90.9,,,,,,T10_AUD_00227,https://pmc.ncbi.nlm.nih.gov/articles/PMC12587445/,author-curated candidate; not Tier A direct assay truth,CELIPROLOL,JOATXPAWOHTVSZ-UHFFFAOYSA-N,JOATXPAWOHTVSZ-UHFFFAOYSA-N,CCN(CC)C(=O)Nc1ccc(OCC(O)CNC(C)(C)C)c(C(C)=O)c1,CCN(CC)C(=O)Nc1ccc(OCC(O)CNC(C)(C)C)c(C(C)=O)c1,JOATXPAWOHTVSZ-UHFFFAOYSA-N,match,c1ccccc1,C1CCCCC1
CAND::T10_AUD_00228,ABCB1,LIDOCAINE,0,0,candidate_supervised,B_author_curated_no_row_primary_assay,ChEMBL,Daood author-curated ChEMBL records,1.0,NNJVILVZKWQKPM-UHFFFAOYSA-N,NNJVILVZKWQKPM-UHFFFAOYSA-N,CCN(CC)CC(=O)Nc1c(C)cccc1C,,c1ccccc1,234.343,2.5837,32.34,,,,,,T10_AUD_00228,https://pmc.ncbi.nlm.nih.gov/articles/PMC12587445/,author-curated candidate; not Tier A direct assay truth,LIDOCAINE,NNJVILVZKWQKPM-UHFFFAOYSA-N,NNJVILVZKWQKPM-UHFFFAOYSA-N,CCN(CC)CC(=O)Nc1c(C)cccc1C,CCN(CC)CC(=O)Nc1c(C)cccc1C,NNJVILVZKWQKPM-UHFFFAOYSA-N,match,c1ccccc1,C1CCCCC1
CAND::T10_AUD_00230,ABCB1,CHLOROQUINE,1,1,candidate_supervised,B_author_curated_no_row_primary_assay,ChEMBL,Daood author-curated ChEMBL records,1.0,WHTVZRBIWZFKQO-UHFFFAOYSA-N,WHTVZRBIWZFKQO-UHFFFAOYSA-N,CCN(CC)CCCC(C)Nc1ccnc2cc(Cl)ccc12,,c1ccc2ncccc2c1,319.88,4.8106,28.16,,,,,,T10_AUD_00230,https://pmc.ncbi.nlm.nih.gov/articles/PMC12587445/,author-curated candidate; not Tier A direct assay truth,CHLOROQUINE,WHTVZRBIWZFKQO-UHFFFAOYSA-N,WHTVZRBIWZFKQO-UHFFFAOYSA-N,CCN(CC)CCCC(C)Nc1ccnc2cc(Cl)ccc12,CCN(CC)CCCC(C)Nc1ccnc2cc(Cl)ccc12,WHTVZRBIWZFKQO-UHFFFAOYSA-N,match,c1ccc2ncccc2c1,C1CCC2CCCCC2C1
CAND::T10_AUD_00231,ABCB1,FLURAZEPAM,0,0,candidate_supervised,B_author_curated_no_row_primary_assay,ChEMBL,Daood author-curated ChEMBL records,1.0,SAADBVWGJQAEFS-UHFFFAOYSA-N,SAADBVWGJQAEFS-UHFFFAOYSA-N,CCN(CC)CCN1C(=O)CN=C(c2ccccc2F)c2cc(Cl)ccc21,,O=C1CN=C(c2ccccc2)c2ccccc2N1,387.886,4.0049,35.91,,,,,,T10_AUD_00231,https://pmc.ncbi.nlm.nih.gov/articles/PMC12587445/,author-curated candidate; not Tier A direct assay truth,FLURAZEPAM,SAADBVWGJQAEFS-UHFFFAOYSA-N,SAADBVWGJQAEFS-UHFFFAOYSA-N,CCN(CC)CCN1C(=O)CN=C(c2ccccc2F)c2cc(Cl)ccc21,CCN(CC)CCN1C(=O)CN=C(c2ccccc2F)c2cc(Cl)ccc21,SAADBVWGJQAEFS-UHFFFAOYSA-N,match,O=C1CN=C(c2ccccc2)c2ccccc2N1,CC1CCC(C2CCCCC2)C2CCCCC2C1
CAND::T10_AUD_00232,ABCB1,RHODAMINE,1,1,candidate_supervised,B_author_curated_no_row_primary_assay,ChEMBL,Daood author-curated ChEMBL records,1.0,CVAVMIODJQHEEH-UHFFFAOYSA-O,CVAVMIODJQHEEH-UHFFFAOYSA-O,CCN(CC)c1ccc2c(-c3ccccc3C(=O)O)c3ccc(=[N+](CC)CC)cc-3oc2c1,,[N+]=c1ccc2c(-c3ccccc3)c3ccccc3oc-2c1,443.567,5.561,56.69,,,,,,T10_AUD_00232,https://pmc.ncbi.nlm.nih.gov/articles/PMC12587445/,author-curated candidate; not Tier A direct assay truth,RHODAMINE,CVAVMIODJQHEEH-UHFFFAOYSA-O,CVAVMIODJQHEEH-UHFFFAOYSA-O,CCN(CC)c1ccc2c(-c3ccccc3C(=O)O)c3ccc(=[N+](CC)CC)cc-3oc2c1,CCN(CC)c1ccc2c(-c3ccccc3C(=O)O)c3ccc(=[N+](CC)CC)cc-3oc2c1,CVAVMIODJQHEEH-UHFFFAOYSA-O,match,[N+]=c1ccc2c(-c3ccccc3)c3ccccc3oc-2c1,CC1CCC2C(C1)CC1CCCCC1C2C1CCCCC1
CAND::T10_AUD_00234,ABCB1,,0,0,candidate_supervised,B_author_curated_no_row_primary_assay,ChEMBL,Daood author-curated ChEMBL records,1.0,NOOJSKFTZMLHMC-UHFFFAOYSA-N,NOOJSKFTZMLHMC-UHFFFAOYSA-N,CCN(c1ccc(OC)cc1)c1nc(N)nc2[nH]c3ccccc3c12,,c1ccc(Nc2ncnc3[nH]c4ccccc4c23)cc1,333.395,3.8599,80.06,,,,,,T10_AUD_00234,https://pmc.ncbi.nlm.nih.gov/articles/PMC12587445/,author-curated candidate; not Tier A direct assay truth,,NOOJSKFTZMLHMC-UHFFFAOYSA-N,NOOJSKFTZMLHMC-UHFFFAOYSA-N,CCN(c1ccc(OC)cc1)c1nc(N)nc2[nH]c3ccccc3c12,CCN(c1ccc(OC)cc1)c1nc(N)nc2[nH]c3ccccc3c12,NOOJSKFTZMLHMC-UHFFFAOYSA-N,match,c1ccc(Nc2ncnc3[nH]c4ccccc4c23)cc1,C1CCC(CC2CCCC3CC4CCCCC4C23)CC1
CAND::T10_AUD_00235,ABCB1,,1,1,candidate_supervised,B_author_curated_no_row_primary_assay,ChEMBL,Daood author-curated ChEMBL records,1.0,XKWQNWOHLZAFPS-UHFFFAOYSA-N,XKWQNWOHLZAFPS-UHFFFAOYSA-N,CCN1C(=CC=Cc2n(CC)c3cc(Cl)c(Cl)cc3[n+]2CC)N(CC)c2cc(Cl)c(Cl)cc21,,C(=Cc1[nH]c2ccccc2[nH+]1)C=C1Nc2ccccc2N1,525.331,7.8032,15.29,,,,,,T10_AUD_00235,https://pmc.ncbi.nlm.nih.gov/articles/PMC12587445/,author-curated candidate; not Tier A direct assay truth,,XKWQNWOHLZAFPS-UHFFFAOYSA-N,XKWQNWOHLZAFPS-UHFFFAOYSA-N,CCN1C(=CC=Cc2n(CC)c3cc(Cl)c(Cl)cc3[n+]2CC)N(CC)c2cc(Cl)c(Cl)cc21,CCN1C(=CC=Cc2n(CC)c3cc(Cl)c(Cl)cc3[n+]2CC)N(CC)c2cc(Cl)c(Cl)cc21,XKWQNWOHLZAFPS-UHFFFAOYSA-N,match,C(=Cc1[nH]c2ccccc2[nH+]1)C=C1Nc2ccccc2N1,C(CC1CC2CCCCC2C1)CC1CC2CCCCC2C1
CAND::T10_AUD_00238,ABCB1,,1,1,candidate_supervised,B_author_curated_no_row_primary_assay,ChEMBL,Daood author-curated ChEMBL records,1.0,RZHUFHGNDAWQOJ-UHFFFAOYSA-N,RZHUFHGNDAWQOJ-UHFFFAOYSA-N,CCNC(=O)C(C)(C)n1cc(Nc2ncc(C(F)(F)F)c(NC)n2)c(C)n1,,c1cnc(Nc2cn[nH]c2)nc1,385.394,2.6568,96.76,,,,,,T10_AUD_00238,https://pmc.ncbi.nlm.nih.gov/articles/PMC12587445/,author-curated candidate; not Tier A direct assay truth,,RZHUFHGNDAWQOJ-UHFFFAOYSA-N,RZHUFHGNDAWQOJ-UHFFFAOYSA-N,CCNC(=O)C(C)(C)n1cc(Nc2ncc(C(F)(F)F)c(NC)n2)c(C)n1,CCNC(=O)C(C)(C)n1cc(Nc2ncc(C(F)(F)F)c(NC)n2)c(C)n1,RZHUFHGNDAWQOJ-UHFFFAOYSA-N,match,c1cnc(Nc2cn[nH]c2)nc1,C1CCC(CC2CCCC2)CC1
CAND::T10_AUD_00239,ABCB1,,1,1,candidate_supervised,B_author_curated_no_row_primary_assay,ChEMBL,Daood author-curated ChEMBL records,1.0,UAELFEWPCXTKFL-IDKUMADTSA-N,UAELFEWPCXTKFL-IDKUMADTSA-N,CCNC(=O)N1C[C@H]2[C@H](C)[C@@H](C)[C@H](/C=C/c3ccc(-c4ccccc4C#N)cn3)[C@@H]3[C@@H](C)OC(=O)[C@@]32C1,,O=C1OCC2C(C=Cc3ccc(-c4ccccc4)cn3)CCC3CNCC132,498.627,4.7447,95.32,,,,,,T10_AUD_00239,https://pmc.ncbi.nlm.nih.gov/articles/PMC12587445/,author-curated candidate; not Tier A direct assay truth,,UAELFEWPCXTKFL-IDKUMADTSA-N,UAELFEWPCXTKFL-IDKUMADTSA-N,CCNC(=O)N1C[C@H]2[C@H](C)[C@@H](C)[C@H](/C=C/c3ccc(-c4ccccc4C#N)cn3)[C@@H]3[C@@H](C)OC(=O)[C@@]32C1,CCNC(=O)N1CC2C(C)C(C)C(C=Cc3ccc(-c4ccccc4C#N)cn3)C3C(C)OC(=O)C23C1,UAELFEWPCXTKFL-IDKUMADTSA-N,match,O=C1OCC2C(C=Cc3ccc(-c4ccccc4)cn3)CCC3CNCC132,CC1CCC2C(CCC3CCC(C4CCCCC4)CC3)CCC3CCCC132
CAND::T10_AUD_00240,ABCB1,,1,1,candidate_supervised,B_author_curated_no_row_primary_assay,ChEMBL,Daood author-curated ChEMBL records,1.0,RVSOBUJTMLNHPS-UHFFFAOYSA-N,RVSOBUJTMLNHPS-UHFFFAOYSA-N,CCNC(=O)Nc1ccc(-c2ccc(CN3CCc4cc(OC)c(OC)cc4C3)cc2)cc1,,c1ccc(-c2ccc(CN3CCc4ccccc4C3)cc2)cc1,445.563,5.0705,62.83,,,,,,T10_AUD_00240,https://pmc.ncbi.nlm.nih.gov/articles/PMC12587445/,author-curated candidate; not Tier A direct assay truth,,RVSOBUJTMLNHPS-UHFFFAOYSA-N,RVSOBUJTMLNHPS-UHFFFAOYSA-N,CCNC(=O)Nc1ccc(-c2ccc(CN3CCc4cc(OC)c(OC)cc4C3)cc2)cc1,CCNC(=O)Nc1ccc(-c2ccc(CN3CCc4cc(OC)c(OC)cc4C3)cc2)cc1,RVSOBUJTMLNHPS-UHFFFAOYSA-N,match,c1ccc(-c2ccc(CN3CCc4ccccc4C3)cc2)cc1,C1CCC(C2CCC(CC3CCC4CCCCC4C3)CC2)CC1
CAND::T10_AUD_00243,ABCB1,NITRENDIPINE,0,0,candidate_supervised,B_author_curated_no_row_primary_assay,ChEMBL,Daood author-curated ChEMBL records,1.0,VVTJQHCRBOHFTD-UHFFFAOYSA-N,VVTJQHCRBOHFTD-UHFFFAOYSA-N,CCOC(=O)C1=C(C)N=C(C)C(C(=O)OC)C1c1cccc([N+](=O)[O-])c1,,C1=CC(c2ccccc2)CC=N1,360.366,2.7792,108.1,,,,,,T10_AUD_00243,https://pmc.ncbi.nlm.nih.gov/articles/PMC12587445/,author-curated candidate; not Tier A direct assay truth,NITRENDIPINE,VVTJQHCRBOHFTD-UHFFFAOYSA-N,VVTJQHCRBOHFTD-UHFFFAOYSA-N,CCOC(=O)C1=C(C)N=C(C)C(C(=O)OC)C1c1cccc([N+](=O)[O-])c1,CCOC(=O)C1=C(C)N=C(C)C(C(=O)OC)C1c1cccc([N+](=O)[O-])c1,VVTJQHCRBOHFTD-UHFFFAOYSA-N,match,C1=CC(c2ccccc2)CC=N1,C1CCC(C2CCCCC2)CC1
CAND::T10_AUD_00244,ABCB1,AZIDOPINE,1,1,candidate_supervised,B_author_curated_no_row_primary_assay,ChEMBL,Daood author-curated ChEMBL records,1.0,HTKKIOBPJFVLCJ-UHFFFAOYSA-N,HTKKIOBPJFVLCJ-UHFFFAOYSA-N,CCOC(=O)C1=C(C)N=C(C)C(C(=O)OCCNC(=O)c2ccc(N=[N+]=[N-])cc2)C1c1ccccc1C(F)(F)F,,O=C(NCCOC(=O)C1C=NC=CC1c1ccccc1)c1ccccc1,557.529,5.6318,142.82,,,,,,T10_AUD_00244,https://pmc.ncbi.nlm.nih.gov/articles/PMC12587445/,author-curated candidate; not Tier A direct assay truth,AZIDOPINE,HTKKIOBPJFVLCJ-UHFFFAOYSA-N,HTKKIOBPJFVLCJ-UHFFFAOYSA-N,CCOC(=O)C1=C(C)N=C(C)C(C(=O)OCCNC(=O)c2ccc(N=[N+]=[N-])cc2)C1c1ccccc1C(F)(F)F,CCOC(=O)C1=C(C)N=C(C)C(C(=O)OCCNC(=O)c2ccc(N=[N+]=[N-])cc2)C1c1ccccc1C(F)(F)F,HTKKIOBPJFVLCJ-UHFFFAOYSA-N,match,O=C(NCCOC(=O)C1C=NC=CC1c1ccccc1)c1ccccc1,CC(CCCCC(C)C1CCCCC1C1CCCCC1)C1CCCCC1
CAND::T10_AUD_00245,ABCB1,OSELTAMIVIR,1,1,candidate_supervised,B_author_curated_no_row_primary_assay,ChEMBL,Daood author-curated ChEMBL records,1.0,VSZGPKBBMSAYNT-RRFJBIMHSA-N,VSZGPKBBMSAYNT-RRFJBIMHSA-N,CCOC(=O)C1=C[C@@H](OC(CC)CC)[C@H](NC(C)=O)[C@@H](N)C1,,C1=CCCCC1,312.41,1.2854,90.65,,,,,,T10_AUD_00245,https://pmc.ncbi.nlm.nih.gov/articles/PMC12587445/,author-curated candidate; not Tier A direct assay truth,OSELTAMIVIR,VSZGPKBBMSAYNT-RRFJBIMHSA-N,VSZGPKBBMSAYNT-RRFJBIMHSA-N,CCOC(=O)C1=C[C@@H](OC(CC)CC)[C@H](NC(C)=O)[C@@H](N)C1,CCOC(=O)C1=CC(OC(CC)CC)C(NC(C)=O)C(N)C1,VSZGPKBBMSAYNT-RRFJBIMHSA-N,match,C1=CCCCC1,C1CCCCC1
CAND::T10_AUD_00246,ABCB1,,0,0,candidate_supervised,B_author_curated_no_row_primary_assay,ChEMBL,Daood author-curated ChEMBL records,1.0,DJSCZZLIYWUBQD-UHFFFAOYSA-N,DJSCZZLIYWUBQD-UHFFFAOYSA-N,CCOC(=O)C1=CN(Cc2cccc(OC)c2)c2ccccc2C1c1ccc(OC)c(OC)c1,,C1=CN(Cc2ccccc2)c2ccccc2C1c1ccccc1,459.542,5.3115,57.23,,,,,,T10_AUD_00246,https://pmc.ncbi.nlm.nih.gov/articles/PMC12587445/,author-curated candidate; not Tier A direct assay truth,,DJSCZZLIYWUBQD-UHFFFAOYSA-N,DJSCZZLIYWUBQD-UHFFFAOYSA-N,CCOC(=O)C1=CN(Cc2cccc(OC)c2)c2ccccc2C1c1ccc(OC)c(OC)c1,CCOC(=O)C1=CN(Cc2cccc(OC)c2)c2ccccc2C1c1ccc(OC)c(OC)c1,DJSCZZLIYWUBQD-UHFFFAOYSA-N,match,C1=CN(Cc2ccccc2)c2ccccc2C1c1ccccc1,C1CCC(CC2CCC(C3CCCCC3)C3CCCCC23)CC1
CAND::T10_AUD_00247,ABCB1,,0,0,candidate_supervised,B_author_curated_no_row_primary_assay,ChEMBL,Daood author-curated ChEMBL records,1.0,JFLQYBGXCJOSFW-UHFFFAOYSA-N,JFLQYBGXCJOSFW-UHFFFAOYSA-N,CCOC(=O)C1=CN(Cc2ccccc2)c2ccccc2C1c1ccc(OC)c(OC)c1,,C1=CN(Cc2ccccc2)c2ccccc2C1c1ccccc1,429.516,5.3029,48.0,,,,,,T10_AUD_00247,https://pmc.ncbi.nlm.nih.gov/articles/PMC12587445/,author-curated candidate; not Tier A direct assay truth,,JFLQYBGXCJOSFW-UHFFFAOYSA-N,JFLQYBGXCJOSFW-UHFFFAOYSA-N,CCOC(=O)C1=CN(Cc2ccccc2)c2ccccc2C1c1ccc(OC)c(OC)c1,CCOC(=O)C1=CN(Cc2ccccc2)c2ccccc2C1c1ccc(OC)c(OC)c1,JFLQYBGXCJOSFW-UHFFFAOYSA-N,match,C1=CN(Cc2ccccc2)c2ccccc2C1c1ccccc1,C1CCC(CC2CCC(C3CCCCC3)C3CCCCC23)CC1
CAND::T10_AUD_00249,ABCB1,,1,1,candidate_supervised,B_author_curated_no_row_primary_assay,ChEMBL,Daood author-curated ChEMBL records,1.0,XYVYPYCGAREKRP-QFIPXVFZSA-N,XYVYPYCGAREKRP-QFIPXVFZSA-N,CCOC(=O)C1CCN(c2ccc3c(cc2=O)[C@@H](NC(C)=O)CCc2cc(OC)c(OC)c(OC)c2-3)CC1,,O=c1cc2c(ccc1N1CCCCC1)-c1ccccc1CCC2,524.614,3.6425,103.4,,,,,,T10_AUD_00249,https://pmc.ncbi.nlm.nih.gov/articles/PMC12587445/,author-curated candidate; not Tier A direct assay truth,,XYVYPYCGAREKRP-QFIPXVFZSA-N,XYVYPYCGAREKRP-QFIPXVFZSA-N,CCOC(=O)C1CCN(c2ccc3c(cc2=O)[C@@H](NC(C)=O)CCc2cc(OC)c(OC)c(OC)c2-3)CC1,CCOC(=O)C1CCN(c2ccc3c(cc2=O)C(NC(C)=O)CCc2cc(OC)c(OC)c(OC)c2-3)CC1,XYVYPYCGAREKRP-QFIPXVFZSA-N,match,O=c1cc2c(ccc1N1CCCCC1)-c1ccccc1CCC2,CC1CC2CCCC3CCCCC3C2CCC1C1CCCCC1
CAND::T10_AUD_00251,ABCB1,LORATADINE,1,1,candidate_supervised,B_author_curated_no_row_primary_assay,ChEMBL,Daood author-curated ChEMBL records,1.0,JCCNYMKQOSZNPW-UHFFFAOYSA-N,JCCNYMKQOSZNPW-UHFFFAOYSA-N,CCOC(=O)N1CCC(=C2c3ccc(Cl)cc3CCc3cccnc32)CC1,,c1ccc2c(c1)CCc1cccnc1C2=C1CCNCC1,382.891,4.8878,42.43,,,,,,T10_AUD_00251,https://pmc.ncbi.nlm.nih.gov/articles/PMC12587445/,author-curated candidate; not Tier A direct assay truth,LORATADINE,JCCNYMKQOSZNPW-UHFFFAOYSA-N,JCCNYMKQOSZNPW-UHFFFAOYSA-N,CCOC(=O)N1CCC(=C2c3ccc(Cl)cc3CCc3cccnc32)CC1,CCOC(=O)N1CCC(=C2c3ccc(Cl)cc3CCc3cccnc32)CC1,JCCNYMKQOSZNPW-UHFFFAOYSA-N,match,c1ccc2c(c1)CCc1cccnc1C2=C1CCNCC1,C1CCC(C2C3CCCCC3CCC3CCCCC32)CC1
CAND::T10_AUD_00252,ABCB1,FLUMAZENIL,0,0,candidate_supervised,B_author_curated_no_row_primary_assay,ChEMBL,Daood author-curated ChEMBL records,1.0,OFBIFZUFASYYRE-UHFFFAOYSA-N,OFBIFZUFASYYRE-UHFFFAOYSA-N,CCOC(=O)c1ncn2c1CN(C)C(=O)c1cc(F)ccc1-2,,O=C1NCc2cncn2-c2ccccc21,303.293,1.7737,64.43,,,,,,T10_AUD_00252,https://pmc.ncbi.nlm.nih.gov/articles/PMC12587445/,author-curated candidate; not Tier A direct assay truth,FLUMAZENIL,OFBIFZUFASYYRE-UHFFFAOYSA-N,OFBIFZUFASYYRE-UHFFFAOYSA-N,CCOC(=O)c1ncn2c1CN(C)C(=O)c1cc(F)ccc1-2,CCOC(=O)c1ncn2c1CN(C)C(=O)c1cc(F)ccc1-2,OFBIFZUFASYYRE-UHFFFAOYSA-N,match,O=C1NCc2cncn2-c2ccccc21,CC1CCC2CCCC2C2CCCCC12
CAND::T10_AUD_00253,ABCB1,,1,1,candidate_supervised,B_author_curated_no_row_primary_assay,ChEMBL,Daood author-curated ChEMBL records,1.0,WQLHYSFOEZZZDD-QFKMQXQZSA-N,WQLHYSFOEZZZDD-QFKMQXQZSA-N,CCO[C@@H]1C[C@@H]2CN(C(=O)C(NC(=O)C(C)NC)C3CCC(F)(F)CC3)C(C(=O)N[C@@H]3CCOc4ccccc43)CN2C1,,O=C(NC1CCOc2ccccc21)C1CN2CCCC2CN1C(=O)CC1CCCCC1,605.727,2.2348,112.24,,,,,,T10_AUD_00253,https://pmc.ncbi.nlm.nih.gov/articles/PMC12587445/,author-curated candidate; not Tier A direct assay truth,,WQLHYSFOEZZZDD-QFKMQXQZSA-N,WQLHYSFOEZZZDD-QFKMQXQZSA-N,CCO[C@@H]1C[C@@H]2CN(C(=O)C(NC(=O)C(C)NC)C3CCC(F)(F)CC3)C(C(=O)N[C@@H]3CCOc4ccccc43)CN2C1,CCOC1CC2CN(C(=O)C(NC(=O)C(C)NC)C3CCC(F)(F)CC3)C(C(=O)NC3CCOc4ccccc43)CN2C1,WQLHYSFOEZZZDD-QFKMQXQZSA-N,match,O=C(NC1CCOc2ccccc21)C1CN2CCCC2CN1C(=O)CC1CCCCC1,CC(CC1CCCCC1)C1CC2CCCC2CC1C(C)CC1CCCC2CCCCC21
CAND::T10_AUD_00255,ABCB1,,0,0,candidate_supervised,B_author_curated_no_row_primary_assay,ChEMBL,Daood author-curated ChEMBL records,1.0,NXOWBDRLTYIXFU-ZWOKBUDYSA-N,NXOWBDRLTYIXFU-ZWOKBUDYSA-N,CCOc1ccc(-c2nc(CNC[C@@H]3CC[C@H]4C[C@@H]3C4(C)C)co2)cc1,,c1ccc(-c2nc(CNCC3CCC4CC3C4)co2)cc1,354.494,4.9022,47.29,,,,,,T10_AUD_00255,https://pmc.ncbi.nlm.nih.gov/articles/PMC12587445/,author-curated candidate; not Tier A direct assay truth,,NXOWBDRLTYIXFU-ZWOKBUDYSA-N,NXOWBDRLTYIXFU-ZWOKBUDYSA-N,CCOc1ccc(-c2nc(CNC[C@@H]3CC[C@H]4C[C@@H]3C4(C)C)co2)cc1,CCOc1ccc(-c2nc(CNCC3CCC4CC3C4(C)C)co2)cc1,NXOWBDRLTYIXFU-ZWOKBUDYSA-N,match,c1ccc(-c2nc(CNCC3CCC4CC3C4)co2)cc1,C1CCC(C2CCC(CCCC3CCC4CC3C4)C2)CC1
CAND::T10_AUD_00256,ABCB1,,1,1,candidate_supervised,B_author_curated_no_row_primary_assay,ChEMBL,Daood author-curated ChEMBL records,1.0,PRDFBSVERLRRMY-UHFFFAOYSA-N,PRDFBSVERLRRMY-UHFFFAOYSA-N,CCOc1ccc(-c2nc3cc(-c4nc5cc(N6CCN(C)CC6)ccc5[nH]4)ccc3[nH]2)cc1,,c1ccc(-c2nc3cc(-c4nc5cc(N6CCNCC6)ccc5[nH]4)ccc3[nH]2)cc1,452.562,4.9237,73.07,,,,,,T10_AUD_00256,https://pmc.ncbi.nlm.nih.gov/articles/PMC12587445/,author-curated candidate; not Tier A direct assay truth,,PRDFBSVERLRRMY-UHFFFAOYSA-N,PRDFBSVERLRRMY-UHFFFAOYSA-N,CCOc1ccc(-c2nc3cc(-c4nc5cc(N6CCN(C)CC6)ccc5[nH]4)ccc3[nH]2)cc1,CCOc1ccc(-c2nc3cc(-c4nc5cc(N6CCN(C)CC6)ccc5[nH]4)ccc3[nH]2)cc1,PRDFBSVERLRRMY-UHFFFAOYSA-N,match,c1ccc(-c2nc3cc(-c4nc5cc(N6CCNCC6)ccc5[nH]4)ccc3[nH]2)cc1,C1CCC(C2CCC3CC(C4CCC5CC(C6CCCCC6)CC5C4)CC3C2)CC1
CAND::T10_AUD_00257,ABCB1,,0,0,candidate_supervised,B_author_curated_no_row_primary_assay,ChEMBL,Daood author-curated ChEMBL records,1.0,QMKGFBTVQQZEJM-UHFFFAOYSA-N,QMKGFBTVQQZEJM-UHFFFAOYSA-N,CCOc1ccc(N(C)c2nc(N)nc3[nH]c4ccccc4c23)cc1,,c1ccc(Nc2ncnc3[nH]c4ccccc4c23)cc1,333.395,3.8599,80.06,,,,,,T10_AUD_00257,https://pmc.ncbi.nlm.nih.gov/articles/PMC12587445/,author-curated candidate; not Tier A direct assay truth,,QMKGFBTVQQZEJM-UHFFFAOYSA-N,QMKGFBTVQQZEJM-UHFFFAOYSA-N,CCOc1ccc(N(C)c2nc(N)nc3[nH]c4ccccc4c23)cc1,CCOc1ccc(N(C)c2nc(N)nc3[nH]c4ccccc4c23)cc1,QMKGFBTVQQZEJM-UHFFFAOYSA-N,match,c1ccc(Nc2ncnc3[nH]c4ccccc4c23)cc1,C1CCC(CC2CCCC3CC4CCCCC4C23)CC1
CAND::T10_AUD_00258,ABCB1,AZIDOPROCAINAMIDE METHOIODIDE,1,1,candidate_supervised,B_author_curated_no_row_primary_assay,ChEMBL,Daood author-curated ChEMBL records,1.0,CPUCHNFIESNQEA-UHFFFAOYSA-O,CPUCHNFIESNQEA-UHFFFAOYSA-O,CC[N+](C)(CC)CCNC(=O)c1ccc(N=[N+]=[N-])cc1,,c1ccccc1,276.364,2.8446,77.86,,,,,,T10_AUD_00258,https://pmc.ncbi.nlm.nih.gov/articles/PMC12587445/,author-curated candidate; not Tier A direct assay truth,AZIDOPROCAINAMIDE METHOIODIDE,CPUCHNFIESNQEA-UHFFFAOYSA-O,CPUCHNFIESNQEA-UHFFFAOYSA-O,CC[N+](C)(CC)CCNC(=O)c1ccc(N=[N+]=[N-])cc1,CC[N+](C)(CC)CCNC(=O)c1ccc(N=[N+]=[N-])cc1,CPUCHNFIESNQEA-UHFFFAOYSA-O,match,c1ccccc1,C1CCCCC1
CAND::T10_AUD_00259,ABCB1,IRINOTECAN,1,1,candidate_supervised,B_author_curated_no_row_primary_assay,ChEMBL,Daood author-curated ChEMBL records,1.0,UWKQSNNFCGGAFS-XIFFEERXSA-N,UWKQSNNFCGGAFS-XIFFEERXSA-N,CCc1c2c(nc3ccc(OC(=O)N4CCC(N5CCCCC5)CC4)cc13)-c1cc3c(c(=O)n1C2)COC(=O)[C@]3(O)CC,,O=C1Cc2cc3n(c(=O)c2CO1)Cc1cc2cc(OC(=O)N4CCC(N5CCCCC5)CC4)ccc2nc1-3,586.689,4.0911,114.2,,,,,,T10_AUD_00259,https://pmc.ncbi.nlm.nih.gov/articles/PMC12587445/,author-curated candidate; not Tier A direct assay truth,IRINOTECAN,UWKQSNNFCGGAFS-XIFFEERXSA-N,UWKQSNNFCGGAFS-XIFFEERXSA-N,CCc1c2c(nc3ccc(OC(=O)N4CCC(N5CCCCC5)CC4)cc13)-c1cc3c(c(=O)n1C2)COC(=O)[C@]3(O)CC,CCc1c2c(nc3ccc(OC(=O)N4CCC(N5CCCCC5)CC4)cc13)-c1cc3c(c(=O)n1C2)COC(=O)C3(O)CC,UWKQSNNFCGGAFS-XIFFEERXSA-N,match,O=C1Cc2cc3n(c(=O)c2CO1)Cc1cc2cc(OC(=O)N4CCC(N5CCCCC5)CC4)ccc2nc1-3,CC1CCC2C(C1)CC1C3CC4CCC(CC(C)C5CCC(C6CCCCC6)CC5)CC4CC3CC1C2C
CAND::T10_AUD_00261,ABCB1,NEFAZODONE,0,0,candidate_supervised,B_author_curated_no_row_primary_assay,ChEMBL,Daood author-curated ChEMBL records,1.0,VRBKIVRKKCLPHA-UHFFFAOYSA-N,VRBKIVRKKCLPHA-UHFFFAOYSA-N,CCc1nn(CCCN2CCN(c3cccc(Cl)c3)CC2)c(=O)n1CCOc1ccccc1,,O=c1n(CCOc2ccccc2)cnn1CCCN1CCN(c2ccccc2)CC1,470.017,3.5519,55.53,,,,,,T10_AUD_00261,https://pmc.ncbi.nlm.nih.gov/articles/PMC12587445/,author-curated candidate; not Tier A direct assay truth,NEFAZODONE,VRBKIVRKKCLPHA-UHFFFAOYSA-N,VRBKIVRKKCLPHA-UHFFFAOYSA-N,CCc1nn(CCCN2CCN(c3cccc(Cl)c3)CC2)c(=O)n1CCOc1ccccc1,CCc1nn(CCCN2CCN(c3cccc(Cl)c3)CC2)c(=O)n1CCOc1ccccc1,VRBKIVRKKCLPHA-UHFFFAOYSA-N,match,O=c1n(CCOc2ccccc2)cnn1CCCN1CCN(c2ccccc2)CC1,CC1C(CCCC2CCCCC2)CCC1CCCC1CCC(C2CCCCC2)CC1
CAND::T10_AUD_00262,ABCB1,,1,1,candidate_supervised,B_author_curated_no_row_primary_assay,ChEMBL,Daood author-curated ChEMBL records,1.0,FJDRFUYWOVFIPP-UHFFFAOYSA-N,FJDRFUYWOVFIPP-UHFFFAOYSA-N,CCn1c(=O)[nH]c(=O)c2c1nc(Cc1cn3cc(C)sc3n1)n2CC1COC1,,O=c1[nH]c(=O)c2c(nc(Cc3cn4ccsc4n3)n2CC2COC2)[nH]1,400.464,1.161,99.21,,,,,,T10_AUD_00262,https://pmc.ncbi.nlm.nih.gov/articles/PMC12587445/,author-curated candidate; not Tier A direct assay truth,,FJDRFUYWOVFIPP-UHFFFAOYSA-N,FJDRFUYWOVFIPP-UHFFFAOYSA-N,CCn1c(=O)[nH]c(=O)c2c1nc(Cc1cn3cc(C)sc3n1)n2CC1COC1,CCn1c(=O)[nH]c(=O)c2c1nc(Cc1cn3cc(C)sc3n1)n2CC1COC1,FJDRFUYWOVFIPP-UHFFFAOYSA-N,match,O=c1[nH]c(=O)c2c(nc(Cc3cn4ccsc4n3)n2CC2COC2)[nH]1,CC1CC(C)C2C(C1)CC(CC1CC3CCCC3C1)C2CC1CCC1
CAND::T10_AUD_00265,ABCB1,,1,1,candidate_supervised,B_author_curated_no_row_primary_assay,ChEMBL,Daood author-curated ChEMBL records,1.0,MJGLFGYVQHTJNU-UHFFFAOYSA-N,MJGLFGYVQHTJNU-UHFFFAOYSA-N,CCn1nc(Cc2ccccc2)cc1C1CCN(Cc2ccc(C3(N(C)C(C(=O)O)C(C)C)CCCC3)cc2F)CC1,,c1ccc(Cc2cc(C3CCN(Cc4ccc(C5CCCC5)cc4)CC3)[nH]n2)cc1,574.785,6.8228,61.6,,,,,,T10_AUD_00265,https://pmc.ncbi.nlm.nih.gov/articles/PMC12587445/,author-curated candidate; not Tier A direct assay truth,,MJGLFGYVQHTJNU-UHFFFAOYSA-N,MJGLFGYVQHTJNU-UHFFFAOYSA-N,CCn1nc(Cc2ccccc2)cc1C1CCN(Cc2ccc(C3(N(C)C(C(=O)O)C(C)C)CCCC3)cc2F)CC1,CCn1nc(Cc2ccccc2)cc1C1CCN(Cc2ccc(C3(N(C)C(C(=O)O)C(C)C)CCCC3)cc2F)CC1,MJGLFGYVQHTJNU-UHFFFAOYSA-N,match,c1ccc(Cc2cc(C3CCN(Cc4ccc(C5CCCC5)cc4)CC3)[nH]n2)cc1,C1CCC(CC2CCC(C3CCC(CC4CCC(C5CCCC5)CC4)CC3)C2)CC1
CAND::T10_AUD_00266,ABCB1,ASIMADOLINE,1,1,candidate_supervised,B_author_curated_no_row_primary_assay,ChEMBL,Daood author-curated ChEMBL records,1.0,JHLHNYVMZCADTC-LOSJGSFVSA-N,JHLHNYVMZCADTC-LOSJGSFVSA-N,CN(C(=O)C(c1ccccc1)c1ccccc1)[C@H](CN1CC[C@H](O)C1)c1ccccc1,,O=C(NC(CN1CCCC1)c1ccccc1)C(c1ccccc1)c1ccccc1,414.549,4.0848,43.78,,,,,,T10_AUD_00266,https://pmc.ncbi.nlm.nih.gov/articles/PMC12587445/,author-curated candidate; not Tier A direct assay truth,ASIMADOLINE,JHLHNYVMZCADTC-LOSJGSFVSA-N,JHLHNYVMZCADTC-LOSJGSFVSA-N,CN(C(=O)C(c1ccccc1)c1ccccc1)[C@H](CN1CC[C@H](O)C1)c1ccccc1,CN(C(=O)C(c1ccccc1)c1ccccc1)C(CN1CCC(O)C1)c1ccccc1,JHLHNYVMZCADTC-LOSJGSFVSA-N,match,O=C(NC(CN1CCCC1)c1ccccc1)C(c1ccccc1)c1ccccc1,CC(CC(CC1CCCC1)C1CCCCC1)C(C1CCCCC1)C1CCCCC1
CAND::T10_AUD_00267,ABCB1,LOPERAMIDE,1,1,candidate_supervised,B_author_curated_no_row_primary_assay,ChEMBL,Daood author-curated ChEMBL records,1.0,RDOIQAHITMMDAJ-UHFFFAOYSA-N,RDOIQAHITMMDAJ-UHFFFAOYSA-N,CN(C)C(=O)C(CCN1CCC(O)(c2ccc(Cl)cc2)CC1)(c1ccccc1)c1ccccc1,,c1ccc(C2CCN(CCC(c3ccccc3)c3ccccc3)CC2)cc1,477.048,5.088,43.78,,,,,,T10_AUD_00267,https://pmc.ncbi.nlm.nih.gov/articles/PMC12587445/,author-curated candidate; not Tier A direct assay truth,LOPERAMIDE,RDOIQAHITMMDAJ-UHFFFAOYSA-N,RDOIQAHITMMDAJ-UHFFFAOYSA-N,CN(C)C(=O)C(CCN1CCC(O)(c2ccc(Cl)cc2)CC1)(c1ccccc1)c1ccccc1,CN(C)C(=O)C(CCN1CCC(O)(c2ccc(Cl)cc2)CC1)(c1ccccc1)c1ccccc1,RDOIQAHITMMDAJ-UHFFFAOYSA-N,match,c1ccc(C2CCN(CCC(c3ccccc3)c3ccccc3)CC2)cc1,C1CCC(C2CCC(CCC(C3CCCCC3)C3CCCCC3)CC2)CC1
CAND::T10_AUD_00268,ABCB1,PYRIDOSTIGMINE,0,0,candidate_supervised,B_author_curated_no_row_primary_assay,ChEMBL,Daood author-curated ChEMBL records,1.0,RVOLLAQWKVFTGE-UHFFFAOYSA-N,RVOLLAQWKVFTGE-UHFFFAOYSA-N,CN(C)C(=O)Oc1ccc[n+](C)c1,,c1cc[nH+]cc1,181.215,0.5715,33.42,,,,,,T10_AUD_00268,https://pmc.ncbi.nlm.nih.gov/articles/PMC12587445/,author-curated candidate; not Tier A direct assay truth,PYRIDOSTIGMINE,RVOLLAQWKVFTGE-UHFFFAOYSA-N,RVOLLAQWKVFTGE-UHFFFAOYSA-N,CN(C)C(=O)Oc1ccc[n+](C)c1,CN(C)C(=O)Oc1ccc[n+](C)c1,RVOLLAQWKVFTGE-UHFFFAOYSA-N,match,c1cc[nH+]cc1,C1CCCCC1
CAND::T10_AUD_00269,ABCB1,NEOSTIGMINE BROMIDE,1,1,candidate_supervised,B_author_curated_no_row_primary_assay,ChEMBL,Daood author-curated ChEMBL records,1.0,ALWKGYPQUAPLQC-UHFFFAOYSA-N,ALWKGYPQUAPLQC-UHFFFAOYSA-N,CN(C)C(=O)Oc1cccc([N+](C)(C)C)c1,,c1ccccc1,223.296,1.9437,29.54,,,,,,T10_AUD_00269,https://pmc.ncbi.nlm.nih.gov/articles/PMC12587445/,author-curated candidate; not Tier A direct assay truth,NEOSTIGMINE BROMIDE,ALWKGYPQUAPLQC-UHFFFAOYSA-N,ALWKGYPQUAPLQC-UHFFFAOYSA-N,CN(C)C(=O)Oc1cccc([N+](C)(C)C)c1,CN(C)C(=O)Oc1cccc([N+](C)(C)C)c1,ALWKGYPQUAPLQC-UHFFFAOYSA-N,match,c1ccccc1,C1CCCCC1
CAND::T10_AUD_00272,ABCB1,CHLORPHENIRAMINE,0,0,candidate_supervised,B_author_curated_no_row_primary_assay,ChEMBL,Daood author-curated ChEMBL records,1.0,SOYKEARSMXGVTM-UHFFFAOYSA-N,SOYKEARSMXGVTM-UHFFFAOYSA-N,CN(C)CCC(c1ccc(Cl)cc1)c1ccccn1,,c1ccc(Cc2ccccn2)cc1,274.795,3.8186,16.13,,,,,,T10_AUD_00272,https://pmc.ncbi.nlm.nih.gov/articles/PMC12587445/,author-curated candidate; not Tier A direct assay truth,CHLORPHENIRAMINE,SOYKEARSMXGVTM-UHFFFAOYSA-N,SOYKEARSMXGVTM-UHFFFAOYSA-N,CN(C)CCC(c1ccc(Cl)cc1)c1ccccn1,CN(C)CCC(c1ccc(Cl)cc1)c1ccccn1,SOYKEARSMXGVTM-UHFFFAOYSA-N,match,c1ccc(Cc2ccccn2)cc1,C1CCC(CC2CCCCC2)CC1
CAND::T10_AUD_00274,ABCB1,,0,0,candidate_supervised,B_author_curated_no_row_primary_assay,ChEMBL,Daood author-curated ChEMBL records,1.0,KTSGRIPMZQSHQN-UHFFFAOYSA-N,KTSGRIPMZQSHQN-UHFFFAOYSA-N,CN(C)CCNc1cc(-c2ccccc2)nc2cc(-c3ccc(F)cc3)nn12,,c1ccc(-c2ccn3nc(-c4ccccc4)cc3n2)cc1,375.451,4.1759,45.46,,,,,,T10_AUD_00274,https://pmc.ncbi.nlm.nih.gov/articles/PMC12587445/,author-curated candidate; not Tier A direct assay truth,,KTSGRIPMZQSHQN-UHFFFAOYSA-N,KTSGRIPMZQSHQN-UHFFFAOYSA-N,CN(C)CCNc1cc(-c2ccccc2)nc2cc(-c3ccc(F)cc3)nn12,CN(C)CCNc1cc(-c2ccccc2)nc2cc(-c3ccc(F)cc3)nn12,KTSGRIPMZQSHQN-UHFFFAOYSA-N,match,c1ccc(-c2ccn3nc(-c4ccccc4)cc3n2)cc1,C1CCC(C2CCC3CC(C4CCCCC4)CC3C2)CC1
CAND::T10_AUD_00275,ABCB1,,0,0,candidate_supervised,B_author_curated_no_row_primary_assay,ChEMBL,Daood author-curated ChEMBL records,1.0,KEZVDMMXQXBIFZ-UHFFFAOYSA-N,KEZVDMMXQXBIFZ-UHFFFAOYSA-N,CN(C)CCNc1nc(Oc2cccc3ccccc23)c2sccc2n1,,c1ccc2c(Oc3ncnc4ccsc34)cccc2c1,364.474,4.6103,50.28,,,,,,T10_AUD_00275,https://pmc.ncbi.nlm.nih.gov/articles/PMC12587445/,author-curated candidate; not Tier A direct assay truth,,KEZVDMMXQXBIFZ-UHFFFAOYSA-N,KEZVDMMXQXBIFZ-UHFFFAOYSA-N,CN(C)CCNc1nc(Oc2cccc3ccccc23)c2sccc2n1,CN(C)CCNc1nc(Oc2cccc3ccccc23)c2sccc2n1,KEZVDMMXQXBIFZ-UHFFFAOYSA-N,match,c1ccc2c(Oc3ncnc4ccsc34)cccc2c1,C1CCC2C(C1)CCCC2CC1CCCC2CCCC21
CAND::T10_AUD_00279,ABCB1,,1,1,candidate_supervised,B_author_curated_no_row_primary_assay,ChEMBL,Daood author-curated ChEMBL records,1.0,FWXOVZFVLYDPOD-CONSDPRKSA-N,FWXOVZFVLYDPOD-CONSDPRKSA-N,CN1C[C@@](C)(c2cc(F)cc(F)c2)N(CC(=O)Nc2cnc3c(c2)C[C@@]2(C3)C(=O)Nc3ncccc32)C(=O)C12CCCC2,,O=C(CN1C(=O)C2(CCCC2)NCC1c1ccccc1)Nc1cnc2c(c1)CC1(C2)C(=O)Nc2ncccc21,586.643,3.6842,107.53,,,,,,T10_AUD_00279,https://pmc.ncbi.nlm.nih.gov/articles/PMC12587445/,author-curated candidate; not Tier A direct assay truth,,FWXOVZFVLYDPOD-CONSDPRKSA-N,FWXOVZFVLYDPOD-CONSDPRKSA-N,CN1C[C@@](C)(c2cc(F)cc(F)c2)N(CC(=O)Nc2cnc3c(c2)C[C@@]2(C3)C(=O)Nc3ncccc32)C(=O)C12CCCC2,CN1CC(C)(c2cc(F)cc(F)c2)N(CC(=O)Nc2cnc3c(c2)CC2(C3)C(=O)Nc3ncccc32)C(=O)C12CCCC2,FWXOVZFVLYDPOD-CONSDPRKSA-N,match,O=C(CN1C(=O)C2(CCCC2)NCC1c1ccccc1)Nc1cnc2c(c1)CC1(C2)C(=O)Nc2ncccc21,CC(CC1CCC2CC3(CC2C1)C(C)CC1CCCCC13)CC1C(C2CCCCC2)CCC2(CCCC2)C1C
CAND::T10_AUD_00280,ABCB1,,1,1,candidate_supervised,B_author_curated_no_row_primary_assay,ChEMBL,Daood author-curated ChEMBL records,1.0,MBVVEHIHYLQRBC-QABMSTFYSA-N,MBVVEHIHYLQRBC-QABMSTFYSA-N,CN1C[C@@H](c2cc(F)cc(F)c2)N(CC(=O)Nc2ccc3c(c2)C[C@@]2(C3)C(=O)Nc3ncccc32)C(=O)C1(C)C,,O=C(CN1C(=O)CNCC1c1ccccc1)Nc1ccc2c(c1)CC1(C2)C(=O)Nc2ncccc21,545.59,3.5809,94.64,,,,,,T10_AUD_00280,https://pmc.ncbi.nlm.nih.gov/articles/PMC12587445/,author-curated candidate; not Tier A direct assay truth,,MBVVEHIHYLQRBC-QABMSTFYSA-N,MBVVEHIHYLQRBC-QABMSTFYSA-N,CN1C[C@@H](c2cc(F)cc(F)c2)N(CC(=O)Nc2ccc3c(c2)C[C@@]2(C3)C(=O)Nc3ncccc32)C(=O)C1(C)C,CN1CC(c2cc(F)cc(F)c2)N(CC(=O)Nc2ccc3c(c2)CC2(C3)C(=O)Nc3ncccc32)C(=O)C1(C)C,MBVVEHIHYLQRBC-QABMSTFYSA-N,match,O=C(CN1C(=O)CNCC1c1ccccc1)Nc1ccc2c(c1)CC1(C2)C(=O)Nc2ncccc21,CC(CC1CCC2CC3(CC2C1)C(C)CC1CCCCC13)CC1C(C)CCCC1C1CCCCC1
CAND::T10_AUD_00281,ABCB1,ASENAPINE MALEATE,1,1,candidate_supervised,B_author_curated_no_row_primary_assay,ChEMBL,Daood author-curated ChEMBL records,1.0,VSWBSWWIRNCQIJ-UHFFFAOYSA-N,VSWBSWWIRNCQIJ-UHFFFAOYSA-N,CN1CC2c3ccccc3Oc3ccc(Cl)cc3C2C1,,c1ccc2c(c1)Oc1ccccc1C1CNCC21,285.774,4.2585,12.47,,,,,,T10_AUD_00281,https://pmc.ncbi.nlm.nih.gov/articles/PMC12587445/,author-curated candidate; not Tier A direct assay truth,ASENAPINE MALEATE,VSWBSWWIRNCQIJ-UHFFFAOYSA-N,VSWBSWWIRNCQIJ-UHFFFAOYSA-N,CN1CC2c3ccccc3Oc3ccc(Cl)cc3C2C1,CN1CC2c3ccccc3Oc3ccc(Cl)cc3C2C1,VSWBSWWIRNCQIJ-UHFFFAOYSA-N,match,c1ccc2c(c1)Oc1ccccc1C1CNCC21,C1CCC2C(C1)CC1CCCCC1C1CCCC21
CAND::T10_AUD_00282,ABCB1,,1,1,candidate_supervised,B_author_curated_no_row_primary_assay,ChEMBL,Daood author-curated ChEMBL records,1.0,GBDJWJGSTCFVGC-UHFFFAOYSA-N,GBDJWJGSTCFVGC-UHFFFAOYSA-N,CN1CCC(=C(c2ccc(F)cc2)c2cc(Cl)cs2)CC1,,c1ccc(C(=C2CCNCC2)c2cccs2)cc1,321.848,5.0681,3.24,,,,,,T10_AUD_00282,https://pmc.ncbi.nlm.nih.gov/articles/PMC12587445/,author-curated candidate; not Tier A direct assay truth,,GBDJWJGSTCFVGC-UHFFFAOYSA-N,GBDJWJGSTCFVGC-UHFFFAOYSA-N,CN1CCC(=C(c2ccc(F)cc2)c2cc(Cl)cs2)CC1,CN1CCC(=C(c2ccc(F)cc2)c2cc(Cl)cs2)CC1,GBDJWJGSTCFVGC-UHFFFAOYSA-N,match,c1ccc(C(=C2CCNCC2)c2cccs2)cc1,C1CCC(C(C2CCCCC2)C2CCCC2)CC1
CAND::T10_AUD_00283,ABCB1,MORPHINE,1,1,candidate_supervised,B_author_curated_no_row_primary_assay,ChEMBL,Daood author-curated ChEMBL records,1.0,BQJCRHHNABKAKU-KBQPJGBKSA-N,BQJCRHHNABKAKU-KBQPJGBKSA-N,CN1CC[C@]23c4c5ccc(O)c4O[C@H]2[C@@H](O)C=C[C@H]3[C@H]1C5,,C1=CC2C3Cc4cccc5c4C2(CCN3)C(C1)O5,285.343,1.1981,52.93,,,,,,T10_AUD_00283,https://pmc.ncbi.nlm.nih.gov/articles/PMC12587445/,author-curated candidate; not Tier A direct assay truth,MORPHINE,BQJCRHHNABKAKU-KBQPJGBKSA-N,BQJCRHHNABKAKU-KBQPJGBKSA-N,CN1CC[C@]23c4c5ccc(O)c4O[C@H]2[C@@H](O)C=C[C@H]3[C@H]1C5,CN1CCC23c4c5ccc(O)c4OC2C(O)C=CC3C1C5,BQJCRHHNABKAKU-KBQPJGBKSA-N,match,C1=CC2C3Cc4cccc5c4C2(CCN3)C(C1)O5,C1CC2CC3CCCC45C(CCCC34)CC(C1)C25
CAND::T10_AUD_00284,ABCB1,ELETRIPTAN,1,1,candidate_supervised,B_author_curated_no_row_primary_assay,ChEMBL,Daood author-curated ChEMBL records,1.0,PWVXXGRKLHYWKM-LJQANCHMSA-N,PWVXXGRKLHYWKM-LJQANCHMSA-N,CN1CCC[C@@H]1Cc1c[nH]c2ccc(CCS(=O)(=O)c3ccccc3)cc12,,O=S(=O)(CCc1ccc2[nH]cc(CC3CCCN3)c2c1)c1ccccc1,382.529,3.821,53.17,,,,,,T10_AUD_00284,https://pmc.ncbi.nlm.nih.gov/articles/PMC12587445/,author-curated candidate; not Tier A direct assay truth,ELETRIPTAN,PWVXXGRKLHYWKM-LJQANCHMSA-N,PWVXXGRKLHYWKM-LJQANCHMSA-N,CN1CCC[C@@H]1Cc1c[nH]c2ccc(CCS(=O)(=O)c3ccccc3)cc12,CN1CCCC1Cc1c[nH]c2ccc(CCS(=O)(=O)c3ccccc3)cc12,PWVXXGRKLHYWKM-LJQANCHMSA-N,match,O=S(=O)(CCc1ccc2[nH]cc(CC3CCCN3)c2c1)c1ccccc1,CC(C)(CCC1CCC2CCC(CC3CCCC3)C2C1)C1CCCCC1
CAND::T10_AUD_00286,ABCB1,MW-150,0,0,candidate_supervised,B_author_curated_no_row_primary_assay,ChEMBL,Daood author-curated ChEMBL records,1.0,CIIVUDIZZJLXCN-UHFFFAOYSA-N,CIIVUDIZZJLXCN-UHFFFAOYSA-N,CN1CCN(c2cc(-c3ccncc3)c(-c3ccc4ccccc4c3)nn2)CC1,,c1ccc2cc(-c3nnc(N4CCNCC4)cc3-c3ccncc3)ccc2c1,381.483,4.1106,45.15,,,,,,T10_AUD_00286,https://pmc.ncbi.nlm.nih.gov/articles/PMC12587445/,author-curated candidate; not Tier A direct assay truth,MW-150,CIIVUDIZZJLXCN-UHFFFAOYSA-N,CIIVUDIZZJLXCN-UHFFFAOYSA-N,CN1CCN(c2cc(-c3ccncc3)c(-c3ccc4ccccc4c3)nn2)CC1,CN1CCN(c2cc(-c3ccncc3)c(-c3ccc4ccccc4c3)nn2)CC1,CIIVUDIZZJLXCN-UHFFFAOYSA-N,match,c1ccc2cc(-c3nnc(N4CCNCC4)cc3-c3ccncc3)ccc2c1,C1CCC(C2CCC(C3CCC4CCCCC4C3)C(C3CCCCC3)C2)CC1
CAND::T10_AUD_00287,ABCB1,,1,1,candidate_supervised,B_author_curated_no_row_primary_assay,ChEMBL,Daood author-curated ChEMBL records,1.0,OCSGNUMYNBZDDW-UHFFFAOYSA-N,OCSGNUMYNBZDDW-UHFFFAOYSA-N,CN1CCN(c2ccc(Nc3nccc(-c4c(-c5cccnc5)nn5c4COCC5)n3)cc2)CC1,,c1cncc(-c2nn3c(c2-c2ccnc(Nc4ccc(N5CCNCC5)cc4)n2)COCC3)c1,468.565,3.4277,84.23,,,,,,T10_AUD_00287,https://pmc.ncbi.nlm.nih.gov/articles/PMC12587445/,author-curated candidate; not Tier A direct assay truth,,OCSGNUMYNBZDDW-UHFFFAOYSA-N,OCSGNUMYNBZDDW-UHFFFAOYSA-N,CN1CCN(c2ccc(Nc3nccc(-c4c(-c5cccnc5)nn5c4COCC5)n3)cc2)CC1,CN1CCN(c2ccc(Nc3nccc(-c4c(-c5cccnc5)nn5c4COCC5)n3)cc2)CC1,OCSGNUMYNBZDDW-UHFFFAOYSA-N,match,c1cncc(-c2nn3c(c2-c2ccnc(Nc4ccc(N5CCNCC5)cc4)n2)COCC3)c1,C1CCC(C2CCC(CC3CCCC(C4C5CCCCC5CC4C4CCCCC4)C3)CC2)CC1
CAND::T10_AUD_00288,ABCB1,,0,0,candidate_supervised,B_author_curated_no_row_primary_assay,ChEMBL,Daood author-curated ChEMBL records,1.0,WQWXQFPAAFJQDX-UHFFFAOYSA-N,WQWXQFPAAFJQDX-UHFFFAOYSA-N,CN1Cc2cc(Cl)ccc2-n2c(nnc2-c2ccc(-c3ccccc3)cc2)C1,,c1ccc(-c2ccc(-c3nnc4n3-c3ccccc3CNC4)cc2)cc1,386.886,5.2001,33.95,,,,,,T10_AUD_00288,https://pmc.ncbi.nlm.nih.gov/articles/PMC12587445/,author-curated candidate; not Tier A direct assay truth,,WQWXQFPAAFJQDX-UHFFFAOYSA-N,WQWXQFPAAFJQDX-UHFFFAOYSA-N,CN1Cc2cc(Cl)ccc2-n2c(nnc2-c2ccc(-c3ccccc3)cc2)C1,CN1Cc2cc(Cl)ccc2-n2c(nnc2-c2ccc(-c3ccccc3)cc2)C1,WQWXQFPAAFJQDX-UHFFFAOYSA-N,match,c1ccc(-c2ccc(-c3nnc4n3-c3ccccc3CNC4)cc2)cc1,C1CCC(C2CCC(C3CCC4CCCC5CCCCC5C43)CC2)CC1
CAND::T10_AUD_00289,ABCB1,,1,1,candidate_supervised,B_author_curated_no_row_primary_assay,ChEMBL,Daood author-curated ChEMBL records,1.0,JYBJDNZBYBDCQS-UHFFFAOYSA-N,JYBJDNZBYBDCQS-UHFFFAOYSA-N,CN1Cc2cc(Cl)ccc2-n2c(nnc2C2CCC(C3=NOCC3)CC2)C1,,c1ccc2c(c1)CNCc1nnc(C3CCC(C4=NOCC4)CC3)n1-2,385.899,3.9162,55.54,,,,,,T10_AUD_00289,https://pmc.ncbi.nlm.nih.gov/articles/PMC12587445/,author-curated candidate; not Tier A direct assay truth,,JYBJDNZBYBDCQS-UHFFFAOYSA-N,JYBJDNZBYBDCQS-UHFFFAOYSA-N,CN1Cc2cc(Cl)ccc2-n2c(nnc2C2CCC(C3=NOCC3)CC2)C1,CN1Cc2cc(Cl)ccc2-n2c(nnc2C2CCC(C3=NOCC3)CC2)C1,JYBJDNZBYBDCQS-UHFFFAOYSA-N,match,c1ccc2c(c1)CNCc1nnc(C3CCC(C4=NOCC4)CC3)n1-2,C1CCC(C2CCC(C3CCC4CCCC5CCCCC5C43)CC2)C1
CAND::T10_AUD_00290,ABCB1,,1,1,candidate_supervised,B_author_curated_no_row_primary_assay,ChEMBL,Daood author-curated ChEMBL records,1.0,WZBGIDQTURYSRO-UHFFFAOYSA-N,WZBGIDQTURYSRO-UHFFFAOYSA-N,CN1Cc2cc(Cl)ccc2-n2c(nnc2C2CCC(Nc3ccccn3)CC2)C1,,c1ccc(NC2CCC(c3nnc4n3-c3ccccc3CNC4)CC2)nc1,408.937,4.3994,58.87,,,,,,T10_AUD_00290,https://pmc.ncbi.nlm.nih.gov/articles/PMC12587445/,author-curated candidate; not Tier A direct assay truth,,WZBGIDQTURYSRO-UHFFFAOYSA-N,WZBGIDQTURYSRO-UHFFFAOYSA-N,CN1Cc2cc(Cl)ccc2-n2c(nnc2C2CCC(Nc3ccccn3)CC2)C1,CN1Cc2cc(Cl)ccc2-n2c(nnc2C2CCC(Nc3ccccn3)CC2)C1,WZBGIDQTURYSRO-UHFFFAOYSA-N,match,c1ccc(NC2CCC(c3nnc4n3-c3ccccc3CNC4)CC2)nc1,C1CCC(CC2CCC(C3CCC4CCCC5CCCCC5C43)CC2)CC1
CAND::T10_AUD_00291,ABCB1,,0,0,candidate_supervised,B_author_curated_no_row_primary_assay,ChEMBL,Daood author-curated ChEMBL records,1.0,JKYMCTSCSIGOHG-UHFFFAOYSA-N,JKYMCTSCSIGOHG-UHFFFAOYSA-N,CN1Cc2cc(Cl)ccc2-n2c(nnc2C2CCC(Oc3ccccc3)CC2)C1,,c1ccc(OC2CCC(c3nnc4n3-c3ccccc3CNC4)CC2)cc1,408.933,4.9713,43.18,,,,,,T10_AUD_00291,https://pmc.ncbi.nlm.nih.gov/articles/PMC12587445/,author-curated candidate; not Tier A direct assay truth,,JKYMCTSCSIGOHG-UHFFFAOYSA-N,JKYMCTSCSIGOHG-UHFFFAOYSA-N,CN1Cc2cc(Cl)ccc2-n2c(nnc2C2CCC(Oc3ccccc3)CC2)C1,CN1Cc2cc(Cl)ccc2-n2c(nnc2C2CCC(Oc3ccccc3)CC2)C1,JKYMCTSCSIGOHG-UHFFFAOYSA-N,match,c1ccc(OC2CCC(c3nnc4n3-c3ccccc3CNC4)CC2)cc1,C1CCC(CC2CCC(C3CCC4CCCC5CCCCC5C43)CC2)CC1
CAND::T10_AUD_00292,ABCB1,,0,0,candidate_supervised,B_author_curated_no_row_primary_assay,ChEMBL,Daood author-curated ChEMBL records,1.0,GWXVEODILAUIES-UHFFFAOYSA-N,GWXVEODILAUIES-UHFFFAOYSA-N,CN1Cc2cc(Cl)ccc2-n2c(nnc2C2CCC(Oc3cnccn3)CC2)C1,,c1ccc2c(c1)CNCc1nnc(C3CCC(Oc4cnccn4)CC3)n1-2,410.909,3.7613,68.96,,,,,,T10_AUD_00292,https://pmc.ncbi.nlm.nih.gov/articles/PMC12587445/,author-curated candidate; not Tier A direct assay truth,,GWXVEODILAUIES-UHFFFAOYSA-N,GWXVEODILAUIES-UHFFFAOYSA-N,CN1Cc2cc(Cl)ccc2-n2c(nnc2C2CCC(Oc3cnccn3)CC2)C1,CN1Cc2cc(Cl)ccc2-n2c(nnc2C2CCC(Oc3cnccn3)CC2)C1,GWXVEODILAUIES-UHFFFAOYSA-N,match,c1ccc2c(c1)CNCc1nnc(C3CCC(Oc4cnccn4)CC3)n1-2,C1CCC(CC2CCC(C3CCC4CCCC5CCCCC5C43)CC2)CC1
CAND::T10_AUD_00293,ABCB1,,1,1,candidate_supervised,B_author_curated_no_row_primary_assay,ChEMBL,Daood author-curated ChEMBL records,1.0,VYCNWLPRJYTMDH-UHFFFAOYSA-N,VYCNWLPRJYTMDH-UHFFFAOYSA-N,CN1Cc2cc(Cl)ccc2-n2c(nnc2C2CCC(c3ccccn3)CC2)C1,,c1ccc(C2CCC(c3nnc4n3-c3ccccc3CNC4)CC2)nc1,393.922,4.7025,46.84,,,,,,T10_AUD_00293,https://pmc.ncbi.nlm.nih.gov/articles/PMC12587445/,author-curated candidate; not Tier A direct assay truth,,VYCNWLPRJYTMDH-UHFFFAOYSA-N,VYCNWLPRJYTMDH-UHFFFAOYSA-N,CN1Cc2cc(Cl)ccc2-n2c(nnc2C2CCC(c3ccccn3)CC2)C1,CN1Cc2cc(Cl)ccc2-n2c(nnc2C2CCC(c3ccccn3)CC2)C1,VYCNWLPRJYTMDH-UHFFFAOYSA-N,match,c1ccc(C2CCC(c3nnc4n3-c3ccccc3CNC4)CC2)nc1,C1CCC(C2CCC(C3CCC4CCCC5CCCCC5C43)CC2)CC1
CAND::T10_AUD_00294,ABCB1,,1,1,candidate_supervised,B_author_curated_no_row_primary_assay,ChEMBL,Daood author-curated ChEMBL records,1.0,YGLZYJJKTLTEJP-UHFFFAOYSA-N,YGLZYJJKTLTEJP-UHFFFAOYSA-N,CN1Cc2cc(Cl)ccc2-n2c(nnc2C2CCC(c3ncccn3)CC2)C1,,c1cnc(C2CCC(c3nnc4n3-c3ccccc3CNC4)CC2)nc1,394.91,4.0975,59.73,,,,,,T10_AUD_00294,https://pmc.ncbi.nlm.nih.gov/articles/PMC12587445/,author-curated candidate; not Tier A direct assay truth,,YGLZYJJKTLTEJP-UHFFFAOYSA-N,YGLZYJJKTLTEJP-UHFFFAOYSA-N,CN1Cc2cc(Cl)ccc2-n2c(nnc2C2CCC(c3ncccn3)CC2)C1,CN1Cc2cc(Cl)ccc2-n2c(nnc2C2CCC(c3ncccn3)CC2)C1,YGLZYJJKTLTEJP-UHFFFAOYSA-N,match,c1cnc(C2CCC(c3nnc4n3-c3ccccc3CNC4)CC2)nc1,C1CCC(C2CCC(C3CCC4CCCC5CCCCC5C43)CC2)CC1
CAND::T10_AUD_00295,ABCB1,,1,1,candidate_supervised,B_author_curated_no_row_primary_assay,ChEMBL,Daood author-curated ChEMBL records,1.0,PDLPRRQAPVNHMK-UHFFFAOYSA-N,PDLPRRQAPVNHMK-UHFFFAOYSA-N,CN1Cc2cc(Cl)ccc2-n2c(nnc2C2CCC(n3nnc4ccccc43)CC2)C1,,c1ccc2c(c1)CNCc1nnc(C3CCC(n4nnc5ccccc54)CC3)n1-2,433.947,4.5097,64.66,,,,,,T10_AUD_00295,https://pmc.ncbi.nlm.nih.gov/articles/PMC12587445/,author-curated candidate; not Tier A direct assay truth,,PDLPRRQAPVNHMK-UHFFFAOYSA-N,PDLPRRQAPVNHMK-UHFFFAOYSA-N,CN1Cc2cc(Cl)ccc2-n2c(nnc2C2CCC(n3nnc4ccccc43)CC2)C1,CN1Cc2cc(Cl)ccc2-n2c(nnc2C2CCC(n3nnc4ccccc43)CC2)C1,PDLPRRQAPVNHMK-UHFFFAOYSA-N,match,c1ccc2c(c1)CNCc1nnc(C3CCC(n4nnc5ccccc54)CC3)n1-2,C1CCC2C(C1)CCC2C1CCC(C2CCC3CCCC4CCCCC4C32)CC1
CAND::T10_AUD_00297,ABCB1,RANITIDINE,1,1,candidate_supervised,B_author_curated_no_row_primary_assay,ChEMBL,Daood author-curated ChEMBL records,1.0,SYNOVMDJYWJCON-UHFFFAOYSA-N,SYNOVMDJYWJCON-UHFFFAOYSA-N,CN=C(C[N+](=O)[O-])NCCSCc1ccc(CN(C)C)o1,,c1ccoc1,314.411,1.469,83.91,,,,,,T10_AUD_00297,https://pmc.ncbi.nlm.nih.gov/articles/PMC12587445/,author-curated candidate; not Tier A direct assay truth,RANITIDINE,SYNOVMDJYWJCON-UHFFFAOYSA-N,SYNOVMDJYWJCON-UHFFFAOYSA-N,CN=C(C[N+](=O)[O-])NCCSCc1ccc(CN(C)C)o1,CN=C(C[N+](=O)[O-])NCCSCc1ccc(CN(C)C)o1,SYNOVMDJYWJCON-UHFFFAOYSA-N,match,c1ccoc1,C1CCCC1
CAND::T10_AUD_00298,ABCB1,CIMETIDINE,1,1,candidate_supervised,B_author_curated_no_row_primary_assay,ChEMBL,Daood author-curated ChEMBL records,1.0,AQIXAKUUQRKLND-UHFFFAOYSA-N,AQIXAKUUQRKLND-UHFFFAOYSA-N,CN=C(NC#N)NCCSCc1[nH]cnc1C,,c1c[nH]cn1,252.347,0.5974,88.89,,,,,,T10_AUD_00298,https://pmc.ncbi.nlm.nih.gov/articles/PMC12587445/,author-curated candidate; not Tier A direct assay truth,CIMETIDINE,AQIXAKUUQRKLND-UHFFFAOYSA-N,AQIXAKUUQRKLND-UHFFFAOYSA-N,CN=C(NC#N)NCCSCc1[nH]cnc1C,CN=C(NC#N)NCCSCc1[nH]cnc1C,AQIXAKUUQRKLND-UHFFFAOYSA-N,match,c1c[nH]cn1,C1CCCC1
CAND::T10_AUD_00299,ABCB1,,1,1,candidate_supervised,B_author_curated_no_row_primary_assay,ChEMBL,Daood author-curated ChEMBL records,1.0,ZQPKOSBVHGIUIN-UHFFFAOYSA-N,ZQPKOSBVHGIUIN-UHFFFAOYSA-N,CNC(=O)C(C)(C)n1cc(Nc2ncc(C(F)(F)F)c(NC)n2)c(C)n1,,c1cnc(Nc2cn[nH]c2)nc1,371.367,2.2667,96.76,,,,,,T10_AUD_00299,https://pmc.ncbi.nlm.nih.gov/articles/PMC12587445/,author-curated candidate; not Tier A direct assay truth,,ZQPKOSBVHGIUIN-UHFFFAOYSA-N,ZQPKOSBVHGIUIN-UHFFFAOYSA-N,CNC(=O)C(C)(C)n1cc(Nc2ncc(C(F)(F)F)c(NC)n2)c(C)n1,CNC(=O)C(C)(C)n1cc(Nc2ncc(C(F)(F)F)c(NC)n2)c(C)n1,ZQPKOSBVHGIUIN-UHFFFAOYSA-N,match,c1cnc(Nc2cn[nH]c2)nc1,C1CCC(CC2CCCC2)CC1
CAND::T10_AUD_00300,ABCB1,,1,1,candidate_supervised,B_author_curated_no_row_primary_assay,ChEMBL,Daood author-curated ChEMBL records,1.0,APQJMFQVGOJLPM-UHFFFAOYSA-N,APQJMFQVGOJLPM-UHFFFAOYSA-N,CNC(=O)Nc1ccc(-c2ccc(CN3CCc4cc(OC)c(OC)cc4C3)cc2)cc1,,c1ccc(-c2ccc(CN3CCc4ccccc4C3)cc2)cc1,431.536,4.6804,62.83,,,,,,T10_AUD_00300,https://pmc.ncbi.nlm.nih.gov/articles/PMC12587445/,author-curated candidate; not Tier A direct assay truth,,APQJMFQVGOJLPM-UHFFFAOYSA-N,APQJMFQVGOJLPM-UHFFFAOYSA-N,CNC(=O)Nc1ccc(-c2ccc(CN3CCc4cc(OC)c(OC)cc4C3)cc2)cc1,CNC(=O)Nc1ccc(-c2ccc(CN3CCc4cc(OC)c(OC)cc4C3)cc2)cc1,APQJMFQVGOJLPM-UHFFFAOYSA-N,match,c1ccc(-c2ccc(CN3CCc4ccccc4C3)cc2)cc1,C1CCC(C2CCC(CC3CCC4CCCCC4C3)CC2)CC1
CAND::T10_AUD_00302,ABCB1,AXITINIB,1,1,candidate_supervised,B_author_curated_no_row_primary_assay,ChEMBL,Daood author-curated ChEMBL records,1.0,RITAVMQDGBJQJZ-UHFFFAOYSA-N,RITAVMQDGBJQJZ-UHFFFAOYSA-N,CNC(=O)c1ccccc1Sc1ccc2c(C=Cc3ccccn3)[nH]nc2c1,,C(=Cc1[nH]nc2cc(Sc3ccccc3)ccc12)c1ccccn1,386.48,4.6391,70.67,,,,,,T10_AUD_00302,https://pmc.ncbi.nlm.nih.gov/articles/PMC12587445/,author-curated candidate; not Tier A direct assay truth,AXITINIB,RITAVMQDGBJQJZ-UHFFFAOYSA-N,RITAVMQDGBJQJZ-UHFFFAOYSA-N,CNC(=O)c1ccccc1Sc1ccc2c(C=Cc3ccccn3)[nH]nc2c1,CNC(=O)c1ccccc1Sc1ccc2c(C=Cc3ccccn3)[nH]nc2c1,RITAVMQDGBJQJZ-UHFFFAOYSA-N,match,C(=Cc1[nH]nc2cc(Sc3ccccc3)ccc12)c1ccccn1,C1CCC(CCC2CCC3CC(CC4CCCCC4)CCC23)CC1
CAND::T10_AUD_00304,ABCB1,,1,1,candidate_supervised,B_author_curated_no_row_primary_assay,ChEMBL,Daood author-curated ChEMBL records,1.0,GIAUJOMDUOPYLU-LYYAWOSHSA-N,GIAUJOMDUOPYLU-LYYAWOSHSA-N,CNC(C)C(=O)NC(C(=O)N1C[C@H]2CCCN2CC1C(=O)N[C@@H]1CCOc2ccccc21)C1CCCCC1,,O=C(NC1CCOc2ccccc21)C1CN2CCCC2CN1C(=O)CC1CCCCC1,525.694,1.9746,103.01,,,,,,T10_AUD_00304,https://pmc.ncbi.nlm.nih.gov/articles/PMC12587445/,author-curated candidate; not Tier A direct assay truth,,GIAUJOMDUOPYLU-LYYAWOSHSA-N,GIAUJOMDUOPYLU-LYYAWOSHSA-N,CNC(C)C(=O)NC(C(=O)N1C[C@H]2CCCN2CC1C(=O)N[C@@H]1CCOc2ccccc21)C1CCCCC1,CNC(C)C(=O)NC(C(=O)N1CC2CCCN2CC1C(=O)NC1CCOc2ccccc21)C1CCCCC1,GIAUJOMDUOPYLU-LYYAWOSHSA-N,match,O=C(NC1CCOc2ccccc21)C1CN2CCCC2CN1C(=O)CC1CCCCC1,CC(CC1CCCCC1)C1CC2CCCC2CC1C(C)CC1CCCC2CCCCC21
CAND::T10_AUD_00305,ABCB1,,1,1,candidate_supervised,B_author_curated_no_row_primary_assay,ChEMBL,Daood author-curated ChEMBL records,1.0,FIXMENDEDQBFFM-RVOWYBLLSA-N,FIXMENDEDQBFFM-RVOWYBLLSA-N,CNC(C)C(=O)NC(C(=O)N1C[C@H]2Cc3ccccc3N2CC1C(=O)N[C@@H]1CCOc2ccccc21)C1CCCCC1,,O=C(NC1CCOc2ccccc21)C1CN2c3ccccc3CC2CN1C(=O)CC1CCCCC1,573.738,2.9415,103.01,,,,,,T10_AUD_00305,https://pmc.ncbi.nlm.nih.gov/articles/PMC12587445/,author-curated candidate; not Tier A direct assay truth,,FIXMENDEDQBFFM-RVOWYBLLSA-N,FIXMENDEDQBFFM-RVOWYBLLSA-N,CNC(C)C(=O)NC(C(=O)N1C[C@H]2Cc3ccccc3N2CC1C(=O)N[C@@H]1CCOc2ccccc21)C1CCCCC1,CNC(C)C(=O)NC(C(=O)N1CC2Cc3ccccc3N2CC1C(=O)NC1CCOc2ccccc21)C1CCCCC1,FIXMENDEDQBFFM-RVOWYBLLSA-N,match,O=C(NC1CCOc2ccccc21)C1CN2c3ccccc3CC2CN1C(=O)CC1CCCCC1,CC(CC1CCCCC1)C1CC2CC3CCCCC3C2CC1C(C)CC1CCCC2CCCCC21
CAND::T10_AUD_00306,ABCB1,KETAMINE,0,0,candidate_supervised,B_author_curated_no_row_primary_assay,ChEMBL,Daood author-curated ChEMBL records,1.0,YQEZLKZALYSWHR-UHFFFAOYSA-N,YQEZLKZALYSWHR-UHFFFAOYSA-N,CNC1(c2ccccc2Cl)CCCCC1=O,,O=C1CCCCC1c1ccccc1,237.73,2.8978,29.1,,,,,,T10_AUD_00306,https://pmc.ncbi.nlm.nih.gov/articles/PMC12587445/,author-curated candidate; not Tier A direct assay truth,KETAMINE,YQEZLKZALYSWHR-UHFFFAOYSA-N,YQEZLKZALYSWHR-UHFFFAOYSA-N,CNC1(c2ccccc2Cl)CCCCC1=O,CNC1(c2ccccc2Cl)CCCCC1=O,YQEZLKZALYSWHR-UHFFFAOYSA-N,match,O=C1CCCCC1c1ccccc1,CC1CCCCC1C1CCCCC1
CAND::T10_AUD_00309,ABCB1,,1,1,candidate_supervised,B_author_curated_no_row_primary_assay,ChEMBL,Daood author-curated ChEMBL records,1.0,WLOBUUJURNEQCL-UHFFFAOYSA-N,WLOBUUJURNEQCL-UHFFFAOYSA-N,CNCCCC(C#N)(c1ccc(OC)c(OC)c1)C(C)C,,c1ccccc1,290.407,3.1208,54.28,,,,,,T10_AUD_00309,https://pmc.ncbi.nlm.nih.gov/articles/PMC12587445/,author-curated candidate; not Tier A direct assay truth,,WLOBUUJURNEQCL-UHFFFAOYSA-N,WLOBUUJURNEQCL-UHFFFAOYSA-N,CNCCCC(C#N)(c1ccc(OC)c(OC)c1)C(C)C,CNCCCC(C#N)(c1ccc(OC)c(OC)c1)C(C)C,WLOBUUJURNEQCL-UHFFFAOYSA-N,match,c1ccccc1,C1CCCCC1
CAND::T10_AUD_00310,ABCB1,SUMATRIPTAN,0,0,candidate_supervised,B_author_curated_no_row_primary_assay,ChEMBL,Daood author-curated ChEMBL records,1.0,KQKPFRSPSRPDEB-UHFFFAOYSA-N,KQKPFRSPSRPDEB-UHFFFAOYSA-N,CNS(=O)(=O)Cc1ccc2[nH]cc(CCN(C)C)c2c1,,c1ccc2[nH]ccc2c1,295.408,1.3212,65.2,,,,,,T10_AUD_00310,https://pmc.ncbi.nlm.nih.gov/articles/PMC12587445/,author-curated candidate; not Tier A direct assay truth,SUMATRIPTAN,KQKPFRSPSRPDEB-UHFFFAOYSA-N,KQKPFRSPSRPDEB-UHFFFAOYSA-N,CNS(=O)(=O)Cc1ccc2[nH]cc(CCN(C)C)c2c1,CNS(=O)(=O)Cc1ccc2[nH]cc(CCN(C)C)c2c1,KQKPFRSPSRPDEB-UHFFFAOYSA-N,match,c1ccc2[nH]ccc2c1,C1CCC2CCCC2C1
CAND::T10_AUD_00311,ABCB1,,1,1,candidate_supervised,B_author_curated_no_row_primary_assay,ChEMBL,Daood author-curated ChEMBL records,1.0,WUBLYECGKVDFTH-UHFFFAOYSA-N,WUBLYECGKVDFTH-UHFFFAOYSA-N,CNc1cc(-c2cccnc2Oc2ccc(Nc3nc4c(F)c(F)ccc4[nH]3)cc2)ccn1,,c1cnc(Oc2ccc(Nc3nc4ccccc4[nH]3)cc2)c(-c2ccncc2)c1,444.445,5.8757,87.75,,,,,,T10_AUD_00311,https://pmc.ncbi.nlm.nih.gov/articles/PMC12587445/,author-curated candidate; not Tier A direct assay truth,,WUBLYECGKVDFTH-UHFFFAOYSA-N,WUBLYECGKVDFTH-UHFFFAOYSA-N,CNc1cc(-c2cccnc2Oc2ccc(Nc3nc4c(F)c(F)ccc4[nH]3)cc2)ccn1,CNc1cc(-c2cccnc2Oc2ccc(Nc3nc4c(F)c(F)ccc4[nH]3)cc2)ccn1,WUBLYECGKVDFTH-UHFFFAOYSA-N,match,c1cnc(Oc2ccc(Nc3nc4ccccc4[nH]3)cc2)c(-c2ccncc2)c1,C1CCC(C2CCCCC2CC2CCC(CC3CC4CCCCC4C3)CC2)CC1
CAND::T10_AUD_00312,ABCB1,,0,0,candidate_supervised,B_author_curated_no_row_primary_assay,ChEMBL,Daood author-curated ChEMBL records,1.0,ZPPUMAMZIMPJGP-UHFFFAOYSA-N,ZPPUMAMZIMPJGP-UHFFFAOYSA-N,CNc1nc(Nc2cn(C(C)(C)C#N)nc2C)ncc1C(F)(F)F,,c1cnc(Nc2cn[nH]c2)nc1,339.325,3.0443,91.45,,,,,,T10_AUD_00312,https://pmc.ncbi.nlm.nih.gov/articles/PMC12587445/,author-curated candidate; not Tier A direct assay truth,,ZPPUMAMZIMPJGP-UHFFFAOYSA-N,ZPPUMAMZIMPJGP-UHFFFAOYSA-N,CNc1nc(Nc2cn(C(C)(C)C#N)nc2C)ncc1C(F)(F)F,CNc1nc(Nc2cn(C(C)(C)C#N)nc2C)ncc1C(F)(F)F,ZPPUMAMZIMPJGP-UHFFFAOYSA-N,match,c1cnc(Nc2cn[nH]c2)nc1,C1CCC(CC2CCCC2)CC1
CAND::T10_AUD_00313,ABCB1,,1,1,candidate_supervised,B_author_curated_no_row_primary_assay,ChEMBL,Daood author-curated ChEMBL records,1.0,ZIEBOMWLUGWKRY-UHFFFAOYSA-N,ZIEBOMWLUGWKRY-UHFFFAOYSA-N,CNc1nc(Nc2cnn(C3CCN(C4COC4)CC3)c2C)ncc1C(F)(F)F,,c1cnc(Nc2cnn(C3CCN(C4COC4)CC3)c2)nc1,411.432,2.8213,80.13,,,,,,T10_AUD_00313,https://pmc.ncbi.nlm.nih.gov/articles/PMC12587445/,author-curated candidate; not Tier A direct assay truth,,ZIEBOMWLUGWKRY-UHFFFAOYSA-N,ZIEBOMWLUGWKRY-UHFFFAOYSA-N,CNc1nc(Nc2cnn(C3CCN(C4COC4)CC3)c2C)ncc1C(F)(F)F,CNc1nc(Nc2cnn(C3CCN(C4COC4)CC3)c2C)ncc1C(F)(F)F,ZIEBOMWLUGWKRY-UHFFFAOYSA-N,match,c1cnc(Nc2cnn(C3CCN(C4COC4)CC3)c2)nc1,C1CCC(CC2CCC(C3CCC(C4CCC4)CC3)C2)CC1
CAND::T10_AUD_00314,ABCB1,,0,0,candidate_supervised,B_author_curated_no_row_primary_assay,ChEMBL,Daood author-curated ChEMBL records,1.0,PUXPEQJKNAWNQA-AAEUAGOBSA-N,PUXPEQJKNAWNQA-AAEUAGOBSA-N,CNc1nc(Nc2cnn([C@H]3CCN(C4COC4)C[C@@H]3F)c2Cl)ncc1C(F)(F)F,,c1cnc(Nc2cnn(C3CCN(C4COC4)CC3)c2)nc1,449.84,3.1143,80.13,,,,,,T10_AUD_00314,https://pmc.ncbi.nlm.nih.gov/articles/PMC12587445/,author-curated candidate; not Tier A direct assay truth,,PUXPEQJKNAWNQA-AAEUAGOBSA-N,PUXPEQJKNAWNQA-AAEUAGOBSA-N,CNc1nc(Nc2cnn([C@H]3CCN(C4COC4)C[C@@H]3F)c2Cl)ncc1C(F)(F)F,CNc1nc(Nc2cnn(C3CCN(C4COC4)CC3F)c2Cl)ncc1C(F)(F)F,PUXPEQJKNAWNQA-AAEUAGOBSA-N,match,c1cnc(Nc2cnn(C3CCN(C4COC4)CC3)c2)nc1,C1CCC(CC2CCC(C3CCC(C4CCC4)CC3)C2)CC1
CAND::T10_AUD_00315,ABCB1,,0,0,candidate_supervised,B_author_curated_no_row_primary_assay,ChEMBL,Daood author-curated ChEMBL records,1.0,ITUAIACZHPLOAS-UHFFFAOYSA-N,ITUAIACZHPLOAS-UHFFFAOYSA-N,CNc1nc(Nc2cnn3c2COC(C)(C)C3)ncc1C(F)(F)F,,c1cnc(Nc2cnn3c2COCC3)nc1,342.325,2.786,76.89,,,,,,T10_AUD_00315,https://pmc.ncbi.nlm.nih.gov/articles/PMC12587445/,author-curated candidate; not Tier A direct assay truth,,ITUAIACZHPLOAS-UHFFFAOYSA-N,ITUAIACZHPLOAS-UHFFFAOYSA-N,CNc1nc(Nc2cnn3c2COC(C)(C)C3)ncc1C(F)(F)F,CNc1nc(Nc2cnn3c2COC(C)(C)C3)ncc1C(F)(F)F,ITUAIACZHPLOAS-UHFFFAOYSA-N,match,c1cnc(Nc2cnn3c2COCC3)nc1,C1CCC(CC2CCC3CCCCC32)CC1
CAND::T10_AUD_00319,ABCB1,NIFEDIPINE,0,0,candidate_supervised,B_author_curated_no_row_primary_assay,ChEMBL,Daood author-curated ChEMBL records,1.0,OSUCQKNXQBPLDG-UHFFFAOYSA-N,OSUCQKNXQBPLDG-UHFFFAOYSA-N,COC(=O)C1=C(C)N=C(C)C(C(=O)OC)C1c1ccccc1[N+](=O)[O-],,C1=CC(c2ccccc2)CC=N1,346.339,2.3891,108.1,,,,,,T10_AUD_00319,https://pmc.ncbi.nlm.nih.gov/articles/PMC12587445/,author-curated candidate; not Tier A direct assay truth,NIFEDIPINE,OSUCQKNXQBPLDG-UHFFFAOYSA-N,OSUCQKNXQBPLDG-UHFFFAOYSA-N,COC(=O)C1=C(C)N=C(C)C(C(=O)OC)C1c1ccccc1[N+](=O)[O-],COC(=O)C1=C(C)N=C(C)C(C(=O)OC)C1c1ccccc1[N+](=O)[O-],OSUCQKNXQBPLDG-UHFFFAOYSA-N,match,C1=CC(c2ccccc2)CC=N1,C1CCC(C2CCCCC2)CC1
CAND::T10_AUD_00320,ABCB1,NICARDIPINE,0,0,candidate_supervised,B_author_curated_no_row_primary_assay,ChEMBL,Daood author-curated ChEMBL records,1.0,UXVSDVSUISWXKD-UHFFFAOYSA-N,UXVSDVSUISWXKD-UHFFFAOYSA-N,COC(=O)C1=C(C)N=C(C)C(C(=O)OCCN(C)Cc2ccccc2)C1c1cccc([N+](=O)[O-])c1,,O=C(OCCNCc1ccccc1)C1C=NC=CC1c1ccccc1,479.533,3.8913,111.34,,,,,,T10_AUD_00320,https://pmc.ncbi.nlm.nih.gov/articles/PMC12587445/,author-curated candidate; not Tier A direct assay truth,NICARDIPINE,UXVSDVSUISWXKD-UHFFFAOYSA-N,UXVSDVSUISWXKD-UHFFFAOYSA-N,COC(=O)C1=C(C)N=C(C)C(C(=O)OCCN(C)Cc2ccccc2)C1c1cccc([N+](=O)[O-])c1,COC(=O)C1=C(C)N=C(C)C(C(=O)OCCN(C)Cc2ccccc2)C1c1cccc([N+](=O)[O-])c1,UXVSDVSUISWXKD-UHFFFAOYSA-N,match,O=C(OCCNCc1ccccc1)C1C=NC=CC1c1ccccc1,CC(CCCCCC1CCCCC1)C1CCCCC1C1CCCCC1
CAND::T10_AUD_00321,ABCB1,RESERPINE,1,1,candidate_supervised,B_author_curated_no_row_primary_assay,ChEMBL,Daood author-curated ChEMBL records,1.0,QEVHRUUCFGRFIF-QVNODVLKSA-N,QEVHRUUCFGRFIF-QVNODVLKSA-N,COC(=O)C1[C@H]2C[C@@H]3c4[nH]c5cc(OC)ccc5c4CCN3C[C@H]2C[C@@H](OC(=O)c2cc(OC)c(OC)c(OC)c2)[C@@H]1OC,,O=C(OC1CCC2CC3c4[nH]c5ccccc5c4CCN3CC2C1)c1ccccc1,608.688,4.1711,117.78,,,,,,T10_AUD_00321,https://pmc.ncbi.nlm.nih.gov/articles/PMC12587445/,author-curated candidate; not Tier A direct assay truth,RESERPINE,QEVHRUUCFGRFIF-QVNODVLKSA-N,QEVHRUUCFGRFIF-QVNODVLKSA-N,COC(=O)C1[C@H]2C[C@@H]3c4[nH]c5cc(OC)ccc5c4CCN3C[C@H]2C[C@@H](OC(=O)c2cc(OC)c(OC)c(OC)c2)[C@@H]1OC,COC(=O)C1C2CC3c4[nH]c5cc(OC)ccc5c4CCN3CC2CC(OC(=O)c2cc(OC)c(OC)c(OC)c2)C1OC,QEVHRUUCFGRFIF-QVNODVLKSA-N,match,O=C(OC1CCC2CC3c4[nH]c5ccccc5c4CCN3CC2C1)c1ccccc1,CC(CC1CCC2CC3C(CCC4C5CCCCC5CC34)CC2C1)C1CCCCC1
CAND::T10_AUD_00322,ABCB1,MEBENDAZOLE,0,0,candidate_supervised,B_author_curated_no_row_primary_assay,ChEMBL,Daood author-curated ChEMBL records,1.0,OPXLLQIJSORQAM-UHFFFAOYSA-N,OPXLLQIJSORQAM-UHFFFAOYSA-N,COC(=O)Nc1nc2cc(C(=O)c3ccccc3)ccc2[nH]1,,O=C(c1ccccc1)c1ccc2[nH]cnc2c1,295.298,2.9722,84.08,,,,,,T10_AUD_00322,https://pmc.ncbi.nlm.nih.gov/articles/PMC12587445/,author-curated candidate; not Tier A direct assay truth,MEBENDAZOLE,OPXLLQIJSORQAM-UHFFFAOYSA-N,OPXLLQIJSORQAM-UHFFFAOYSA-N,COC(=O)Nc1nc2cc(C(=O)c3ccccc3)ccc2[nH]1,COC(=O)Nc1nc2cc(C(=O)c3ccccc3)ccc2[nH]1,OPXLLQIJSORQAM-UHFFFAOYSA-N,match,O=C(c1ccccc1)c1ccc2[nH]cnc2c1,CC(C1CCCCC1)C1CCC2CCCC2C1
CAND::T10_AUD_00325,ABCB1,RHODAMINE123,1,1,candidate_supervised,B_author_curated_no_row_primary_assay,ChEMBL,Daood author-curated ChEMBL records,1.0,FCGVBHISQBBIQF-UHFFFAOYSA-N,FCGVBHISQBBIQF-UHFFFAOYSA-N,COC(=O)c1ccccc1-c1c2ccc(=N)cc-2oc2cc(N)ccc12,,N=c1ccc2c(-c3ccccc3)c3ccccc3oc-2c1,344.37,4.0529,89.31,,,,,,T10_AUD_00325,https://pmc.ncbi.nlm.nih.gov/articles/PMC12587445/,author-curated candidate; not Tier A direct assay truth,RHODAMINE123,FCGVBHISQBBIQF-UHFFFAOYSA-N,FCGVBHISQBBIQF-UHFFFAOYSA-N,COC(=O)c1ccccc1-c1c2ccc(=N)cc-2oc2cc(N)ccc12,COC(=O)c1ccccc1-c1c2ccc(=N)cc-2oc2cc(N)ccc12,FCGVBHISQBBIQF-UHFFFAOYSA-N,match,N=c1ccc2c(-c3ccccc3)c3ccccc3oc-2c1,CC1CCC2C(C1)CC1CCCCC1C2C1CCCCC1
CAND::T10_AUD_00327,ABCB1,RIFAMPIN,1,1,candidate_supervised,B_author_curated_no_row_primary_assay,ChEMBL,Daood author-curated ChEMBL records,1.0,JQXXHWHPUNPDRT-ANMDCUJZSA-N,JQXXHWHPUNPDRT-ANMDCUJZSA-N,CO[C@H]1/C=C/O[C@@]2(C)Oc3c(C)c(O)c4c(O)c(c(C=NN5CCN(C)CC5)c(O)c4c3C2=O)NC(=O)C(C)=CC=CC(C)[C@H](O)[C@@H](C)[C@@H](O)[C@@H](C)[C@H](OC(C)=O)[C@@H]1C,,O=C1C=CC=CCCCCCCCCC=COC2Oc3ccc4cc(c(C=NN5CCNCC5)cc4c3C2=O)N1,822.953,4.3354,220.15,,,,,,T10_AUD_00327,https://pmc.ncbi.nlm.nih.gov/articles/PMC12587445/,author-curated candidate; not Tier A direct assay truth,RIFAMPIN,JQXXHWHPUNPDRT-ANMDCUJZSA-N,JQXXHWHPUNPDRT-ANMDCUJZSA-N,CO[C@H]1/C=C/O[C@@]2(C)Oc3c(C)c(O)c4c(O)c(c(C=NN5CCN(C)CC5)c(O)c4c3C2=O)NC(=O)C(C)=CC=CC(C)[C@H](O)[C@@H](C)[C@@H](O)[C@@H](C)[C@H](OC(C)=O)[C@@H]1C,COC1C=COC2(C)Oc3c(C)c(O)c4c(O)c(c(C=NN5CCN(C)CC5)c(O)c4c3C2=O)NC(=O)C(C)=CC=CC(C)C(O)C(C)C(O)C(C)C(OC(C)=O)C1C,JQXXHWHPUNPDRT-ANMDCUJZSA-N,match,O=C1C=CC=CCCCCCCCCC=COC2Oc3ccc4cc(c(C=NN5CCNCC5)cc4c3C2=O)N1,CC1CCCCCCCCCCCCCCCC2CC3CCC4CC(C1)C(CCC1CCCCC1)CC4C3C2C
CAND::T10_AUD_00330,ABCB1,,1,1,candidate_supervised,B_author_curated_no_row_primary_assay,ChEMBL,Daood author-curated ChEMBL records,1.0,DGFXDPYXKFNNAW-RPXRUMITSA-N,DGFXDPYXKFNNAW-RPXRUMITSA-N,COC[C@]12C[C@H]1[C@@](CF)(c1cc(/C=C(\F)c3ccc(Cl)cn3)ccc1F)N=C(N)S2,,C(=Cc1ccccn1)c1cccc(C2N=CSC3CC32)c1,453.917,4.9731,60.5,,,,,,T10_AUD_00330,https://pmc.ncbi.nlm.nih.gov/articles/PMC12587445/,author-curated candidate; not Tier A direct assay truth,,DGFXDPYXKFNNAW-RPXRUMITSA-N,DGFXDPYXKFNNAW-RPXRUMITSA-N,COC[C@]12C[C@H]1[C@@](CF)(c1cc(/C=C(\F)c3ccc(Cl)cn3)ccc1F)N=C(N)S2,COCC12CC1C(CF)(c1cc(C=C(F)c3ccc(Cl)cn3)ccc1F)N=C(N)S2,DGFXDPYXKFNNAW-RPXRUMITSA-N,match,C(=Cc1ccccn1)c1cccc(C2N=CSC3CC32)c1,C1CCC(CCC2CCCC(C3CCCC4CC43)C2)CC1
CAND::T10_AUD_00331,ABCB1,,1,1,candidate_supervised,B_author_curated_no_row_primary_assay,ChEMBL,Daood author-curated ChEMBL records,1.0,RNJODJAWBKWDJO-LRDDRELGSA-N,RNJODJAWBKWDJO-LRDDRELGSA-N,COCCC(=O)NC[C@@H]1CNCCO[C@H]1c1ccc(Cl)c(F)c1,,c1ccc(C2CCNCCO2)cc1,344.814,1.9089,59.59,,,,,,T10_AUD_00331,https://pmc.ncbi.nlm.nih.gov/articles/PMC12587445/,author-curated candidate; not Tier A direct assay truth,,RNJODJAWBKWDJO-LRDDRELGSA-N,RNJODJAWBKWDJO-LRDDRELGSA-N,COCCC(=O)NC[C@@H]1CNCCO[C@H]1c1ccc(Cl)c(F)c1,COCCC(=O)NCC1CNCCOC1c1ccc(Cl)c(F)c1,RNJODJAWBKWDJO-LRDDRELGSA-N,match,c1ccc(C2CCNCCO2)cc1,C1CCCC(C2CCCCC2)CC1
CAND::T10_AUD_00334,ABCB1,CERIVASTATIN,1,1,candidate_supervised,B_author_curated_no_row_primary_assay,ChEMBL,Daood author-curated ChEMBL records,1.0,CDHNVTRRQNLWKA-WOJBJXKFSA-N,CDHNVTRRQNLWKA-WOJBJXKFSA-N,COCc1c(-c2ccc(F)cc2)c(=CC[C@@H](O)C[C@@H](O)CC(=O)O)c(C(C)C)nc1=C(C)C,,C=c1cc(-c2ccccc2)c(=C)cn1,459.558,3.1052,99.88,,,,,,T10_AUD_00334,https://pmc.ncbi.nlm.nih.gov/articles/PMC12587445/,author-curated candidate; not Tier A direct assay truth,CERIVASTATIN,CDHNVTRRQNLWKA-WOJBJXKFSA-N,CDHNVTRRQNLWKA-WOJBJXKFSA-N,COCc1c(-c2ccc(F)cc2)c(=CC[C@@H](O)C[C@@H](O)CC(=O)O)c(C(C)C)nc1=C(C)C,COCc1c(-c2ccc(F)cc2)c(=CCC(O)CC(O)CC(=O)O)c(C(C)C)nc1=C(C)C,CDHNVTRRQNLWKA-WOJBJXKFSA-N,match,C=c1cc(-c2ccccc2)c(=C)cn1,CC1CCC(C)C(C2CCCCC2)C1
CAND::T10_AUD_00337,ABCB1,,0,0,candidate_supervised,B_author_curated_no_row_primary_assay,ChEMBL,Daood author-curated ChEMBL records,1.0,SWSBMJSHXPVVKH-QGZVFWFLSA-N,SWSBMJSHXPVVKH-QGZVFWFLSA-N,COc1c(Br)cc([C@@H]2c3cc4c(cc3Cc3c(O)[nH]c(=O)n32)OCCO4)cc1Br,,O=c1[nH]cc2n1C(c1ccccc1)c1cc3c(cc1C2)OCCO3,524.165,3.7287,85.71,,,,,,T10_AUD_00337,https://pmc.ncbi.nlm.nih.gov/articles/PMC12587445/,author-curated candidate; not Tier A direct assay truth,,SWSBMJSHXPVVKH-QGZVFWFLSA-N,SWSBMJSHXPVVKH-QGZVFWFLSA-N,COc1c(Br)cc([C@@H]2c3cc4c(cc3Cc3c(O)[nH]c(=O)n32)OCCO4)cc1Br,COc1c(Br)cc(C2c3cc4c(cc3Cc3c(O)[nH]c(=O)n32)OCCO4)cc1Br,SWSBMJSHXPVVKH-QGZVFWFLSA-N,match,O=c1[nH]cc2n1C(c1ccccc1)c1cc3c(cc1C2)OCCO3,CC1CCC2CC3CC4CCCCC4CC3C(C3CCCCC3)C12
CAND::T10_AUD_00338,ABCB1,,0,0,candidate_supervised,B_author_curated_no_row_primary_assay,ChEMBL,Daood author-curated ChEMBL records,1.0,GONLTIRMTOOJRV-QGZVFWFLSA-N,GONLTIRMTOOJRV-QGZVFWFLSA-N,COc1c(Cl)cc([C@@H]2c3cc4c(cc3Cc3c(O)[nH]c(=O)n32)OCCO4)cc1Cl,,O=c1[nH]cc2n1C(c1ccccc1)c1cc3c(cc1C2)OCCO3,435.263,3.5105,85.71,,,,,,T10_AUD_00338,https://pmc.ncbi.nlm.nih.gov/articles/PMC12587445/,author-curated candidate; not Tier A direct assay truth,,GONLTIRMTOOJRV-QGZVFWFLSA-N,GONLTIRMTOOJRV-QGZVFWFLSA-N,COc1c(Cl)cc([C@@H]2c3cc4c(cc3Cc3c(O)[nH]c(=O)n32)OCCO4)cc1Cl,COc1c(Cl)cc(C2c3cc4c(cc3Cc3c(O)[nH]c(=O)n32)OCCO4)cc1Cl,GONLTIRMTOOJRV-QGZVFWFLSA-N,match,O=c1[nH]cc2n1C(c1ccccc1)c1cc3c(cc1C2)OCCO3,CC1CCC2CC3CC4CCCCC4CC3C(C3CCCCC3)C12
CAND::T10_AUD_00340,ABCB1,,1,1,candidate_supervised,B_author_curated_no_row_primary_assay,ChEMBL,Daood author-curated ChEMBL records,1.0,YYKARJVMLFXISZ-UHFFFAOYSA-N,YYKARJVMLFXISZ-UHFFFAOYSA-N,COc1cc(C(C#N)(CCCN(CCc2cccc(N=[N+]=[N-])c2)C(C)(C)C)C(C)C)cc(OC)c1OC,,c1ccc(CCCCNCCc2ccccc2)cc1,507.679,7.195,103.48,,,,,,T10_AUD_00340,https://pmc.ncbi.nlm.nih.gov/articles/PMC12587445/,author-curated candidate; not Tier A direct assay truth,,YYKARJVMLFXISZ-UHFFFAOYSA-N,YYKARJVMLFXISZ-UHFFFAOYSA-N,COc1cc(C(C#N)(CCCN(CCc2cccc(N=[N+]=[N-])c2)C(C)(C)C)C(C)C)cc(OC)c1OC,COc1cc(C(C#N)(CCCN(CCc2cccc(N=[N+]=[N-])c2)C(C)(C)C)C(C)C)cc(OC)c1OC,YYKARJVMLFXISZ-UHFFFAOYSA-N,match,c1ccc(CCCCNCCc2ccccc2)cc1,C(CCCC1CCCCC1)CCCC1CCCCC1
CAND::T10_AUD_00342,ABCB1,ETOPOSIDE,1,1,candidate_supervised,B_author_curated_no_row_primary_assay,ChEMBL,Daood author-curated ChEMBL records,1.0,VJJPUSNTGOMMGY-HZDRAOIFSA-N,VJJPUSNTGOMMGY-HZDRAOIFSA-N,COc1cc([C@@H]2c3cc4c(cc3[C@@H](O[C@@H]3O[C@@H]5CO[C@@H](C)O[C@H]5[C@H](O)[C@H]3O)[C@H]3COC(=O)C23)OCO4)cc(OC)c1O,,O=C1OCC2C(OC3CCC4OCOCC4O3)c3cc4c(cc3C(c3ccccc3)C12)OCO4,588.562,1.3386,160.83,,,,,,T10_AUD_00342,https://pmc.ncbi.nlm.nih.gov/articles/PMC12587445/,author-curated candidate; not Tier A direct assay truth,ETOPOSIDE,VJJPUSNTGOMMGY-HZDRAOIFSA-N,VJJPUSNTGOMMGY-HZDRAOIFSA-N,COc1cc([C@@H]2c3cc4c(cc3[C@@H](O[C@@H]3O[C@@H]5CO[C@@H](C)O[C@H]5[C@H](O)[C@H]3O)[C@H]3COC(=O)C23)OCO4)cc(OC)c1O,COc1cc(C2c3cc4c(cc3C(OC3OC5COC(C)OC5C(O)C3O)C3COC(=O)C23)OCO4)cc(OC)c1O,VJJPUSNTGOMMGY-HZDRAOIFSA-N,match,O=C1OCC2C(OC3CCC4OCOCC4O3)c3cc4c(cc3C(c3ccccc3)C12)OCO4,CC1CCC2C(CC3CCC4CCCCC4C3)C3CC4CCCC4CC3C(C3CCCCC3)C12
CAND::T10_AUD_00345,ABCB1,TRIMETHOPRIM,1,1,candidate_supervised,B_author_curated_no_row_primary_assay,ChEMBL,Daood author-curated ChEMBL records,1.0,IEDVJHCEMCRBQM-UHFFFAOYSA-N,IEDVJHCEMCRBQM-UHFFFAOYSA-N,COc1cc(Cc2cnc(N)nc2N)cc(OC)c1OC,,c1ccc(Cc2cncnc2)cc1,290.323,1.2576,105.51,,,,,,T10_AUD_00345,https://pmc.ncbi.nlm.nih.gov/articles/PMC12587445/,author-curated candidate; not Tier A direct assay truth,TRIMETHOPRIM,IEDVJHCEMCRBQM-UHFFFAOYSA-N,IEDVJHCEMCRBQM-UHFFFAOYSA-N,COc1cc(Cc2cnc(N)nc2N)cc(OC)c1OC,COc1cc(Cc2cnc(N)nc2N)cc(OC)c1OC,IEDVJHCEMCRBQM-UHFFFAOYSA-N,match,c1ccc(Cc2cncnc2)cc1,C1CCC(CC2CCCCC2)CC1
CAND::T10_AUD_00346,ABCB1,,1,1,candidate_supervised,B_author_curated_no_row_primary_assay,ChEMBL,Daood author-curated ChEMBL records,1.0,JGRMMBRYUDVUAI-UHFFFAOYSA-N,JGRMMBRYUDVUAI-UHFFFAOYSA-N,COc1cc(F)cc2c1nc(C)c1c(C)nc(-c3ccncc3C)n12,,c1ccc2c(c1)ncc1cnc(-c3ccncc3)n12,336.37,4.0175,52.31,,,,,,T10_AUD_00346,https://pmc.ncbi.nlm.nih.gov/articles/PMC12587445/,author-curated candidate; not Tier A direct assay truth,,JGRMMBRYUDVUAI-UHFFFAOYSA-N,JGRMMBRYUDVUAI-UHFFFAOYSA-N,COc1cc(F)cc2c1nc(C)c1c(C)nc(-c3ccncc3C)n12,COc1cc(F)cc2c1nc(C)c1c(C)nc(-c3ccncc3C)n12,JGRMMBRYUDVUAI-UHFFFAOYSA-N,match,c1ccc2c(c1)ncc1cnc(-c3ccncc3)n12,C1CCC(C2CCC3CCC4CCCCC4C32)CC1
CAND::T10_AUD_00351,ABCB1,COLCHICINE,1,1,candidate_supervised,B_author_curated_no_row_primary_assay,ChEMBL,Daood author-curated ChEMBL records,1.0,IAKHMKGGTNLKSZ-INIZCTEOSA-N,IAKHMKGGTNLKSZ-INIZCTEOSA-N,COc1cc2c(c(OC)c1OC)-c1ccc(OC)c(=O)cc1[C@@H](NC(C)=O)CC2,,O=c1cccc2c(c1)CCCc1ccccc1-2,399.443,2.8716,83.09,,,,,,T10_AUD_00351,https://pmc.ncbi.nlm.nih.gov/articles/PMC12587445/,author-curated candidate; not Tier A direct assay truth,COLCHICINE,IAKHMKGGTNLKSZ-INIZCTEOSA-N,IAKHMKGGTNLKSZ-INIZCTEOSA-N,COc1cc2c(c(OC)c1OC)-c1ccc(OC)c(=O)cc1[C@@H](NC(C)=O)CC2,COc1cc2c(c(OC)c1OC)-c1ccc(OC)c(=O)cc1C(NC(C)=O)CC2,IAKHMKGGTNLKSZ-INIZCTEOSA-N,match,O=c1cccc2c(c1)CCCc1ccccc1-2,CC1CCCC2C(CCCC3CCCCC32)C1
CAND::T10_AUD_00352,ABCB1,TRABECTEDIN,0,0,candidate_supervised,B_author_curated_no_row_primary_assay,ChEMBL,Daood author-curated ChEMBL records,1.0,PKVRCIRHQMSYJX-AIFWHQITSA-N,PKVRCIRHQMSYJX-AIFWHQITSA-N,COc1cc2c(cc1O)CCN[C@]21CS[C@@H]2c3c(OC(C)=O)c(C)c4c(c3[C@H](COC1=O)N1[C@@H]2[C@H]2c3c(cc(C)c(OC)c3O)C[C@@H]([C@@H]1O)N2C)OCO4,,O=C1OCC2c3c(ccc4c3OCO4)C(SCC13NCCc1ccccc13)C1C3NC(Cc4ccccc43)CN21,761.85,3.4132,168.72,,,,,,T10_AUD_00352,https://pmc.ncbi.nlm.nih.gov/articles/PMC12587445/,author-curated candidate; not Tier A direct assay truth,TRABECTEDIN,PKVRCIRHQMSYJX-AIFWHQITSA-N,PKVRCIRHQMSYJX-AIFWHQITSA-N,COc1cc2c(cc1O)CCN[C@]21CS[C@@H]2c3c(OC(C)=O)c(C)c4c(c3[C@H](COC1=O)N1[C@@H]2[C@H]2c3c(cc(C)c(OC)c3O)C[C@@H]([C@@H]1O)N2C)OCO4,COc1cc2c(cc1O)CCNC21CSC2c3c(OC(C)=O)c(C)c4c(c3C(COC1=O)N1C(O)C3Cc5cc(C)c(OC)c(O)c5C(C21)N3C)OCO4,PKVRCIRHQMSYJX-AIFWHQITSA-N,match,O=C1OCC2c3c(ccc4c3OCO4)C(SCC13NCCc1ccccc13)C1C3NC(Cc4ccccc43)CN21,CC1CCC2C3CC4CC5CCCCC5C(C4)C3C(CCC13CCCC1CCCCC13)C1CCC3CCCC3C12
CAND::T10_AUD_00354,ABCB1,,1,1,candidate_supervised,B_author_curated_no_row_primary_assay,ChEMBL,Daood author-curated ChEMBL records,1.0,NERQQHBBXMVPQY-UHFFFAOYSA-N,NERQQHBBXMVPQY-UHFFFAOYSA-N,COc1cc2c(cc1OC)CN(CCC=C1CCCCC1)CC2,,C(CCN1CCc2ccccc2C1)=C1CCCCC1,315.457,4.3425,21.7,,,,,,T10_AUD_00354,https://pmc.ncbi.nlm.nih.gov/articles/PMC12587445/,author-curated candidate; not Tier A direct assay truth,,NERQQHBBXMVPQY-UHFFFAOYSA-N,NERQQHBBXMVPQY-UHFFFAOYSA-N,COc1cc2c(cc1OC)CN(CCC=C1CCCCC1)CC2,COc1cc2c(cc1OC)CN(CCC=C1CCCCC1)CC2,NERQQHBBXMVPQY-UHFFFAOYSA-N,match,C(CCN1CCc2ccccc2C1)=C1CCCCC1,C1CCC(CCCC2CCC3CCCCC3C2)CC1
CAND::T10_AUD_00355,ABCB1,,1,1,candidate_supervised,B_author_curated_no_row_primary_assay,ChEMBL,Daood author-curated ChEMBL records,1.0,QBMVDXXIQASRIE-QGMBQPNBSA-N,QBMVDXXIQASRIE-QGMBQPNBSA-N,COc1cc2c(cc1OC)CN(CC/C=C1\CCCc3c(OC)cccc31)CC2,,C(CCN1CCc2ccccc2C1)=C1CCCc2ccccc21,393.527,4.8805,30.93,,,,,,T10_AUD_00355,https://pmc.ncbi.nlm.nih.gov/articles/PMC12587445/,author-curated candidate; not Tier A direct assay truth,,QBMVDXXIQASRIE-QGMBQPNBSA-N,QBMVDXXIQASRIE-QGMBQPNBSA-N,COc1cc2c(cc1OC)CN(CC/C=C1\CCCc3c(OC)cccc31)CC2,COc1cc2c(cc1OC)CN(CCC=C1CCCc3c(OC)cccc31)CC2,QBMVDXXIQASRIE-QGMBQPNBSA-N,match,C(CCN1CCc2ccccc2C1)=C1CCCc2ccccc21,C1CCC2CC(CCCC3CCCC4CCCCC43)CCC2C1
CAND::T10_AUD_00356,ABCB1,,1,1,candidate_supervised,B_author_curated_no_row_primary_assay,ChEMBL,Daood author-curated ChEMBL records,1.0,BKLBMMUVHQYDCN-UHFFFAOYSA-N,BKLBMMUVHQYDCN-UHFFFAOYSA-N,COc1cc2c(cc1OC)CN(CCCC1=CCCc3c(OC)cccc31)CC2,,C1=C(CCCN2CCc3ccccc3C2)c2ccccc2CC1,393.527,4.8805,30.93,,,,,,T10_AUD_00356,https://pmc.ncbi.nlm.nih.gov/articles/PMC12587445/,author-curated candidate; not Tier A direct assay truth,,BKLBMMUVHQYDCN-UHFFFAOYSA-N,BKLBMMUVHQYDCN-UHFFFAOYSA-N,COc1cc2c(cc1OC)CN(CCCC1=CCCc3c(OC)cccc31)CC2,COc1cc2c(cc1OC)CN(CCCC1=CCCc3c(OC)cccc31)CC2,BKLBMMUVHQYDCN-UHFFFAOYSA-N,match,C1=C(CCCN2CCc3ccccc3C2)c2ccccc2CC1,C1CCC2CC(CCCC3CCCC4CCCCC43)CCC2C1
CAND::T10_AUD_00358,ABCB1,,1,1,candidate_supervised,B_author_curated_no_row_primary_assay,ChEMBL,Daood author-curated ChEMBL records,1.0,HHPVCRYYLOFYGE-UHFFFAOYSA-N,HHPVCRYYLOFYGE-UHFFFAOYSA-N,COc1cc2c(cc1OC)CN(CCCC1CCCc3c(OC)cccc31)CC2,,c1ccc2c(c1)CCN(CCCC1CCCc3ccccc31)C2,395.543,4.9708,30.93,,,,,,T10_AUD_00358,https://pmc.ncbi.nlm.nih.gov/articles/PMC12587445/,author-curated candidate; not Tier A direct assay truth,,HHPVCRYYLOFYGE-UHFFFAOYSA-N,HHPVCRYYLOFYGE-UHFFFAOYSA-N,COc1cc2c(cc1OC)CN(CCCC1CCCc3c(OC)cccc31)CC2,COc1cc2c(cc1OC)CN(CCCC1CCCc3c(OC)cccc31)CC2,HHPVCRYYLOFYGE-UHFFFAOYSA-N,match,c1ccc2c(c1)CCN(CCCC1CCCc3ccccc31)C2,C1CCC2CC(CCCC3CCCC4CCCCC43)CCC2C1
CAND::T10_AUD_00359,ABCB1,,1,1,candidate_supervised,B_author_curated_no_row_primary_assay,ChEMBL,Daood author-curated ChEMBL records,1.0,ILEQWDOJJVJXBN-UHFFFAOYSA-N,ILEQWDOJJVJXBN-UHFFFAOYSA-N,COc1cc2c(cc1OC)CN(CCCC1CCCc3cc(OC)c(OC)cc31)CC2,,c1ccc2c(c1)CCN(CCCC1CCCc3ccccc31)C2,425.569,4.9794,40.16,,,,,,T10_AUD_00359,https://pmc.ncbi.nlm.nih.gov/articles/PMC12587445/,author-curated candidate; not Tier A direct assay truth,,ILEQWDOJJVJXBN-UHFFFAOYSA-N,ILEQWDOJJVJXBN-UHFFFAOYSA-N,COc1cc2c(cc1OC)CN(CCCC1CCCc3cc(OC)c(OC)cc31)CC2,COc1cc2c(cc1OC)CN(CCCC1CCCc3cc(OC)c(OC)cc31)CC2,ILEQWDOJJVJXBN-UHFFFAOYSA-N,match,c1ccc2c(c1)CCN(CCCC1CCCc3ccccc31)C2,C1CCC2CC(CCCC3CCCC4CCCCC43)CCC2C1
CAND::T10_AUD_00360,ABCB1,ELACRIDAR,0,0,candidate_supervised,B_author_curated_no_row_primary_assay,ChEMBL,Daood author-curated ChEMBL records,1.0,OSFCMRGOZNQUSW-UHFFFAOYSA-N,OSFCMRGOZNQUSW-UHFFFAOYSA-N,COc1cc2c(cc1OC)CN(CCc1ccc(NC(=O)c3cccc4c(=O)c5cccc(OC)c5[nH]c34)cc1)CC2,,O=C(Nc1ccc(CCN2CCc3ccccc3C2)cc1)c1cccc2c(=O)c3ccccc3[nH]c12,563.654,5.5602,92.89,,,,,,T10_AUD_00360,https://pmc.ncbi.nlm.nih.gov/articles/PMC12587445/,author-curated candidate; not Tier A direct assay truth,ELACRIDAR,OSFCMRGOZNQUSW-UHFFFAOYSA-N,OSFCMRGOZNQUSW-UHFFFAOYSA-N,COc1cc2c(cc1OC)CN(CCc1ccc(NC(=O)c3cccc4c(=O)c5cccc(OC)c5[nH]c34)cc1)CC2,COc1cc2c(cc1OC)CN(CCc1ccc(NC(=O)c3cccc4c(=O)c5cccc(OC)c5[nH]c34)cc1)CC2,OSFCMRGOZNQUSW-UHFFFAOYSA-N,match,O=C(Nc1ccc(CCN2CCc3ccccc3C2)cc1)c1cccc2c(=O)c3ccccc3[nH]c12,CC(CC1CCC(CCC2CCC3CCCCC3C2)CC1)C1CCCC2C(C)C3CCCCC3CC12
CAND::T10_AUD_00361,ABCB1,,1,1,candidate_supervised,B_author_curated_no_row_primary_assay,ChEMBL,Daood author-curated ChEMBL records,1.0,HPMYXWRALVVIDV-UHFFFAOYSA-N,HPMYXWRALVVIDV-UHFFFAOYSA-N,COc1cc2c(cc1OC)CN(Cc1ccc(-c3ccc(N(S(=O)(=O)c4ccccc4)S(=O)(=O)c4ccccc4)cc3)cc1)CC2,,O=S(=O)(c1ccccc1)N(c1ccc(-c2ccc(CN3CCc4ccccc4C3)cc2)cc1)S(=O)(=O)c1ccccc1,654.81,6.5133,93.22,,,,,,T10_AUD_00361,https://pmc.ncbi.nlm.nih.gov/articles/PMC12587445/,author-curated candidate; not Tier A direct assay truth,,HPMYXWRALVVIDV-UHFFFAOYSA-N,HPMYXWRALVVIDV-UHFFFAOYSA-N,COc1cc2c(cc1OC)CN(Cc1ccc(-c3ccc(N(S(=O)(=O)c4ccccc4)S(=O)(=O)c4ccccc4)cc3)cc1)CC2,COc1cc2c(cc1OC)CN(Cc1ccc(-c3ccc(N(S(=O)(=O)c4ccccc4)S(=O)(=O)c4ccccc4)cc3)cc1)CC2,HPMYXWRALVVIDV-UHFFFAOYSA-N,match,O=S(=O)(c1ccccc1)N(c1ccc(-c2ccc(CN3CCc4ccccc4C3)cc2)cc1)S(=O)(=O)c1ccccc1,CC(C)(C1CCCCC1)C(C1CCC(C2CCC(CC3CCC4CCCCC4C3)CC2)CC1)C(C)(C)C1CCCCC1
CAND::T10_AUD_00362,ABCB1,,1,1,candidate_supervised,B_author_curated_no_row_primary_assay,ChEMBL,Daood author-curated ChEMBL records,1.0,WETHSURQQQUTLN-UHFFFAOYSA-N,WETHSURQQQUTLN-UHFFFAOYSA-N,COc1cc2c(cc1OC)CN(Cc1ccc(-c3ccc(NC(=O)Nc4ccccc4)cc3)cc1)CC2,,O=C(Nc1ccccc1)Nc1ccc(-c2ccc(CN3CCc4ccccc4C3)cc2)cc1,493.607,6.5731,62.83,,,,,,T10_AUD_00362,https://pmc.ncbi.nlm.nih.gov/articles/PMC12587445/,author-curated candidate; not Tier A direct assay truth,,WETHSURQQQUTLN-UHFFFAOYSA-N,WETHSURQQQUTLN-UHFFFAOYSA-N,COc1cc2c(cc1OC)CN(Cc1ccc(-c3ccc(NC(=O)Nc4ccccc4)cc3)cc1)CC2,COc1cc2c(cc1OC)CN(Cc1ccc(-c3ccc(NC(=O)Nc4ccccc4)cc3)cc1)CC2,WETHSURQQQUTLN-UHFFFAOYSA-N,match,O=C(Nc1ccccc1)Nc1ccc(-c2ccc(CN3CCc4ccccc4C3)cc2)cc1,CC(CC1CCCCC1)CC1CCC(C2CCC(CC3CCC4CCCCC4C3)CC2)CC1
CAND::T10_AUD_00363,ABCB1,,1,1,candidate_supervised,B_author_curated_no_row_primary_assay,ChEMBL,Daood author-curated ChEMBL records,1.0,YFLPWNRDKWLFOU-UHFFFAOYSA-N,YFLPWNRDKWLFOU-UHFFFAOYSA-N,COc1cc2c(cc1OC)CN(Cc1ccc(-c3ccc(NC(=O)c4ccccc4)cc3)cc1)CC2,,O=C(Nc1ccc(-c2ccc(CN3CCc4ccccc4C3)cc2)cc1)c1ccccc1,478.592,6.1814,50.8,,,,,,T10_AUD_00363,https://pmc.ncbi.nlm.nih.gov/articles/PMC12587445/,author-curated candidate; not Tier A direct assay truth,,YFLPWNRDKWLFOU-UHFFFAOYSA-N,YFLPWNRDKWLFOU-UHFFFAOYSA-N,COc1cc2c(cc1OC)CN(Cc1ccc(-c3ccc(NC(=O)c4ccccc4)cc3)cc1)CC2,COc1cc2c(cc1OC)CN(Cc1ccc(-c3ccc(NC(=O)c4ccccc4)cc3)cc1)CC2,YFLPWNRDKWLFOU-UHFFFAOYSA-N,match,O=C(Nc1ccc(-c2ccc(CN3CCc4ccccc4C3)cc2)cc1)c1ccccc1,CC(CC1CCC(C2CCC(CC3CCC4CCCCC4C3)CC2)CC1)C1CCCCC1
CAND::T10_AUD_00364,ABCB1,,1,1,candidate_supervised,B_author_curated_no_row_primary_assay,ChEMBL,Daood author-curated ChEMBL records,1.0,GVKQDEGTYSWUPM-UHFFFAOYSA-N,GVKQDEGTYSWUPM-UHFFFAOYSA-N,COc1cc2c(cc1OC)CN(Cc1ccc(-c3ccc(NC(C)=O)cc3)cc1)CC2,,c1ccc(-c2ccc(CN3CCc4ccccc4C3)cc2)cc1,416.521,4.8875,50.8,,,,,,T10_AUD_00364,https://pmc.ncbi.nlm.nih.gov/articles/PMC12587445/,author-curated candidate; not Tier A direct assay truth,,GVKQDEGTYSWUPM-UHFFFAOYSA-N,GVKQDEGTYSWUPM-UHFFFAOYSA-N,COc1cc2c(cc1OC)CN(Cc1ccc(-c3ccc(NC(C)=O)cc3)cc1)CC2,COc1cc2c(cc1OC)CN(Cc1ccc(-c3ccc(NC(C)=O)cc3)cc1)CC2,GVKQDEGTYSWUPM-UHFFFAOYSA-N,match,c1ccc(-c2ccc(CN3CCc4ccccc4C3)cc2)cc1,C1CCC(C2CCC(CC3CCC4CCCCC4C3)CC2)CC1
CAND::T10_AUD_00365,ABCB1,,1,1,candidate_supervised,B_author_curated_no_row_primary_assay,ChEMBL,Daood author-curated ChEMBL records,1.0,ZLHDNJDMVVODDT-UHFFFAOYSA-N,ZLHDNJDMVVODDT-UHFFFAOYSA-N,COc1cc2c(cc1OC)CN(Cc1ccc(-c3ccc(NS(=O)(=O)c4ccccc4)cc3)cc1)CC2,,O=S(=O)(Nc1ccc(-c2ccc(CN3CCc4ccccc4C3)cc2)cc1)c1ccccc1,514.647,5.7299,67.87,,,,,,T10_AUD_00365,https://pmc.ncbi.nlm.nih.gov/articles/PMC12587445/,author-curated candidate; not Tier A direct assay truth,,ZLHDNJDMVVODDT-UHFFFAOYSA-N,ZLHDNJDMVVODDT-UHFFFAOYSA-N,COc1cc2c(cc1OC)CN(Cc1ccc(-c3ccc(NS(=O)(=O)c4ccccc4)cc3)cc1)CC2,COc1cc2c(cc1OC)CN(Cc1ccc(-c3ccc(NS(=O)(=O)c4ccccc4)cc3)cc1)CC2,ZLHDNJDMVVODDT-UHFFFAOYSA-N,match,O=S(=O)(Nc1ccc(-c2ccc(CN3CCc4ccccc4C3)cc2)cc1)c1ccccc1,CC(C)(CC1CCC(C2CCC(CC3CCC4CCCCC4C3)CC2)CC1)C1CCCCC1
CAND::T10_AUD_00366,ABCB1,,1,1,candidate_supervised,B_author_curated_no_row_primary_assay,ChEMBL,Daood author-curated ChEMBL records,1.0,UWMQFLLLVMCZQP-UHFFFAOYSA-N,UWMQFLLLVMCZQP-UHFFFAOYSA-N,COc1cc2c(cc1OC)CN(Cc1ccc(-c3ccc(NS(C)(=O)=O)cc3)cc1)CC2,,c1ccc(-c2ccc(CN3CCc4ccccc4C3)cc2)cc1,452.576,4.3006,67.87,,,,,,T10_AUD_00366,https://pmc.ncbi.nlm.nih.gov/articles/PMC12587445/,author-curated candidate; not Tier A direct assay truth,,UWMQFLLLVMCZQP-UHFFFAOYSA-N,UWMQFLLLVMCZQP-UHFFFAOYSA-N,COc1cc2c(cc1OC)CN(Cc1ccc(-c3ccc(NS(C)(=O)=O)cc3)cc1)CC2,COc1cc2c(cc1OC)CN(Cc1ccc(-c3ccc(NS(C)(=O)=O)cc3)cc1)CC2,UWMQFLLLVMCZQP-UHFFFAOYSA-N,match,c1ccc(-c2ccc(CN3CCc4ccccc4C3)cc2)cc1,C1CCC(C2CCC(CC3CCC4CCCCC4C3)CC2)CC1
CAND::T10_AUD_00367,ABCB1,,1,1,candidate_supervised,B_author_curated_no_row_primary_assay,ChEMBL,Daood author-curated ChEMBL records,1.0,AJZNPNXPGWPMRB-UHFFFAOYSA-N,AJZNPNXPGWPMRB-UHFFFAOYSA-N,COc1cc2c(cc1OC)CN(Cc1ccc(-c3ccc(OCCCCOc4nonc4OC)cc3)cc1)CC2,,c1ccc2c(c1)CCN(Cc1ccc(-c3ccc(OCCCCOc4cnon4)cc3)cc1)C2,545.636,5.5587,88.31,,,,,,T10_AUD_00367,https://pmc.ncbi.nlm.nih.gov/articles/PMC12587445/,author-curated candidate; not Tier A direct assay truth,,AJZNPNXPGWPMRB-UHFFFAOYSA-N,AJZNPNXPGWPMRB-UHFFFAOYSA-N,COc1cc2c(cc1OC)CN(Cc1ccc(-c3ccc(OCCCCOc4nonc4OC)cc3)cc1)CC2,COc1cc2c(cc1OC)CN(Cc1ccc(-c3ccc(OCCCCOc4nonc4OC)cc3)cc1)CC2,AJZNPNXPGWPMRB-UHFFFAOYSA-N,match,c1ccc2c(c1)CCN(Cc1ccc(-c3ccc(OCCCCOc4cnon4)cc3)cc1)C2,C(CCCC1CCC(C2CCC(CC3CCC4CCCCC4C3)CC2)CC1)CCC1CCCC1
CAND::T10_AUD_00368,ABCB1,,1,1,candidate_supervised,B_author_curated_no_row_primary_assay,ChEMBL,Daood author-curated ChEMBL records,1.0,AJGHMGHCQLOLQU-UHFFFAOYSA-N,AJGHMGHCQLOLQU-UHFFFAOYSA-N,COc1cc2c(cc1OC)CN(Cc1ccc(-c3ccc(OCCCOc4nonc4-c4ccccc4)cc3)cc1)CC2,,c1ccc(-c2nonc2OCCCOc2ccc(-c3ccc(CN4CCc5ccccc5C4)cc3)cc2)cc1,577.681,6.827,79.08,,,,,,T10_AUD_00368,https://pmc.ncbi.nlm.nih.gov/articles/PMC12587445/,author-curated candidate; not Tier A direct assay truth,,AJGHMGHCQLOLQU-UHFFFAOYSA-N,AJGHMGHCQLOLQU-UHFFFAOYSA-N,COc1cc2c(cc1OC)CN(Cc1ccc(-c3ccc(OCCCOc4nonc4-c4ccccc4)cc3)cc1)CC2,COc1cc2c(cc1OC)CN(Cc1ccc(-c3ccc(OCCCOc4nonc4-c4ccccc4)cc3)cc1)CC2,AJGHMGHCQLOLQU-UHFFFAOYSA-N,match,c1ccc(-c2nonc2OCCCOc2ccc(-c3ccc(CN4CCc5ccccc5C4)cc3)cc2)cc1,C1CCC(C2CCCC2CCCCCC2CCC(C3CCC(CC4CCC5CCCCC5C4)CC3)CC2)CC1
CAND::T10_AUD_00369,ABCB1,,1,1,candidate_supervised,B_author_curated_no_row_primary_assay,ChEMBL,Daood author-curated ChEMBL records,1.0,UZVOEPRLGDNYHN-UHFFFAOYSA-N,UZVOEPRLGDNYHN-UHFFFAOYSA-N,COc1cc2c(cc1OC)CN(Cc1ccc(-c3ccc(OCCCOc4nonc4C#N)cc3)cc1)CC2,,c1ccc2c(c1)CCN(Cc1ccc(-c3ccc(OCCCOc4cnon4)cc3)cc1)C2,526.593,5.0317,102.87,,,,,,T10_AUD_00369,https://pmc.ncbi.nlm.nih.gov/articles/PMC12587445/,author-curated candidate; not Tier A direct assay truth,,UZVOEPRLGDNYHN-UHFFFAOYSA-N,UZVOEPRLGDNYHN-UHFFFAOYSA-N,COc1cc2c(cc1OC)CN(Cc1ccc(-c3ccc(OCCCOc4nonc4C#N)cc3)cc1)CC2,COc1cc2c(cc1OC)CN(Cc1ccc(-c3ccc(OCCCOc4nonc4C#N)cc3)cc1)CC2,UZVOEPRLGDNYHN-UHFFFAOYSA-N,match,c1ccc2c(c1)CCN(Cc1ccc(-c3ccc(OCCCOc4cnon4)cc3)cc1)C2,C(CCC1CCCC1)CCC1CCC(C2CCC(CC3CCC4CCCCC4C3)CC2)CC1
CAND::T10_AUD_00370,ABCB1,,1,1,candidate_supervised,B_author_curated_no_row_primary_assay,ChEMBL,Daood author-curated ChEMBL records,1.0,KEIBDNCEUNQCGA-UHFFFAOYSA-N,KEIBDNCEUNQCGA-UHFFFAOYSA-N,COc1cc2c(cc1OC)CN(Cc1ccc(-c3ccc(OCCCOc4nonc4C)cc3)cc1)CC2,,c1ccc2c(c1)CCN(Cc1ccc(-c3ccc(OCCCOc4cnon4)cc3)cc1)C2,515.61,5.4684,79.08,,,,,,T10_AUD_00370,https://pmc.ncbi.nlm.nih.gov/articles/PMC12587445/,author-curated candidate; not Tier A direct assay truth,,KEIBDNCEUNQCGA-UHFFFAOYSA-N,KEIBDNCEUNQCGA-UHFFFAOYSA-N,COc1cc2c(cc1OC)CN(Cc1ccc(-c3ccc(OCCCOc4nonc4C)cc3)cc1)CC2,COc1cc2c(cc1OC)CN(Cc1ccc(-c3ccc(OCCCOc4nonc4C)cc3)cc1)CC2,KEIBDNCEUNQCGA-UHFFFAOYSA-N,match,c1ccc2c(c1)CCN(Cc1ccc(-c3ccc(OCCCOc4cnon4)cc3)cc1)C2,C(CCC1CCCC1)CCC1CCC(C2CCC(CC3CCC4CCCCC4C3)CC2)CC1
CAND::T10_AUD_00371,ABCB1,,1,1,candidate_supervised,B_author_curated_no_row_primary_assay,ChEMBL,Daood author-curated ChEMBL records,1.0,SVBPQYYVZNCDAM-UHFFFAOYSA-N,SVBPQYYVZNCDAM-UHFFFAOYSA-N,COc1cc2c(cc1OC)CN(Cc1ccc(-c3ccc(OCCCOc4nonc4OC)cc3)cc1)CC2,,c1ccc2c(c1)CCN(Cc1ccc(-c3ccc(OCCCOc4cnon4)cc3)cc1)C2,531.609,5.1686,88.31,,,,,,T10_AUD_00371,https://pmc.ncbi.nlm.nih.gov/articles/PMC12587445/,author-curated candidate; not Tier A direct assay truth,,SVBPQYYVZNCDAM-UHFFFAOYSA-N,SVBPQYYVZNCDAM-UHFFFAOYSA-N,COc1cc2c(cc1OC)CN(Cc1ccc(-c3ccc(OCCCOc4nonc4OC)cc3)cc1)CC2,COc1cc2c(cc1OC)CN(Cc1ccc(-c3ccc(OCCCOc4nonc4OC)cc3)cc1)CC2,SVBPQYYVZNCDAM-UHFFFAOYSA-N,match,c1ccc2c(c1)CCN(Cc1ccc(-c3ccc(OCCCOc4cnon4)cc3)cc1)C2,C(CCC1CCCC1)CCC1CCC(C2CCC(CC3CCC4CCCCC4C3)CC2)CC1
CAND::T10_AUD_00372,ABCB1,,1,1,candidate_supervised,B_author_curated_no_row_primary_assay,ChEMBL,Daood author-curated ChEMBL records,1.0,OIMLVEXTXUUPDK-UHFFFAOYSA-N,OIMLVEXTXUUPDK-UHFFFAOYSA-N,COc1cc2c(cc1OC)CN(Cc1ccc(-c3ccc(OCCCOc4nonc4OCc4ccccc4)cc3)cc1)CC2,,c1ccc(COc2nonc2OCCCOc2ccc(-c3ccc(CN4CCc5ccccc5C4)cc3)cc2)cc1,607.707,6.739,88.31,,,,,,T10_AUD_00372,https://pmc.ncbi.nlm.nih.gov/articles/PMC12587445/,author-curated candidate; not Tier A direct assay truth,,OIMLVEXTXUUPDK-UHFFFAOYSA-N,OIMLVEXTXUUPDK-UHFFFAOYSA-N,COc1cc2c(cc1OC)CN(Cc1ccc(-c3ccc(OCCCOc4nonc4OCc4ccccc4)cc3)cc1)CC2,COc1cc2c(cc1OC)CN(Cc1ccc(-c3ccc(OCCCOc4nonc4OCc4ccccc4)cc3)cc1)CC2,OIMLVEXTXUUPDK-UHFFFAOYSA-N,match,c1ccc(COc2nonc2OCCCOc2ccc(-c3ccc(CN4CCc5ccccc5C4)cc3)cc2)cc1,C1CCC(CCC2CCCC2CCCCCC2CCC(C3CCC(CC4CCC5CCCCC5C4)CC3)CC2)CC1
CAND::T10_AUD_00373,ABCB1,,1,1,candidate_supervised,B_author_curated_no_row_primary_assay,ChEMBL,Daood author-curated ChEMBL records,1.0,KNRQOHYUXRKQLD-UHFFFAOYSA-N,KNRQOHYUXRKQLD-UHFFFAOYSA-N,COc1cc2c(cc1OC)CN(Cc1ccc(-c3ccc(OCCCOc4nonc4Oc4ccccc4)cc3)cc1)CC2,,c1ccc(Oc2nonc2OCCCOc2ccc(-c3ccc(CN4CCc5ccccc5C4)cc3)cc2)cc1,593.68,6.9523,88.31,,,,,,T10_AUD_00373,https://pmc.ncbi.nlm.nih.gov/articles/PMC12587445/,author-curated candidate; not Tier A direct assay truth,,KNRQOHYUXRKQLD-UHFFFAOYSA-N,KNRQOHYUXRKQLD-UHFFFAOYSA-N,COc1cc2c(cc1OC)CN(Cc1ccc(-c3ccc(OCCCOc4nonc4Oc4ccccc4)cc3)cc1)CC2,COc1cc2c(cc1OC)CN(Cc1ccc(-c3ccc(OCCCOc4nonc4Oc4ccccc4)cc3)cc1)CC2,KNRQOHYUXRKQLD-UHFFFAOYSA-N,match,c1ccc(Oc2nonc2OCCCOc2ccc(-c3ccc(CN4CCc5ccccc5C4)cc3)cc2)cc1,C1CCC(CC2CCCC2CCCCCC2CCC(C3CCC(CC4CCC5CCCCC5C4)CC3)CC2)CC1
CAND::T10_AUD_00374,ABCB1,,1,1,candidate_supervised,B_author_curated_no_row_primary_assay,ChEMBL,Daood author-curated ChEMBL records,1.0,PRZNKTVLWXCPOC-UHFFFAOYSA-N,PRZNKTVLWXCPOC-UHFFFAOYSA-N,COc1cc2c(cc1OC)CN(Cc1ccc(-c3ccc(OCCCOc4nonc4Sc4ccccc4)cc3)cc1)CC2,,c1ccc(Sc2nonc2OCCCOc2ccc(-c3ccc(CN4CCc5ccccc5C4)cc3)cc2)cc1,609.748,7.3112,79.08,,,,,,T10_AUD_00374,https://pmc.ncbi.nlm.nih.gov/articles/PMC12587445/,author-curated candidate; not Tier A direct assay truth,,PRZNKTVLWXCPOC-UHFFFAOYSA-N,PRZNKTVLWXCPOC-UHFFFAOYSA-N,COc1cc2c(cc1OC)CN(Cc1ccc(-c3ccc(OCCCOc4nonc4Sc4ccccc4)cc3)cc1)CC2,COc1cc2c(cc1OC)CN(Cc1ccc(-c3ccc(OCCCOc4nonc4Sc4ccccc4)cc3)cc1)CC2,PRZNKTVLWXCPOC-UHFFFAOYSA-N,match,c1ccc(Sc2nonc2OCCCOc2ccc(-c3ccc(CN4CCc5ccccc5C4)cc3)cc2)cc1,C1CCC(CC2CCCC2CCCCCC2CCC(C3CCC(CC4CCC5CCCCC5C4)CC3)CC2)CC1
CAND::T10_AUD_00375,ABCB1,,1,1,candidate_supervised,B_author_curated_no_row_primary_assay,ChEMBL,Daood author-curated ChEMBL records,1.0,JZQVLZHXVLSOOU-UHFFFAOYSA-N,JZQVLZHXVLSOOU-UHFFFAOYSA-N,COc1cc2c(cc1OC)CN(Cc1ccc(-c3ccc(OCCOc4nonc4C#N)cc3)cc1)CC2,,c1ccc2c(c1)CCN(Cc1ccc(-c3ccc(OCCOc4cnon4)cc3)cc1)C2,512.566,4.6416,102.87,,,,,,T10_AUD_00375,https://pmc.ncbi.nlm.nih.gov/articles/PMC12587445/,author-curated candidate; not Tier A direct assay truth,,JZQVLZHXVLSOOU-UHFFFAOYSA-N,JZQVLZHXVLSOOU-UHFFFAOYSA-N,COc1cc2c(cc1OC)CN(Cc1ccc(-c3ccc(OCCOc4nonc4C#N)cc3)cc1)CC2,COc1cc2c(cc1OC)CN(Cc1ccc(-c3ccc(OCCOc4nonc4C#N)cc3)cc1)CC2,JZQVLZHXVLSOOU-UHFFFAOYSA-N,match,c1ccc2c(c1)CCN(Cc1ccc(-c3ccc(OCCOc4cnon4)cc3)cc1)C2,C1CCC(CCCCC2CCC(C3CCC(CC4CCC5CCCCC5C4)CC3)CC2)C1
CAND::T10_AUD_00376,ABCB1,,1,1,candidate_supervised,B_author_curated_no_row_primary_assay,ChEMBL,Daood author-curated ChEMBL records,1.0,PJOQAKOMOGXSFR-UHFFFAOYSA-N,PJOQAKOMOGXSFR-UHFFFAOYSA-N,COc1cc2c(cc1OC)CN(Cc1ccc(-c3ccc(OCCOc4nonc4OC)cc3)cc1)CC2,,c1ccc2c(c1)CCN(Cc1ccc(-c3ccc(OCCOc4cnon4)cc3)cc1)C2,517.582,4.7785,88.31,,,,,,T10_AUD_00376,https://pmc.ncbi.nlm.nih.gov/articles/PMC12587445/,author-curated candidate; not Tier A direct assay truth,,PJOQAKOMOGXSFR-UHFFFAOYSA-N,PJOQAKOMOGXSFR-UHFFFAOYSA-N,COc1cc2c(cc1OC)CN(Cc1ccc(-c3ccc(OCCOc4nonc4OC)cc3)cc1)CC2,COc1cc2c(cc1OC)CN(Cc1ccc(-c3ccc(OCCOc4nonc4OC)cc3)cc1)CC2,PJOQAKOMOGXSFR-UHFFFAOYSA-N,match,c1ccc2c(c1)CCN(Cc1ccc(-c3ccc(OCCOc4cnon4)cc3)cc1)C2,C1CCC(CCCCC2CCC(C3CCC(CC4CCC5CCCCC5C4)CC3)CC2)C1
CAND::T10_AUD_00377,ABCB1,,1,1,candidate_supervised,B_author_curated_no_row_primary_assay,ChEMBL,Daood author-curated ChEMBL records,1.0,GOJBPISHGSTDKK-UHFFFAOYSA-N,GOJBPISHGSTDKK-UHFFFAOYSA-N,COc1cc2c(cc1OC)CN(Cc1ccc(-c3ccc(OCCOc4nonc4OCc4ccccc4)cc3)cc1)CC2,,c1ccc(COc2nonc2OCCOc2ccc(-c3ccc(CN4CCc5ccccc5C4)cc3)cc2)cc1,593.68,6.3489,88.31,,,,,,T10_AUD_00377,https://pmc.ncbi.nlm.nih.gov/articles/PMC12587445/,author-curated candidate; not Tier A direct assay truth,,GOJBPISHGSTDKK-UHFFFAOYSA-N,GOJBPISHGSTDKK-UHFFFAOYSA-N,COc1cc2c(cc1OC)CN(Cc1ccc(-c3ccc(OCCOc4nonc4OCc4ccccc4)cc3)cc1)CC2,COc1cc2c(cc1OC)CN(Cc1ccc(-c3ccc(OCCOc4nonc4OCc4ccccc4)cc3)cc1)CC2,GOJBPISHGSTDKK-UHFFFAOYSA-N,match,c1ccc(COc2nonc2OCCOc2ccc(-c3ccc(CN4CCc5ccccc5C4)cc3)cc2)cc1,C1CCC(CCC2CCCC2CCCCC2CCC(C3CCC(CC4CCC5CCCCC5C4)CC3)CC2)CC1
CAND::T10_AUD_00378,ABCB1,,1,1,candidate_supervised,B_author_curated_no_row_primary_assay,ChEMBL,Daood author-curated ChEMBL records,1.0,ZNYYHYCVVJWSNX-UHFFFAOYSA-N,ZNYYHYCVVJWSNX-UHFFFAOYSA-N,COc1cc2c(cc1OC)CN(Cc1ccc(-c3ccc(OCCOc4nonc4[S+]([O-])c4ccccc4)cc3)cc1)CC2,,c1ccc([SH+]c2nonc2OCCOc2ccc(-c3ccc(CN4CCc5ccccc5C4)cc3)cc2)cc1,611.72,5.9366,102.14,,,,,,T10_AUD_00378,https://pmc.ncbi.nlm.nih.gov/articles/PMC12587445/,author-curated candidate; not Tier A direct assay truth,,ZNYYHYCVVJWSNX-UHFFFAOYSA-N,ZNYYHYCVVJWSNX-UHFFFAOYSA-N,COc1cc2c(cc1OC)CN(Cc1ccc(-c3ccc(OCCOc4nonc4[S+]([O-])c4ccccc4)cc3)cc1)CC2,COc1cc2c(cc1OC)CN(Cc1ccc(-c3ccc(OCCOc4nonc4[S+]([O-])c4ccccc4)cc3)cc1)CC2,ZNYYHYCVVJWSNX-UHFFFAOYSA-N,match,c1ccc([SH+]c2nonc2OCCOc2ccc(-c3ccc(CN4CCc5ccccc5C4)cc3)cc2)cc1,C1CCC(CC2CCCC2CCCCC2CCC(C3CCC(CC4CCC5CCCCC5C4)CC3)CC2)CC1
CAND::T10_AUD_00379,ABCB1,,1,1,candidate_supervised,B_author_curated_no_row_primary_assay,ChEMBL,Daood author-curated ChEMBL records,1.0,IDHWWNQNFGCFHL-UHFFFAOYSA-N,IDHWWNQNFGCFHL-UHFFFAOYSA-N,COc1cc2c(cc1OC)CN(Cc1ccc(-c3ccc4[nH]c(=O)[nH]c4c3)cc1)CC2,,O=c1[nH]c2ccc(-c3ccc(CN4CCc5ccccc5C4)cc3)cc2[nH]1,415.493,4.0987,70.35,,,,,,T10_AUD_00379,https://pmc.ncbi.nlm.nih.gov/articles/PMC12587445/,author-curated candidate; not Tier A direct assay truth,,IDHWWNQNFGCFHL-UHFFFAOYSA-N,IDHWWNQNFGCFHL-UHFFFAOYSA-N,COc1cc2c(cc1OC)CN(Cc1ccc(-c3ccc4[nH]c(=O)[nH]c4c3)cc1)CC2,COc1cc2c(cc1OC)CN(Cc1ccc(-c3ccc4[nH]c(=O)[nH]c4c3)cc1)CC2,IDHWWNQNFGCFHL-UHFFFAOYSA-N,match,O=c1[nH]c2ccc(-c3ccc(CN4CCc5ccccc5C4)cc3)cc2[nH]1,CC1CC2CCC(C3CCC(CC4CCC5CCCCC5C4)CC3)CC2C1
CAND::T10_AUD_00380,ABCB1,,1,1,candidate_supervised,B_author_curated_no_row_primary_assay,ChEMBL,Daood author-curated ChEMBL records,1.0,QJSLADYDRZVEOI-UHFFFAOYSA-N,QJSLADYDRZVEOI-UHFFFAOYSA-N,COc1cc2c(cc1OC)CN(Cc1ccc(-c3ccc4[nH]c(O)c(N5CCc6cc(OC)c(OC)cc6C5)c4c3)cc1)CC2,,c1ccc2c(c1)CCN(Cc1ccc(-c3ccc4[nH]cc(N5CCc6ccccc6C5)c4c3)cc1)C2,605.735,6.6959,79.42,,,,,,T10_AUD_00380,https://pmc.ncbi.nlm.nih.gov/articles/PMC12587445/,author-curated candidate; not Tier A direct assay truth,,QJSLADYDRZVEOI-UHFFFAOYSA-N,QJSLADYDRZVEOI-UHFFFAOYSA-N,COc1cc2c(cc1OC)CN(Cc1ccc(-c3ccc4[nH]c(O)c(N5CCc6cc(OC)c(OC)cc6C5)c4c3)cc1)CC2,COc1cc2c(cc1OC)CN(Cc1ccc(-c3ccc4[nH]c(O)c(N5CCc6cc(OC)c(OC)cc6C5)c4c3)cc1)CC2,QJSLADYDRZVEOI-UHFFFAOYSA-N,match,c1ccc2c(c1)CCN(Cc1ccc(-c3ccc4[nH]cc(N5CCc6ccccc6C5)c4c3)cc1)C2,C1CCC2CC(CC3CCC(C4CCC5CCC(C6CCC7CCCCC7C6)C5C4)CC3)CCC2C1
CAND::T10_AUD_00381,ABCB1,,1,1,candidate_supervised,B_author_curated_no_row_primary_assay,ChEMBL,Daood author-curated ChEMBL records,1.0,ODTAFGYSFWABGY-UHFFFAOYSA-N,ODTAFGYSFWABGY-UHFFFAOYSA-N,COc1cc2c(cc1OC)CN(Cc1ccc(-c3ccc4[nH]c(O)cc4c3)cc1)CC2,,c1ccc2c(c1)CCN(Cc1ccc(-c3ccc4[nH]ccc4c3)cc1)C2,414.505,5.116,57.72,,,,,,T10_AUD_00381,https://pmc.ncbi.nlm.nih.gov/articles/PMC12587445/,author-curated candidate; not Tier A direct assay truth,,ODTAFGYSFWABGY-UHFFFAOYSA-N,ODTAFGYSFWABGY-UHFFFAOYSA-N,COc1cc2c(cc1OC)CN(Cc1ccc(-c3ccc4[nH]c(O)cc4c3)cc1)CC2,COc1cc2c(cc1OC)CN(Cc1ccc(-c3ccc4[nH]c(O)cc4c3)cc1)CC2,ODTAFGYSFWABGY-UHFFFAOYSA-N,match,c1ccc2c(c1)CCN(Cc1ccc(-c3ccc4[nH]ccc4c3)cc1)C2,C1CCC2CC(CC3CCC(C4CCC5CCCC5C4)CC3)CCC2C1
CAND::T10_AUD_00382,ABCB1,,1,1,candidate_supervised,B_author_curated_no_row_primary_assay,ChEMBL,Daood author-curated ChEMBL records,1.0,ZBPZMLAHGQWUOL-UHFFFAOYSA-N,ZBPZMLAHGQWUOL-UHFFFAOYSA-N,COc1cc2c(cc1OC)CN(Cc1ccc(-c3ccc4[nH]cnc4c3)cc1)CC2,,c1ccc2c(c1)CCN(Cc1ccc(-c3ccc4[nH]cnc4c3)cc1)C2,399.494,4.8054,50.38,,,,,,T10_AUD_00382,https://pmc.ncbi.nlm.nih.gov/articles/PMC12587445/,author-curated candidate; not Tier A direct assay truth,,ZBPZMLAHGQWUOL-UHFFFAOYSA-N,ZBPZMLAHGQWUOL-UHFFFAOYSA-N,COc1cc2c(cc1OC)CN(Cc1ccc(-c3ccc4[nH]cnc4c3)cc1)CC2,COc1cc2c(cc1OC)CN(Cc1ccc(-c3ccc4[nH]cnc4c3)cc1)CC2,ZBPZMLAHGQWUOL-UHFFFAOYSA-N,match,c1ccc2c(c1)CCN(Cc1ccc(-c3ccc4[nH]cnc4c3)cc1)C2,C1CCC2CC(CC3CCC(C4CCC5CCCC5C4)CC3)CCC2C1
CAND::T10_AUD_00383,ABCB1,,1,1,candidate_supervised,B_author_curated_no_row_primary_assay,ChEMBL,Daood author-curated ChEMBL records,1.0,SCTMZZSQEUTJKO-UHFFFAOYSA-N,SCTMZZSQEUTJKO-UHFFFAOYSA-N,COc1cc2c(cc1OC)CN(Cc1ccc(-c3ccc4[nH]ncc4c3)cc1)CC2,,c1ccc2c(c1)CCN(Cc1ccc(-c3ccc4[nH]ncc4c3)cc1)C2,399.494,4.8054,50.38,,,,,,T10_AUD_00383,https://pmc.ncbi.nlm.nih.gov/articles/PMC12587445/,author-curated candidate; not Tier A direct assay truth,,SCTMZZSQEUTJKO-UHFFFAOYSA-N,SCTMZZSQEUTJKO-UHFFFAOYSA-N,COc1cc2c(cc1OC)CN(Cc1ccc(-c3ccc4[nH]ncc4c3)cc1)CC2,COc1cc2c(cc1OC)CN(Cc1ccc(-c3ccc4[nH]ncc4c3)cc1)CC2,SCTMZZSQEUTJKO-UHFFFAOYSA-N,match,c1ccc2c(c1)CCN(Cc1ccc(-c3ccc4[nH]ncc4c3)cc1)C2,C1CCC2CC(CC3CCC(C4CCC5CCCC5C4)CC3)CCC2C1
CAND::T10_AUD_00384,ABCB1,,1,1,candidate_supervised,B_author_curated_no_row_primary_assay,ChEMBL,Daood author-curated ChEMBL records,1.0,RMGZONDXAJKRGF-UHFFFAOYSA-N,RMGZONDXAJKRGF-UHFFFAOYSA-N,COc1cc2c(cc1OC)CN(Cc1ccc(-c3ccc4c(c3)C(=O)C(=O)N4)cc1)CC2,,O=C1Nc2ccc(-c3ccc(CN4CCc5ccccc5C4)cc3)cc2C1=O,428.488,4.0639,67.87,,,,,,T10_AUD_00384,https://pmc.ncbi.nlm.nih.gov/articles/PMC12587445/,author-curated candidate; not Tier A direct assay truth,,RMGZONDXAJKRGF-UHFFFAOYSA-N,RMGZONDXAJKRGF-UHFFFAOYSA-N,COc1cc2c(cc1OC)CN(Cc1ccc(-c3ccc4c(c3)C(=O)C(=O)N4)cc1)CC2,COc1cc2c(cc1OC)CN(Cc1ccc(-c3ccc4c(c3)C(=O)C(=O)N4)cc1)CC2,RMGZONDXAJKRGF-UHFFFAOYSA-N,match,O=C1Nc2ccc(-c3ccc(CN4CCc5ccccc5C4)cc3)cc2C1=O,CC1CC2CCC(C3CCC(CC4CCC5CCCCC5C4)CC3)CC2C1C
CAND::T10_AUD_00385,ABCB1,,1,1,candidate_supervised,B_author_curated_no_row_primary_assay,ChEMBL,Daood author-curated ChEMBL records,1.0,IJKBIICKIALYJL-UHFFFAOYSA-N,IJKBIICKIALYJL-UHFFFAOYSA-N,COc1cc2c(cc1OC)CN(Cc1ccc(-c3ccc4c(ccn4S(=O)(=O)c4ccccc4)c3)cc1)CC2,,O=S(=O)(c1ccccc1)n1ccc2cc(-c3ccc(CN4CCc5ccccc5C4)cc3)ccc21,538.669,6.1208,60.77,,,,,,T10_AUD_00385,https://pmc.ncbi.nlm.nih.gov/articles/PMC12587445/,author-curated candidate; not Tier A direct assay truth,,IJKBIICKIALYJL-UHFFFAOYSA-N,IJKBIICKIALYJL-UHFFFAOYSA-N,COc1cc2c(cc1OC)CN(Cc1ccc(-c3ccc4c(ccn4S(=O)(=O)c4ccccc4)c3)cc1)CC2,COc1cc2c(cc1OC)CN(Cc1ccc(-c3ccc4c(ccn4S(=O)(=O)c4ccccc4)c3)cc1)CC2,IJKBIICKIALYJL-UHFFFAOYSA-N,match,O=S(=O)(c1ccccc1)n1ccc2cc(-c3ccc(CN4CCc5ccccc5C4)cc3)ccc21,CC(C)(C1CCCCC1)C1CCC2CC(C3CCC(CC4CCC5CCCCC5C4)CC3)CCC21
CAND::T10_AUD_00387,ABCB1,,0,0,candidate_supervised,B_author_curated_no_row_primary_assay,ChEMBL,Daood author-curated ChEMBL records,1.0,KIYDKXDCNSPKQQ-UHFFFAOYSA-N,KIYDKXDCNSPKQQ-UHFFFAOYSA-N,COc1cc2cc(C3=NNC(=O)CC3C)sc2cc1OC,,O=C1CCC(c2cc3ccccc3s2)=NN1,304.371,2.7786,59.92,,,,,,T10_AUD_00387,https://pmc.ncbi.nlm.nih.gov/articles/PMC12587445/,author-curated candidate; not Tier A direct assay truth,,KIYDKXDCNSPKQQ-UHFFFAOYSA-N,KIYDKXDCNSPKQQ-UHFFFAOYSA-N,COc1cc2cc(C3=NNC(=O)CC3C)sc2cc1OC,COc1cc2cc(C3=NNC(=O)CC3C)sc2cc1OC,KIYDKXDCNSPKQQ-UHFFFAOYSA-N,match,O=C1CCC(c2cc3ccccc3s2)=NN1,CC1CCC(C2CC3CCCCC3C2)CC1
CAND::T10_AUD_00388,ABCB1,,1,1,candidate_supervised,B_author_curated_no_row_primary_assay,ChEMBL,Daood author-curated ChEMBL records,1.0,IHSGHTLNHSMKII-UHFFFAOYSA-N,IHSGHTLNHSMKII-UHFFFAOYSA-N,COc1cc2nc(N3CCCN(C(=O)N4CCOCC4)CC3)cc(N)c2c(-c2ccc(F)cc2)c1OC,,O=C(N1CCOCC1)N1CCCN(c2ccc3c(-c4ccccc4)cccc3n2)CC1,509.582,3.6046,93.39,,,,,,T10_AUD_00388,https://pmc.ncbi.nlm.nih.gov/articles/PMC12587445/,author-curated candidate; not Tier A direct assay truth,,IHSGHTLNHSMKII-UHFFFAOYSA-N,IHSGHTLNHSMKII-UHFFFAOYSA-N,COc1cc2nc(N3CCCN(C(=O)N4CCOCC4)CC3)cc(N)c2c(-c2ccc(F)cc2)c1OC,COc1cc2nc(N3CCCN(C(=O)N4CCOCC4)CC3)cc(N)c2c(-c2ccc(F)cc2)c1OC,IHSGHTLNHSMKII-UHFFFAOYSA-N,match,O=C(N1CCOCC1)N1CCCN(c2ccc3c(-c4ccccc4)cccc3n2)CC1,CC(C1CCCCC1)C1CCCC(C2CCC3C(CCCC3C3CCCCC3)C2)CC1
CAND::T10_AUD_00389,ABCB1,PRAZOSIN,1,1,candidate_supervised,B_author_curated_no_row_primary_assay,ChEMBL,Daood author-curated ChEMBL records,1.0,IENZQIKPVFGBNW-UHFFFAOYSA-N,IENZQIKPVFGBNW-UHFFFAOYSA-N,COc1cc2nc(N3CCN(C(=O)c4ccco4)CC3)nc(N)c2cc1OC,,O=C(c1ccco1)N1CCN(c2ncc3ccccc3n2)CC1,383.408,1.7846,106.95,,,,,,T10_AUD_00389,https://pmc.ncbi.nlm.nih.gov/articles/PMC12587445/,author-curated candidate; not Tier A direct assay truth,PRAZOSIN,IENZQIKPVFGBNW-UHFFFAOYSA-N,IENZQIKPVFGBNW-UHFFFAOYSA-N,COc1cc2nc(N3CCN(C(=O)c4ccco4)CC3)nc(N)c2cc1OC,COc1cc2nc(N3CCN(C(=O)c4ccco4)CC3)nc(N)c2cc1OC,IENZQIKPVFGBNW-UHFFFAOYSA-N,match,O=C(c1ccco1)N1CCN(c2ncc3ccccc3n2)CC1,CC(C1CCCC1)C1CCC(C2CCC3CCCCC3C2)CC1
CAND::T10_AUD_00391,ABCB1,,0,0,candidate_supervised,B_author_curated_no_row_primary_assay,ChEMBL,Daood author-curated ChEMBL records,1.0,GMFUWEBOUKIKRP-LPYMAVHISA-N,GMFUWEBOUKIKRP-LPYMAVHISA-N,COc1ccc(-c2cc(C(=O)N/N=C(\C)c3ccc(OC)c(OC)c3)[nH]n2)cc1,,O=C(NN=Cc1ccccc1)c1cc(-c2ccccc2)n[nH]1,394.431,3.2565,97.83,,,,,,T10_AUD_00391,https://pmc.ncbi.nlm.nih.gov/articles/PMC12587445/,author-curated candidate; not Tier A direct assay truth,,GMFUWEBOUKIKRP-LPYMAVHISA-N,GMFUWEBOUKIKRP-LPYMAVHISA-N,COc1ccc(-c2cc(C(=O)N/N=C(\C)c3ccc(OC)c(OC)c3)[nH]n2)cc1,COc1ccc(-c2cc(C(=O)NN=C(C)c3ccc(OC)c(OC)c3)[nH]n2)cc1,GMFUWEBOUKIKRP-LPYMAVHISA-N,match,O=C(NN=Cc1ccccc1)c1cc(-c2ccccc2)n[nH]1,CC(CCCC1CCCCC1)C1CCC(C2CCCCC2)C1
CAND::T10_AUD_00392,ABCB1,,0,0,candidate_supervised,B_author_curated_no_row_primary_assay,ChEMBL,Daood author-curated ChEMBL records,1.0,YFISEEHEDYLAHH-UHFFFAOYSA-N,YFISEEHEDYLAHH-UHFFFAOYSA-N,COc1ccc(-c2cc(C(N)=O)nc3cc(CCc4cnc(C)nc4)ccc23)c(F)c1,,c1ccc(-c2ccnc3cc(CCc4cncnc4)ccc23)cc1,416.456,4.032,90.99,,,,,,T10_AUD_00392,https://pmc.ncbi.nlm.nih.gov/articles/PMC12587445/,author-curated candidate; not Tier A direct assay truth,,YFISEEHEDYLAHH-UHFFFAOYSA-N,YFISEEHEDYLAHH-UHFFFAOYSA-N,COc1ccc(-c2cc(C(N)=O)nc3cc(CCc4cnc(C)nc4)ccc23)c(F)c1,COc1ccc(-c2cc(C(N)=O)nc3cc(CCc4cnc(C)nc4)ccc23)c(F)c1,YFISEEHEDYLAHH-UHFFFAOYSA-N,match,c1ccc(-c2ccnc3cc(CCc4cncnc4)ccc23)cc1,C1CCC(CCC2CCC3C(CCCC3C3CCCCC3)C2)CC1
CAND::T10_AUD_00393,ABCB1,,0,0,candidate_supervised,B_author_curated_no_row_primary_assay,ChEMBL,Daood author-curated ChEMBL records,1.0,HZCDQLPIMAICCU-UHFFFAOYSA-N,HZCDQLPIMAICCU-UHFFFAOYSA-N,COc1ccc(-c2cc(C(N)=O)nc3cc(CCc4cnc(C)nc4)ccc23)cc1,,c1ccc(-c2ccnc3cc(CCc4cncnc4)ccc23)cc1,398.466,3.8929,90.99,,,,,,T10_AUD_00393,https://pmc.ncbi.nlm.nih.gov/articles/PMC12587445/,author-curated candidate; not Tier A direct assay truth,,HZCDQLPIMAICCU-UHFFFAOYSA-N,HZCDQLPIMAICCU-UHFFFAOYSA-N,COc1ccc(-c2cc(C(N)=O)nc3cc(CCc4cnc(C)nc4)ccc23)cc1,COc1ccc(-c2cc(C(N)=O)nc3cc(CCc4cnc(C)nc4)ccc23)cc1,HZCDQLPIMAICCU-UHFFFAOYSA-N,match,c1ccc(-c2ccnc3cc(CCc4cncnc4)ccc23)cc1,C1CCC(CCC2CCC3C(CCCC3C3CCCCC3)C2)CC1
CAND::T10_AUD_00396,ABCB1,,0,0,candidate_supervised,B_author_curated_no_row_primary_assay,ChEMBL,Daood author-curated ChEMBL records,1.0,KAFPMBZSTVDIGX-PCCBWWKXSA-N,KAFPMBZSTVDIGX-PCCBWWKXSA-N,COc1ccc(C(=O)Nc2ccc(F)c([C@]34COC[C@@]3(F)C[C@](C)(F)C(=N)N4)c2)nc1,,N=C1CCC2COCC2(c2cccc(NC(=O)c3ccccn3)c2)N1,434.418,3.1142,96.33,,,,,,T10_AUD_00396,https://pmc.ncbi.nlm.nih.gov/articles/PMC12587445/,author-curated candidate; not Tier A direct assay truth,,KAFPMBZSTVDIGX-PCCBWWKXSA-N,KAFPMBZSTVDIGX-PCCBWWKXSA-N,COc1ccc(C(=O)Nc2ccc(F)c([C@]34COC[C@@]3(F)C[C@](C)(F)C(=N)N4)c2)nc1,COc1ccc(C(=O)Nc2ccc(F)c(C34COCC3(F)CC(C)(F)C(=N)N4)c2)nc1,KAFPMBZSTVDIGX-PCCBWWKXSA-N,match,N=C1CCC2COCC2(c2cccc(NC(=O)c3ccccn3)c2)N1,CC1CCC2CCCC2(C2CCCC(CC(C)C3CCCCC3)C2)C1
CAND::T10_AUD_00398,ABCB1,,1,1,candidate_supervised,B_author_curated_no_row_primary_assay,ChEMBL,Daood author-curated ChEMBL records,1.0,UCWOSFAANAZHKR-MRXNPFEDSA-N,UCWOSFAANAZHKR-MRXNPFEDSA-N,COc1ccc([C@@](C#N)(CCCN)C(C)C)cc1OC,,c1ccccc1,276.38,2.8601,68.27,,,,,,T10_AUD_00398,https://pmc.ncbi.nlm.nih.gov/articles/PMC12587445/,author-curated candidate; not Tier A direct assay truth,,UCWOSFAANAZHKR-MRXNPFEDSA-N,UCWOSFAANAZHKR-MRXNPFEDSA-N,COc1ccc([C@@](C#N)(CCCN)C(C)C)cc1OC,COc1ccc(C(C#N)(CCCN)C(C)C)cc1OC,UCWOSFAANAZHKR-MRXNPFEDSA-N,match,c1ccccc1,C1CCCCC1
CAND::T10_AUD_00403,ABCB1,DILTIAZEM,1,1,candidate_supervised,B_author_curated_no_row_primary_assay,ChEMBL,Daood author-curated ChEMBL records,1.0,HSUGRBWQSSZJOP-LBAQZLPGSA-N,HSUGRBWQSSZJOP-LBAQZLPGSA-N,COc1ccc([C@@H]2Sc3ccccc3N(CCN(C)C)C(=O)C2OC(C)=O)cc1,,O=C1CC(c2ccccc2)Sc2ccccc2N1,414.527,3.3685,59.08,,,,,,T10_AUD_00403,https://pmc.ncbi.nlm.nih.gov/articles/PMC12587445/,author-curated candidate; not Tier A direct assay truth,DILTIAZEM,HSUGRBWQSSZJOP-LBAQZLPGSA-N,HSUGRBWQSSZJOP-LBAQZLPGSA-N,COc1ccc([C@@H]2Sc3ccccc3N(CCN(C)C)C(=O)C2OC(C)=O)cc1,COc1ccc(C2Sc3ccccc3N(CCN(C)C)C(=O)C2OC(C)=O)cc1,HSUGRBWQSSZJOP-LBAQZLPGSA-N,match,O=C1CC(c2ccccc2)Sc2ccccc2N1,CC1CC2CCCCC2CC(C2CCCCC2)C1
CAND::T10_AUD_00404,ABCB1,COMBRETASTATIN A4,0,0,candidate_supervised,B_author_curated_no_row_primary_assay,ChEMBL,Daood author-curated ChEMBL records,1.0,HVXBOLULGPECHP-WAYWQWQTSA-N,HVXBOLULGPECHP-WAYWQWQTSA-N,COc1ccc(/C=C\c2cc(OC)c(OC)c(OC)c2)cc1O,,C(=Cc1ccccc1)c1ccccc1,316.353,3.597,57.15,,,,,,T10_AUD_00404,https://pmc.ncbi.nlm.nih.gov/articles/PMC12587445/,author-curated candidate; not Tier A direct assay truth,COMBRETASTATIN A4,HVXBOLULGPECHP-WAYWQWQTSA-N,HVXBOLULGPECHP-WAYWQWQTSA-N,COc1ccc(/C=C\c2cc(OC)c(OC)c(OC)c2)cc1O,COc1ccc(C=Cc2cc(OC)c(OC)c(OC)c2)cc1O,HVXBOLULGPECHP-WAYWQWQTSA-N,match,C(=Cc1ccccc1)c1ccccc1,C1CCC(CCC2CCCCC2)CC1
CAND::T10_AUD_00406,ABCB1,PUROMYCIN,1,1,candidate_supervised,B_author_curated_no_row_primary_assay,ChEMBL,Daood author-curated ChEMBL records,1.0,RXWNCPJZOCPEPQ-ZRKVXJNMSA-N,RXWNCPJZOCPEPQ-ZRKVXJNMSA-N,COc1ccc(CC(N)C(=O)N[C@H]2[C@@H](O)[C@H](n3cnc4c(N(C)C)ncnc43)O[C@@H]2CO)cc1,,O=C(CCc1ccccc1)NC1COC(n2cnc3cncnc32)C1,471.518,-0.7937,160.88,,,,,,T10_AUD_00406,https://pmc.ncbi.nlm.nih.gov/articles/PMC12587445/,author-curated candidate; not Tier A direct assay truth,PUROMYCIN,RXWNCPJZOCPEPQ-ZRKVXJNMSA-N,RXWNCPJZOCPEPQ-ZRKVXJNMSA-N,COc1ccc(CC(N)C(=O)N[C@H]2[C@@H](O)[C@H](n3cnc4c(N(C)C)ncnc43)O[C@@H]2CO)cc1,COc1ccc(CC(N)C(=O)NC2C(CO)OC(n3cnc4c(N(C)C)ncnc43)C2O)cc1,RXWNCPJZOCPEPQ-ZRKVXJNMSA-N,match,O=C(CCc1ccccc1)NC1COC(n2cnc3cncnc32)C1,CC(CCC1CCCCC1)CC1CCC(C2CCC3CCCCC32)C1
CAND::T10_AUD_00407,ABCB1,VERAPAMIL,1,1,candidate_supervised,B_author_curated_no_row_primary_assay,ChEMBL,Daood author-curated ChEMBL records,1.0,SGTNSNPWRIOYBX-UHFFFAOYSA-N,SGTNSNPWRIOYBX-UHFFFAOYSA-N,COc1ccc(CCN(C)CCCC(C#N)(c2ccc(OC)c(OC)c2)C(C)C)cc1OC,,c1ccc(CCCCNCCc2ccccc2)cc1,454.611,5.0931,63.95,,,,,,T10_AUD_00407,https://pmc.ncbi.nlm.nih.gov/articles/PMC12587445/,author-curated candidate; not Tier A direct assay truth,VERAPAMIL,SGTNSNPWRIOYBX-UHFFFAOYSA-N,SGTNSNPWRIOYBX-UHFFFAOYSA-N,COc1ccc(CCN(C)CCCC(C#N)(c2ccc(OC)c(OC)c2)C(C)C)cc1OC,COc1ccc(CCN(C)CCCC(C#N)(c2ccc(OC)c(OC)c2)C(C)C)cc1OC,SGTNSNPWRIOYBX-UHFFFAOYSA-N,match,c1ccc(CCCCNCCc2ccccc2)cc1,C(CCCC1CCCCC1)CCCC1CCCCC1
CAND::T10_AUD_00408,ABCB1,NORVERAPAMIL,1,1,candidate_supervised,B_author_curated_no_row_primary_assay,ChEMBL,Daood author-curated ChEMBL records,1.0,UPKQNCPKPOLASS-UHFFFAOYSA-N,UPKQNCPKPOLASS-UHFFFAOYSA-N,COc1ccc(CCNCCCC(C#N)(c2ccc(OC)c(OC)c2)C(C)C)cc1OC,,c1ccc(CCCCNCCc2ccccc2)cc1,440.584,4.7509,72.74,,,,,,T10_AUD_00408,https://pmc.ncbi.nlm.nih.gov/articles/PMC12587445/,author-curated candidate; not Tier A direct assay truth,NORVERAPAMIL,UPKQNCPKPOLASS-UHFFFAOYSA-N,UPKQNCPKPOLASS-UHFFFAOYSA-N,COc1ccc(CCNCCCC(C#N)(c2ccc(OC)c(OC)c2)C(C)C)cc1OC,COc1ccc(CCNCCCC(C#N)(c2ccc(OC)c(OC)c2)C(C)C)cc1OC,UPKQNCPKPOLASS-UHFFFAOYSA-N,match,c1ccc(CCCCNCCc2ccccc2)cc1,C(CCCC1CCCCC1)CCCC1CCCCC1
CAND::T10_AUD_00409,ABCB1,,1,1,candidate_supervised,B_author_curated_no_row_primary_assay,ChEMBL,Daood author-curated ChEMBL records,1.0,VDWKDBPHAPPUBO-UHFFFAOYSA-N,VDWKDBPHAPPUBO-UHFFFAOYSA-N,COc1ccc(CNC(=O)c2cc(-c3cc(Cl)cc(Cl)c3)cnc2-c2cccnc2)cc1OC,,O=C(NCc1ccccc1)c1cc(-c2ccccc2)cnc1-c1cccnc1,494.378,6.0646,73.34,,,,,,T10_AUD_00409,https://pmc.ncbi.nlm.nih.gov/articles/PMC12587445/,author-curated candidate; not Tier A direct assay truth,,VDWKDBPHAPPUBO-UHFFFAOYSA-N,VDWKDBPHAPPUBO-UHFFFAOYSA-N,COc1ccc(CNC(=O)c2cc(-c3cc(Cl)cc(Cl)c3)cnc2-c2cccnc2)cc1OC,COc1ccc(CNC(=O)c2cc(-c3cc(Cl)cc(Cl)c3)cnc2-c2cccnc2)cc1OC,VDWKDBPHAPPUBO-UHFFFAOYSA-N,match,O=C(NCc1ccccc1)c1cc(-c2ccccc2)cnc1-c1cccnc1,CC(CCC1CCCCC1)C1CC(C2CCCCC2)CCC1C1CCCCC1
CAND::T10_AUD_00410,ABCB1,,0,0,candidate_supervised,B_author_curated_no_row_primary_assay,ChEMBL,Daood author-curated ChEMBL records,1.0,QFMYKKOZVFBBGI-UHFFFAOYSA-N,QFMYKKOZVFBBGI-UHFFFAOYSA-N,COc1ccc(N(C)c2nc(C)nc3c2CC(C)C3)cc1,,c1ccc(Nc2ncnc3c2CCC3)cc1,283.375,3.2962,38.25,,,,,,T10_AUD_00410,https://pmc.ncbi.nlm.nih.gov/articles/PMC12587445/,author-curated candidate; not Tier A direct assay truth,,QFMYKKOZVFBBGI-UHFFFAOYSA-N,QFMYKKOZVFBBGI-UHFFFAOYSA-N,COc1ccc(N(C)c2nc(C)nc3c2CC(C)C3)cc1,COc1ccc(N(C)c2nc(C)nc3c2CC(C)C3)cc1,QFMYKKOZVFBBGI-UHFFFAOYSA-N,match,c1ccc(Nc2ncnc3c2CCC3)cc1,C1CCC(CC2CCCC3CCCC32)CC1
CAND::T10_AUD_00411,ABCB1,,0,0,candidate_supervised,B_author_curated_no_row_primary_assay,ChEMBL,Daood author-curated ChEMBL records,1.0,GQRFTXWUCZQCHM-UHFFFAOYSA-N,GQRFTXWUCZQCHM-UHFFFAOYSA-N,COc1ccc(N(C)c2nc(C)nc3c2CCC3)cc1,,c1ccc(Nc2ncnc3c2CCC3)cc1,269.348,3.0502,38.25,,,,,,T10_AUD_00411,https://pmc.ncbi.nlm.nih.gov/articles/PMC12587445/,author-curated candidate; not Tier A direct assay truth,,GQRFTXWUCZQCHM-UHFFFAOYSA-N,GQRFTXWUCZQCHM-UHFFFAOYSA-N,COc1ccc(N(C)c2nc(C)nc3c2CCC3)cc1,COc1ccc(N(C)c2nc(C)nc3c2CCC3)cc1,GQRFTXWUCZQCHM-UHFFFAOYSA-N,match,c1ccc(Nc2ncnc3c2CCC3)cc1,C1CCC(CC2CCCC3CCCC32)CC1
CAND::T10_AUD_00412,ABCB1,,0,0,candidate_supervised,B_author_curated_no_row_primary_assay,ChEMBL,Daood author-curated ChEMBL records,1.0,LXPCMMVNRMVBIT-UHFFFAOYSA-N,LXPCMMVNRMVBIT-UHFFFAOYSA-N,COc1ccc(N(C)c2nc(N)nc3[nH]c4ccccc4c23)cc1,,c1ccc(Nc2ncnc3[nH]c4ccccc4c23)cc1,319.368,3.4698,80.06,,,,,,T10_AUD_00412,https://pmc.ncbi.nlm.nih.gov/articles/PMC12587445/,author-curated candidate; not Tier A direct assay truth,,LXPCMMVNRMVBIT-UHFFFAOYSA-N,LXPCMMVNRMVBIT-UHFFFAOYSA-N,COc1ccc(N(C)c2nc(N)nc3[nH]c4ccccc4c23)cc1,COc1ccc(N(C)c2nc(N)nc3[nH]c4ccccc4c23)cc1,LXPCMMVNRMVBIT-UHFFFAOYSA-N,match,c1ccc(Nc2ncnc3[nH]c4ccccc4c23)cc1,C1CCC(CC2CCCC3CC4CCCCC4C23)CC1
CAND::T10_AUD_00413,ABCB1,,0,0,candidate_supervised,B_author_curated_no_row_primary_assay,ChEMBL,Daood author-curated ChEMBL records,1.0,OWBQCPZBRPKYKE-UHFFFAOYSA-N,OWBQCPZBRPKYKE-UHFFFAOYSA-N,COc1ccc(Nc2nc(N)c(C(=O)c3ccc(OC)c(OC)c3)s2)cc1,,O=C(c1ccccc1)c1cnc(Nc2ccccc2)s1,385.445,3.7257,95.7,,,,,,T10_AUD_00413,https://pmc.ncbi.nlm.nih.gov/articles/PMC12587445/,author-curated candidate; not Tier A direct assay truth,,OWBQCPZBRPKYKE-UHFFFAOYSA-N,OWBQCPZBRPKYKE-UHFFFAOYSA-N,COc1ccc(Nc2nc(N)c(C(=O)c3ccc(OC)c(OC)c3)s2)cc1,COc1ccc(Nc2nc(N)c(C(=O)c3ccc(OC)c(OC)c3)s2)cc1,OWBQCPZBRPKYKE-UHFFFAOYSA-N,match,O=C(c1ccccc1)c1cnc(Nc2ccccc2)s1,CC(C1CCCCC1)C1CCC(CC2CCCCC2)C1
CAND::T10_AUD_00414,ABCB1,OMEPRAZOLE,1,1,candidate_supervised,B_author_curated_no_row_primary_assay,ChEMBL,Daood author-curated ChEMBL records,1.0,SUBDBMMJDZJVOS-UHFFFAOYSA-N,SUBDBMMJDZJVOS-UHFFFAOYSA-N,COc1ccc2[nH]c([S+]([O-])Cc3ncc(C)c(OC)c3C)nc2c1,,c1ccc(C[SH+]c2nc3ccccc3[nH]2)nc1,345.424,2.8997,83.09,,,,,,T10_AUD_00414,https://pmc.ncbi.nlm.nih.gov/articles/PMC12587445/,author-curated candidate; not Tier A direct assay truth,OMEPRAZOLE,SUBDBMMJDZJVOS-UHFFFAOYSA-N,SUBDBMMJDZJVOS-UHFFFAOYSA-N,COc1ccc2[nH]c([S+]([O-])Cc3ncc(C)c(OC)c3C)nc2c1,COc1ccc2[nH]c([S+]([O-])Cc3ncc(C)c(OC)c3C)nc2c1,SUBDBMMJDZJVOS-UHFFFAOYSA-N,match,c1ccc(C[SH+]c2nc3ccccc3[nH]2)nc1,C1CCC(CCC2CC3CCCCC3C2)CC1
CAND::T10_AUD_00416,ABCB1,,0,0,candidate_supervised,B_author_curated_no_row_primary_assay,ChEMBL,Daood author-curated ChEMBL records,1.0,UZJVBXKFBQNDTQ-UHFFFAOYSA-N,UZJVBXKFBQNDTQ-UHFFFAOYSA-N,COc1ccc2c(C(=O)c3cc(OC)c(OC)c(OC)c3)c[nH]c2c1,,O=C(c1ccccc1)c1c[nH]c2ccccc12,341.363,3.4333,69.78,,,,,,T10_AUD_00416,https://pmc.ncbi.nlm.nih.gov/articles/PMC12587445/,author-curated candidate; not Tier A direct assay truth,,UZJVBXKFBQNDTQ-UHFFFAOYSA-N,UZJVBXKFBQNDTQ-UHFFFAOYSA-N,COc1ccc2c(C(=O)c3cc(OC)c(OC)c(OC)c3)c[nH]c2c1,COc1ccc2c(C(=O)c3cc(OC)c(OC)c(OC)c3)c[nH]c2c1,UZJVBXKFBQNDTQ-UHFFFAOYSA-N,match,O=C(c1ccccc1)c1c[nH]c2ccccc12,CC(C1CCCCC1)C1CCC2CCCCC21
CAND::T10_AUD_00417,ABCB1,,1,1,candidate_supervised,B_author_curated_no_row_primary_assay,ChEMBL,Daood author-curated ChEMBL records,1.0,IQMBOMLUAIPKTA-QGMBQPNBSA-N,IQMBOMLUAIPKTA-QGMBQPNBSA-N,COc1ccc2c(c1)/C(=C/CCN1CCc3cc(OC)c(OC)cc3C1)CCC2,,C(CCN1CCc2ccccc2C1)=C1CCCc2ccccc21,393.527,4.8805,30.93,,,,,,T10_AUD_00417,https://pmc.ncbi.nlm.nih.gov/articles/PMC12587445/,author-curated candidate; not Tier A direct assay truth,,IQMBOMLUAIPKTA-QGMBQPNBSA-N,IQMBOMLUAIPKTA-QGMBQPNBSA-N,COc1ccc2c(c1)/C(=C/CCN1CCc3cc(OC)c(OC)cc3C1)CCC2,COc1ccc2c(c1)C(=CCCN1CCc3cc(OC)c(OC)cc3C1)CCC2,IQMBOMLUAIPKTA-QGMBQPNBSA-N,match,C(CCN1CCc2ccccc2C1)=C1CCCc2ccccc21,C1CCC2CC(CCCC3CCCC4CCCCC43)CCC2C1
CAND::T10_AUD_00418,ABCB1,,1,1,candidate_supervised,B_author_curated_no_row_primary_assay,ChEMBL,Daood author-curated ChEMBL records,1.0,NLSOIGZWHUMJEN-UHFFFAOYSA-N,NLSOIGZWHUMJEN-UHFFFAOYSA-N,COc1ccc2c(c1)C(CCCN1CCc3cc(OC)c(OC)cc3C1)=CCC2,,C1=C(CCCN2CCc3ccccc3C2)c2ccccc2CC1,393.527,4.8805,30.93,,,,,,T10_AUD_00418,https://pmc.ncbi.nlm.nih.gov/articles/PMC12587445/,author-curated candidate; not Tier A direct assay truth,,NLSOIGZWHUMJEN-UHFFFAOYSA-N,NLSOIGZWHUMJEN-UHFFFAOYSA-N,COc1ccc2c(c1)C(CCCN1CCc3cc(OC)c(OC)cc3C1)=CCC2,COc1ccc2c(c1)C(CCCN1CCc3cc(OC)c(OC)cc3C1)=CCC2,NLSOIGZWHUMJEN-UHFFFAOYSA-N,match,C1=C(CCCN2CCc3ccccc3C2)c2ccccc2CC1,C1CCC2CC(CCCC3CCCC4CCCCC43)CCC2C1
CAND::T10_AUD_00419,ABCB1,,1,1,candidate_supervised,B_author_curated_no_row_primary_assay,ChEMBL,Daood author-curated ChEMBL records,1.0,CRXITWCKFZMSFG-UHFFFAOYSA-N,CRXITWCKFZMSFG-UHFFFAOYSA-N,COc1ccc2c(c1)C(CCCN1CCc3cc(OC)c(OC)cc3C1)CCC2,,c1ccc2c(c1)CCN(CCCC1CCCc3ccccc31)C2,395.543,4.9708,30.93,,,,,,T10_AUD_00419,https://pmc.ncbi.nlm.nih.gov/articles/PMC12587445/,author-curated candidate; not Tier A direct assay truth,,CRXITWCKFZMSFG-UHFFFAOYSA-N,CRXITWCKFZMSFG-UHFFFAOYSA-N,COc1ccc2c(c1)C(CCCN1CCc3cc(OC)c(OC)cc3C1)CCC2,COc1ccc2c(c1)C(CCCN1CCc3cc(OC)c(OC)cc3C1)CCC2,CRXITWCKFZMSFG-UHFFFAOYSA-N,match,c1ccc2c(c1)CCN(CCCC1CCCc3ccccc31)C2,C1CCC2CC(CCCC3CCCC4CCCCC43)CCC2C1
CAND::T10_AUD_00420,ABCB1,,1,1,candidate_supervised,B_author_curated_no_row_primary_assay,ChEMBL,Daood author-curated ChEMBL records,1.0,CIZNGVIPVFMLRQ-UHFFFAOYSA-N,CIZNGVIPVFMLRQ-UHFFFAOYSA-N,COc1ccc2c(c1)CCC=C2CCCN1CCc2cc(OC)c(OC)cc2C1,,C1=C(CCCN2CCc3ccccc3C2)c2ccccc2CC1,393.527,4.8805,30.93,,,,,,T10_AUD_00420,https://pmc.ncbi.nlm.nih.gov/articles/PMC12587445/,author-curated candidate; not Tier A direct assay truth,,CIZNGVIPVFMLRQ-UHFFFAOYSA-N,CIZNGVIPVFMLRQ-UHFFFAOYSA-N,COc1ccc2c(c1)CCC=C2CCCN1CCc2cc(OC)c(OC)cc2C1,COc1ccc2c(c1)CCC=C2CCCN1CCc2cc(OC)c(OC)cc2C1,CIZNGVIPVFMLRQ-UHFFFAOYSA-N,match,C1=C(CCCN2CCc3ccccc3C2)c2ccccc2CC1,C1CCC2CC(CCCC3CCCC4CCCCC43)CCC2C1
CAND::T10_AUD_00421,ABCB1,,1,1,candidate_supervised,B_author_curated_no_row_primary_assay,ChEMBL,Daood author-curated ChEMBL records,1.0,HJBMLYTXOFQZDS-UHFFFAOYSA-N,HJBMLYTXOFQZDS-UHFFFAOYSA-N,COc1ccc2c(c1)CCCC2CCCN1CCc2cc(OC)c(OC)cc2C1,,c1ccc2c(c1)CCN(CCCC1CCCc3ccccc31)C2,395.543,4.9708,30.93,,,,,,T10_AUD_00421,https://pmc.ncbi.nlm.nih.gov/articles/PMC12587445/,author-curated candidate; not Tier A direct assay truth,,HJBMLYTXOFQZDS-UHFFFAOYSA-N,HJBMLYTXOFQZDS-UHFFFAOYSA-N,COc1ccc2c(c1)CCCC2CCCN1CCc2cc(OC)c(OC)cc2C1,COc1ccc2c(c1)CCCC2CCCN1CCc2cc(OC)c(OC)cc2C1,HJBMLYTXOFQZDS-UHFFFAOYSA-N,match,c1ccc2c(c1)CCN(CCCC1CCCc3ccccc31)C2,C1CCC2CC(CCCC3CCCC4CCCCC43)CCC2C1
CAND::T10_AUD_00422,ABCB1,INDOMETHACIN,0,0,candidate_supervised,B_author_curated_no_row_primary_assay,ChEMBL,Daood author-curated ChEMBL records,1.0,CGIGDMFJXJATDK-UHFFFAOYSA-N,CGIGDMFJXJATDK-UHFFFAOYSA-N,COc1ccc2c(c1)c(CC(=O)O)c(C)n2C(=O)c1ccc(Cl)cc1,,O=C(c1ccccc1)n1ccc2ccccc21,357.793,3.9273,68.53,,,,,,T10_AUD_00422,https://pmc.ncbi.nlm.nih.gov/articles/PMC12587445/,author-curated candidate; not Tier A direct assay truth,INDOMETHACIN,CGIGDMFJXJATDK-UHFFFAOYSA-N,CGIGDMFJXJATDK-UHFFFAOYSA-N,COc1ccc2c(c1)c(CC(=O)O)c(C)n2C(=O)c1ccc(Cl)cc1,COc1ccc2c(c1)c(CC(=O)O)c(C)n2C(=O)c1ccc(Cl)cc1,CGIGDMFJXJATDK-UHFFFAOYSA-N,match,O=C(c1ccccc1)n1ccc2ccccc21,CC(C1CCCCC1)C1CCC2CCCCC21
CAND::T10_AUD_00423,ABCB1,,1,1,candidate_supervised,B_author_curated_no_row_primary_assay,ChEMBL,Daood author-curated ChEMBL records,1.0,LMZSVPZOJUCPPQ-UHFFFAOYSA-N,LMZSVPZOJUCPPQ-UHFFFAOYSA-N,COc1ccc2c(c1O)CCC=C(C)C2c1cc(OC)c(OC)c(OC)c1,,C1=CC(c2ccccc2)c2ccccc2CC1,370.445,4.451,57.15,,,,,,T10_AUD_00423,https://pmc.ncbi.nlm.nih.gov/articles/PMC12587445/,author-curated candidate; not Tier A direct assay truth,,LMZSVPZOJUCPPQ-UHFFFAOYSA-N,LMZSVPZOJUCPPQ-UHFFFAOYSA-N,COc1ccc2c(c1O)CCC=C(C)C2c1cc(OC)c(OC)c(OC)c1,COc1ccc2c(c1O)CCC=C(C)C2c1cc(OC)c(OC)c(OC)c1,LMZSVPZOJUCPPQ-UHFFFAOYSA-N,match,C1=CC(c2ccccc2)c2ccccc2CC1,C1CCC(C2CCCCC3CCCCC32)CC1
CAND::T10_AUD_00426,ABCB1,CEPHARANTHIN,1,1,candidate_supervised,B_author_curated_no_row_primary_assay,ChEMBL,Daood author-curated ChEMBL records,1.0,HSVFYEXGVUYSRN-WDYNHAJCSA-N,HSVFYEXGVUYSRN-WDYNHAJCSA-N,COc1ccc2cc1Oc1cccc(c1)C[C@H]1c3c(cc4c(c3Oc3cc5c(cc3OC)CCN(C)[C@@H]5C2)OCO4)CCN1C,,c1cc2cc(c1)Oc1cccc(c1)CC1NCCc3cc4c(c(c31)Oc1ccc3c(c1)C(C2)NCC3)OCO4,606.719,6.8739,61.86,,,,,,T10_AUD_00426,https://pmc.ncbi.nlm.nih.gov/articles/PMC12587445/,author-curated candidate; not Tier A direct assay truth,CEPHARANTHIN,HSVFYEXGVUYSRN-WDYNHAJCSA-N,HSVFYEXGVUYSRN-WDYNHAJCSA-N,COc1ccc2cc1Oc1cccc(c1)C[C@H]1c3c(cc4c(c3Oc3cc5c(cc3OC)CCN(C)[C@@H]5C2)OCO4)CCN1C,COc1ccc2cc1Oc1cccc(c1)CC1c3c(cc4c(c3Oc3cc5c(cc3OC)CCN(C)C5C2)OCO4)CCN1C,HSVFYEXGVUYSRN-WDYNHAJCSA-N,match,c1cc2cc(c1)Oc1cccc(c1)CC1NCCc3cc4c(c(c31)Oc1ccc3c(c1)C(C2)NCC3)OCO4,C1CC2CC3CCCC(C3)CC3CCCC4CC5CCCC5C(CC5CCC6CCCC(CC(C1)C2)C6C5)C34
CAND::T10_AUD_00427,ABCB1,BERBERINE CHLORIDE,1,1,candidate_supervised,B_author_curated_no_row_primary_assay,ChEMBL,Daood author-curated ChEMBL records,1.0,YBHILYKTIRIUTE-UHFFFAOYSA-N,YBHILYKTIRIUTE-UHFFFAOYSA-N,COc1ccc2cc3[n+](cc2c1OC)CCc1cc2c(cc1-3)OCO2,,c1ccc2c[n+]3c(cc2c1)-c1cc2c(cc1CC3)OCO2,336.367,3.0963,40.8,,,,,,T10_AUD_00427,https://pmc.ncbi.nlm.nih.gov/articles/PMC12587445/,author-curated candidate; not Tier A direct assay truth,BERBERINE CHLORIDE,YBHILYKTIRIUTE-UHFFFAOYSA-N,YBHILYKTIRIUTE-UHFFFAOYSA-N,COc1ccc2cc3[n+](cc2c1OC)CCc1cc2c(cc1-3)OCO2,COc1ccc2cc3[n+](cc2c1OC)CCc1cc2c(cc1-3)OCO2,YBHILYKTIRIUTE-UHFFFAOYSA-N,match,c1ccc2c[n+]3c(cc2c1)-c1cc2c(cc1CC3)OCO2,C1CCC2CC3C(CCC4CC5CCCC5CC43)CC2C1
CAND::T10_AUD_00434,ABCB1,,1,1,candidate_supervised,B_author_curated_no_row_primary_assay,ChEMBL,Daood author-curated ChEMBL records,1.0,OQZQEGAAANHHRE-CXUHLZMHSA-N,OQZQEGAAANHHRE-CXUHLZMHSA-N,COc1cccc2c1CCC/C2=C\CCN1CCCCC1,,C(CCN1CCCCC1)=C1CCCc2ccccc21,285.431,4.2909,12.47,,,,,,T10_AUD_00434,https://pmc.ncbi.nlm.nih.gov/articles/PMC12587445/,author-curated candidate; not Tier A direct assay truth,,OQZQEGAAANHHRE-CXUHLZMHSA-N,OQZQEGAAANHHRE-CXUHLZMHSA-N,COc1cccc2c1CCC/C2=C\CCN1CCCCC1,COc1cccc2c1CCCC2=CCCN1CCCCC1,OQZQEGAAANHHRE-CXUHLZMHSA-N,match,C(CCN1CCCCC1)=C1CCCc2ccccc21,C1CCC(CCCC2CCCC3CCCCC32)CC1
CAND::T10_AUD_00435,ABCB1,PANTOPRAZOLE,1,1,candidate_supervised,B_author_curated_no_row_primary_assay,ChEMBL,Daood author-curated ChEMBL records,1.0,IQPSEEYGBUAQFF-UHFFFAOYSA-N,IQPSEEYGBUAQFF-UHFFFAOYSA-N,COc1ccnc(C[S+]([O-])c2nc3cc(OC(F)F)ccc3[nH]2)c1OC,,c1ccc(C[SH+]c2nc3ccccc3[nH]2)nc1,383.376,2.8843,92.32,,,,,,T10_AUD_00435,https://pmc.ncbi.nlm.nih.gov/articles/PMC12587445/,author-curated candidate; not Tier A direct assay truth,PANTOPRAZOLE,IQPSEEYGBUAQFF-UHFFFAOYSA-N,IQPSEEYGBUAQFF-UHFFFAOYSA-N,COc1ccnc(C[S+]([O-])c2nc3cc(OC(F)F)ccc3[nH]2)c1OC,COc1ccnc(C[S+]([O-])c2nc3cc(OC(F)F)ccc3[nH]2)c1OC,IQPSEEYGBUAQFF-UHFFFAOYSA-N,match,c1ccc(C[SH+]c2nc3ccccc3[nH]2)nc1,C1CCC(CCC2CC3CCCCC3C2)CC1
CAND::T10_AUD_00436,ABCB1,,1,1,candidate_supervised,B_author_curated_no_row_primary_assay,ChEMBL,Daood author-curated ChEMBL records,1.0,YKVUIYQUEOTKCQ-SFHVURJKSA-N,YKVUIYQUEOTKCQ-SFHVURJKSA-N,COc1cnc(C(=O)Nc2ccc(F)c([C@]3(C)C=C(CF)OC(=N)N3)c2)nc1,,N=C1NC(c2cccc(NC(=O)c3ncccn3)c2)C=CO1,389.362,2.4998,109.22,,,,,,T10_AUD_00436,https://pmc.ncbi.nlm.nih.gov/articles/PMC12587445/,author-curated candidate; not Tier A direct assay truth,,YKVUIYQUEOTKCQ-SFHVURJKSA-N,YKVUIYQUEOTKCQ-SFHVURJKSA-N,COc1cnc(C(=O)Nc2ccc(F)c([C@]3(C)C=C(CF)OC(=N)N3)c2)nc1,COc1cnc(C(=O)Nc2ccc(F)c(C3(C)C=C(CF)OC(=N)N3)c2)nc1,YKVUIYQUEOTKCQ-SFHVURJKSA-N,match,N=C1NC(c2cccc(NC(=O)c3ncccn3)c2)C=CO1,CC1CCCC(C2CCCC(CC(C)C3CCCCC3)C2)C1
CAND::T10_AUD_00438,ABCB1,,0,0,candidate_supervised,B_author_curated_no_row_primary_assay,ChEMBL,Daood author-curated ChEMBL records,1.0,SRAOERNXSQCOIL-UHFFFAOYSA-N,SRAOERNXSQCOIL-UHFFFAOYSA-N,COc1ncc(CCc2ccc3c(-c4ccc(F)cc4)cc(C(N)=O)nc3c2)cn1,,c1ccc(-c2ccnc3cc(CCc4cncnc4)ccc23)cc1,402.429,3.7236,90.99,,,,,,T10_AUD_00438,https://pmc.ncbi.nlm.nih.gov/articles/PMC12587445/,author-curated candidate; not Tier A direct assay truth,,SRAOERNXSQCOIL-UHFFFAOYSA-N,SRAOERNXSQCOIL-UHFFFAOYSA-N,COc1ncc(CCc2ccc3c(-c4ccc(F)cc4)cc(C(N)=O)nc3c2)cn1,COc1ncc(CCc2ccc3c(-c4ccc(F)cc4)cc(C(N)=O)nc3c2)cn1,SRAOERNXSQCOIL-UHFFFAOYSA-N,match,c1ccc(-c2ccnc3cc(CCc4cncnc4)ccc23)cc1,C1CCC(CCC2CCC3C(CCCC3C3CCCCC3)C2)CC1
CAND::T10_AUD_00439,ABCB1,,1,1,candidate_supervised,B_author_curated_no_row_primary_assay,ChEMBL,Daood author-curated ChEMBL records,1.0,IMWUMOJWRGHUJU-UHFFFAOYSA-N,IMWUMOJWRGHUJU-UHFFFAOYSA-N,CSc1ncc(Cl)c(C(=O)Nc2sc3c(c2C(=O)NC2CCS(=O)(=O)C2)CCC(C)C3)n1,,O=C(Nc1sc2c(c1C(=O)NC1CCS(=O)(=O)C1)CCCC2)c1ccncn1,515.082,3.2074,118.12,,,,,,T10_AUD_00439,https://pmc.ncbi.nlm.nih.gov/articles/PMC12587445/,author-curated candidate; not Tier A direct assay truth,,IMWUMOJWRGHUJU-UHFFFAOYSA-N,IMWUMOJWRGHUJU-UHFFFAOYSA-N,CSc1ncc(Cl)c(C(=O)Nc2sc3c(c2C(=O)NC2CCS(=O)(=O)C2)CCC(C)C3)n1,CSc1ncc(Cl)c(C(=O)Nc2sc3c(c2C(=O)NC2CCS(=O)(=O)C2)CCC(C)C3)n1,IMWUMOJWRGHUJU-UHFFFAOYSA-N,match,O=C(Nc1sc2c(c1C(=O)NC1CCS(=O)(=O)C1)CCCC2)c1ccncn1,CC(CC1CC2CCCCC2C1C(C)CC1CCC(C)(C)C1)C1CCCCC1
CAND::T10_AUD_00440,ABCB1,,0,0,candidate_supervised,B_author_curated_no_row_primary_assay,ChEMBL,Daood author-curated ChEMBL records,1.0,WXHQOFUVNDONAC-UHFFFAOYSA-N,WXHQOFUVNDONAC-UHFFFAOYSA-N,CSc1ncc(Cl)c(C(=O)Nc2sc3c(c2C(=O)NCc2ccccc2)CCCC3)n1,,O=C(Nc1sc2c(c1C(=O)NCc1ccccc1)CCCC2)c1ccncn1,473.023,4.9745,83.98,,,,,,T10_AUD_00440,https://pmc.ncbi.nlm.nih.gov/articles/PMC12587445/,author-curated candidate; not Tier A direct assay truth,,WXHQOFUVNDONAC-UHFFFAOYSA-N,WXHQOFUVNDONAC-UHFFFAOYSA-N,CSc1ncc(Cl)c(C(=O)Nc2sc3c(c2C(=O)NCc2ccccc2)CCCC3)n1,CSc1ncc(Cl)c(C(=O)Nc2sc3c(c2C(=O)NCc2ccccc2)CCCC3)n1,WXHQOFUVNDONAC-UHFFFAOYSA-N,match,O=C(Nc1sc2c(c1C(=O)NCc1ccccc1)CCCC2)c1ccncn1,CC(CC1CC2CCCCC2C1C(C)CCC1CCCCC1)C1CCCCC1
CAND::T10_AUD_00441,ABCB1,MITOTRACKER GREEN,1,1,candidate_supervised,B_author_curated_no_row_primary_assay,ChEMBL,Daood author-curated ChEMBL records,1.0,GRSZUBMAIXOGKW-UHFFFAOYSA-N,GRSZUBMAIXOGKW-UHFFFAOYSA-N,C[n+]1c(/C=C/C=C2N(Cc3ccc(CCl)cc3)c3cc(Cl)c(Cl)cc3N2Cc2ccc(CCl)cc2)oc2ccccc21,,C(=Cc1[nH+]c2ccccc2o1)C=C1N(Cc2ccccc2)c2ccccc2N1Cc1ccccc1,636.43,9.6233,23.5,,,,,,T10_AUD_00441,https://pmc.ncbi.nlm.nih.gov/articles/PMC12587445/,author-curated candidate; not Tier A direct assay truth,MITOTRACKER GREEN,GRSZUBMAIXOGKW-UHFFFAOYSA-N,GRSZUBMAIXOGKW-UHFFFAOYSA-N,C[n+]1c(/C=C/C=C2N(Cc3ccc(CCl)cc3)c3cc(Cl)c(Cl)cc3N2Cc2ccc(CCl)cc2)oc2ccccc21,C[n+]1c(C=CC=C2N(Cc3ccc(CCl)cc3)c3cc(Cl)c(Cl)cc3N2Cc2ccc(CCl)cc2)oc2ccccc21,GRSZUBMAIXOGKW-UHFFFAOYSA-N,match,C(=Cc1[nH+]c2ccccc2o1)C=C1N(Cc2ccccc2)c2ccccc2N1Cc1ccccc1,C1CCC(CC2C3CCCCC3C(CC3CCCCC3)C2CCCC2CC3CCCCC3C2)CC1
CAND::T10_AUD_00443,ABCB1,GREPAFLOXACIN,1,1,candidate_supervised,B_author_curated_no_row_primary_assay,ChEMBL,Daood author-curated ChEMBL records,1.0,AIJTTZAVMXIJGM-UHFFFAOYSA-N,AIJTTZAVMXIJGM-UHFFFAOYSA-N,Cc1c(F)c(N2CCNC(C)C2)cc2c1c(=O)c(C(=O)O)cn2C1CC1,,O=c1ccn(C2CC2)c2cc(N3CCNCC3)ccc12,359.401,2.2802,74.57,,,,,,T10_AUD_00443,https://pmc.ncbi.nlm.nih.gov/articles/PMC12587445/,author-curated candidate; not Tier A direct assay truth,GREPAFLOXACIN,AIJTTZAVMXIJGM-UHFFFAOYSA-N,AIJTTZAVMXIJGM-UHFFFAOYSA-N,Cc1c(F)c(N2CCNC(C)C2)cc2c1c(=O)c(C(=O)O)cn2C1CC1,Cc1c(F)c(N2CCNC(C)C2)cc2c1c(=O)c(C(=O)O)cn2C1CC1,AIJTTZAVMXIJGM-UHFFFAOYSA-N,match,O=c1ccn(C2CC2)c2cc(N3CCNCC3)ccc12,CC1CCC(C2CC2)C2CC(C3CCCCC3)CCC12
CAND::T10_AUD_00444,ABCB1,NELFINAVIR,1,1,candidate_supervised,B_author_curated_no_row_primary_assay,ChEMBL,Daood author-curated ChEMBL records,1.0,QAGYKUNXZHXKMR-RHMILFQJSA-N,QAGYKUNXZHXKMR-RHMILFQJSA-N,Cc1c(O)cccc1C(=O)N[C@@H](CSc1ccccc1)[C@H](O)CN1C[C@H]2CCCC[C@H]2CC1C(=O)NC(C)(C)C,,O=C(NC(CCN1CCC2CCCCC2C1)CSc1ccccc1)c1ccccc1,567.796,4.7476,101.9,,,,,,T10_AUD_00444,https://pmc.ncbi.nlm.nih.gov/articles/PMC12587445/,author-curated candidate; not Tier A direct assay truth,NELFINAVIR,QAGYKUNXZHXKMR-RHMILFQJSA-N,QAGYKUNXZHXKMR-RHMILFQJSA-N,Cc1c(O)cccc1C(=O)N[C@@H](CSc1ccccc1)[C@H](O)CN1C[C@H]2CCCC[C@H]2CC1C(=O)NC(C)(C)C,Cc1c(O)cccc1C(=O)NC(CSc1ccccc1)C(O)CN1CC2CCCCC2CC1C(=O)NC(C)(C)C,QAGYKUNXZHXKMR-RHMILFQJSA-N,match,O=C(NC(CCN1CCC2CCCCC2C1)CSc1ccccc1)c1ccccc1,CC(CC(CCC1CCCCC1)CCC1CCC2CCCCC2C1)C1CCCCC1
CAND::T10_AUD_00445,ABCB1,LANSOPRAZOLE,1,1,candidate_supervised,B_author_curated_no_row_primary_assay,ChEMBL,Daood author-curated ChEMBL records,1.0,MJIHNNLFOKEZEW-UHFFFAOYSA-N,MJIHNNLFOKEZEW-UHFFFAOYSA-N,Cc1c(OCC(F)(F)F)ccnc1C[S+]([O-])c1nc2ccccc2[nH]1,,c1ccc(C[SH+]c2nc3ccccc3[nH]2)nc1,369.368,3.5152,73.86,,,,,,T10_AUD_00445,https://pmc.ncbi.nlm.nih.gov/articles/PMC12587445/,author-curated candidate; not Tier A direct assay truth,LANSOPRAZOLE,MJIHNNLFOKEZEW-UHFFFAOYSA-N,MJIHNNLFOKEZEW-UHFFFAOYSA-N,Cc1c(OCC(F)(F)F)ccnc1C[S+]([O-])c1nc2ccccc2[nH]1,Cc1c(OCC(F)(F)F)ccnc1C[S+]([O-])c1nc2ccccc2[nH]1,MJIHNNLFOKEZEW-UHFFFAOYSA-N,match,c1ccc(C[SH+]c2nc3ccccc3[nH]2)nc1,C1CCC(CCC2CC3CCCCC3C2)CC1
CAND::T10_AUD_00447,ABCB1,,1,1,candidate_supervised,B_author_curated_no_row_primary_assay,ChEMBL,Daood author-curated ChEMBL records,1.0,UYIANZRYPSGDFM-HNNXBMFYSA-N,UYIANZRYPSGDFM-HNNXBMFYSA-N,Cc1cc(-n2cc(C(=O)N3CCOCC3)c3ccc(N[C@@H](C)c4ccc(F)cn4)nc32)[nH]n1,,O=C(c1cn(-c2ccn[nH]2)c2nc(NCc3ccccn3)ccc12)N1CCOCC1,449.49,3.2366,100.96,,,,,,T10_AUD_00447,https://pmc.ncbi.nlm.nih.gov/articles/PMC12587445/,author-curated candidate; not Tier A direct assay truth,,UYIANZRYPSGDFM-HNNXBMFYSA-N,UYIANZRYPSGDFM-HNNXBMFYSA-N,Cc1cc(-n2cc(C(=O)N3CCOCC3)c3ccc(N[C@@H](C)c4ccc(F)cn4)nc32)[nH]n1,Cc1cc(-n2cc(C(=O)N3CCOCC3)c3ccc(NC(C)c4ccc(F)cn4)nc32)[nH]n1,UYIANZRYPSGDFM-HNNXBMFYSA-N,match,O=C(c1cn(-c2ccn[nH]2)c2nc(NCc3ccccn3)ccc12)N1CCOCC1,CC(C1CCCCC1)C1CC(C2CCCC2)C2CC(CCC3CCCCC3)CCC12
CAND::T10_AUD_00448,ABCB1,,1,1,candidate_supervised,B_author_curated_no_row_primary_assay,ChEMBL,Daood author-curated ChEMBL records,1.0,KZGIESPBRAINHO-UHFFFAOYSA-N,KZGIESPBRAINHO-UHFFFAOYSA-N,Cc1cc(-n2cc(C(=O)N3CCOCC3)c3ccc(OC(C)c4ccc(F)cn4)nc32)[nH]n1,,O=C(c1cn(-c2ccn[nH]2)c2nc(OCc3ccccn3)ccc12)N1CCOCC1,450.474,3.2035,98.16,,,,,,T10_AUD_00448,https://pmc.ncbi.nlm.nih.gov/articles/PMC12587445/,author-curated candidate; not Tier A direct assay truth,,KZGIESPBRAINHO-UHFFFAOYSA-N,KZGIESPBRAINHO-UHFFFAOYSA-N,Cc1cc(-n2cc(C(=O)N3CCOCC3)c3ccc(OC(C)c4ccc(F)cn4)nc32)[nH]n1,Cc1cc(-n2cc(C(=O)N3CCOCC3)c3ccc(OC(C)c4ccc(F)cn4)nc32)[nH]n1,KZGIESPBRAINHO-UHFFFAOYSA-N,match,O=C(c1cn(-c2ccn[nH]2)c2nc(OCc3ccccn3)ccc12)N1CCOCC1,CC(C1CCCCC1)C1CC(C2CCCC2)C2CC(CCC3CCCCC3)CCC12
CAND::T10_AUD_00449,ABCB1,ETRAVIRINE,0,0,candidate_supervised,B_author_curated_no_row_primary_assay,ChEMBL,Daood author-curated ChEMBL records,1.0,PYGWGZALEOIKDF-UHFFFAOYSA-N,PYGWGZALEOIKDF-UHFFFAOYSA-N,Cc1cc(C#N)cc(C)c1Oc1nc(Nc2ccc(C#N)cc2)nc(N)c1Br,,c1ccc(Nc2nccc(Oc3ccccc3)n2)cc1,435.285,4.7174,120.64,,,,,,T10_AUD_00449,https://pmc.ncbi.nlm.nih.gov/articles/PMC12587445/,author-curated candidate; not Tier A direct assay truth,ETRAVIRINE,PYGWGZALEOIKDF-UHFFFAOYSA-N,PYGWGZALEOIKDF-UHFFFAOYSA-N,Cc1cc(C#N)cc(C)c1Oc1nc(Nc2ccc(C#N)cc2)nc(N)c1Br,Cc1cc(C#N)cc(C)c1Oc1nc(Nc2ccc(C#N)cc2)nc(N)c1Br,PYGWGZALEOIKDF-UHFFFAOYSA-N,match,c1ccc(Nc2nccc(Oc3ccccc3)n2)cc1,C1CCC(CC2CCCC(CC3CCCCC3)C2)CC1
CAND::T10_AUD_00452,ABCB1,,0,0,candidate_supervised,B_author_curated_no_row_primary_assay,ChEMBL,Daood author-curated ChEMBL records,1.0,ZNPKDAJYJOBTSM-FUHWJXTLSA-N,ZNPKDAJYJOBTSM-FUHWJXTLSA-N,Cc1cc(F)ncc1C(=O)Nc1ccc([C@@H]2C[C@H]2NCC2CC2)cc1,,O=C(Nc1ccc(C2CC2NCC2CC2)cc1)c1cccnc1,339.414,3.6369,54.02,,,,,,T10_AUD_00452,https://pmc.ncbi.nlm.nih.gov/articles/PMC12587445/,author-curated candidate; not Tier A direct assay truth,,ZNPKDAJYJOBTSM-FUHWJXTLSA-N,ZNPKDAJYJOBTSM-FUHWJXTLSA-N,Cc1cc(F)ncc1C(=O)Nc1ccc([C@@H]2C[C@H]2NCC2CC2)cc1,Cc1cc(F)ncc1C(=O)Nc1ccc(C2CC2NCC2CC2)cc1,ZNPKDAJYJOBTSM-FUHWJXTLSA-N,match,O=C(Nc1ccc(C2CC2NCC2CC2)cc1)c1cccnc1,CC(CC1CCC(C2CC2CCC2CC2)CC1)C1CCCCC1
CAND::T10_AUD_00453,ABCB1,,0,0,candidate_supervised,B_author_curated_no_row_primary_assay,ChEMBL,Daood author-curated ChEMBL records,1.0,FKVLGYWKOOHRMW-UHFFFAOYSA-N,FKVLGYWKOOHRMW-UHFFFAOYSA-N,Cc1cc(N2CCNCC2)n2nc(-c3cccc(F)c3)cc2n1,,c1ccc(-c2cc3nccc(N4CCNCC4)n3n2)cc1,311.364,2.2534,45.46,,,,,,T10_AUD_00453,https://pmc.ncbi.nlm.nih.gov/articles/PMC12587445/,author-curated candidate; not Tier A direct assay truth,,FKVLGYWKOOHRMW-UHFFFAOYSA-N,FKVLGYWKOOHRMW-UHFFFAOYSA-N,Cc1cc(N2CCNCC2)n2nc(-c3cccc(F)c3)cc2n1,Cc1cc(N2CCNCC2)n2nc(-c3cccc(F)c3)cc2n1,FKVLGYWKOOHRMW-UHFFFAOYSA-N,match,c1ccc(-c2cc3nccc(N4CCNCC4)n3n2)cc1,C1CCC(C2CC3CCCC(C4CCCCC4)C3C2)CC1
CAND::T10_AUD_00454,ABCB1,,0,0,candidate_supervised,B_author_curated_no_row_primary_assay,ChEMBL,Daood author-curated ChEMBL records,1.0,USASKDVYNSHYLD-UHFFFAOYSA-N,USASKDVYNSHYLD-UHFFFAOYSA-N,Cc1cc(NCCCN2CCOCC2)n2nc(-c3cccc(F)c3)cc2n1,,c1ccc(-c2cc3nccc(NCCCN4CCOCC4)n3n2)cc1,369.444,2.978,54.69,,,,,,T10_AUD_00454,https://pmc.ncbi.nlm.nih.gov/articles/PMC12587445/,author-curated candidate; not Tier A direct assay truth,,USASKDVYNSHYLD-UHFFFAOYSA-N,USASKDVYNSHYLD-UHFFFAOYSA-N,Cc1cc(NCCCN2CCOCC2)n2nc(-c3cccc(F)c3)cc2n1,Cc1cc(NCCCN2CCOCC2)n2nc(-c3cccc(F)c3)cc2n1,USASKDVYNSHYLD-UHFFFAOYSA-N,match,c1ccc(-c2cc3nccc(NCCCN4CCOCC4)n3n2)cc1,C1CCC(CCCCC2CCCC3CC(C4CCCCC4)CC23)CC1
CAND::T10_AUD_00455,ABCB1,,0,0,candidate_supervised,B_author_curated_no_row_primary_assay,ChEMBL,Daood author-curated ChEMBL records,1.0,UDBXJCNCKXRTPF-UHFFFAOYSA-N,UDBXJCNCKXRTPF-UHFFFAOYSA-N,Cc1cc(NCCCn2ccnc2)n2nc(-c3cccc(F)c3)cc2n1,,c1ccc(-c2cc3nccc(NCCCn4ccnc4)n3n2)cc1,350.401,3.5425,60.04,,,,,,T10_AUD_00455,https://pmc.ncbi.nlm.nih.gov/articles/PMC12587445/,author-curated candidate; not Tier A direct assay truth,,UDBXJCNCKXRTPF-UHFFFAOYSA-N,UDBXJCNCKXRTPF-UHFFFAOYSA-N,Cc1cc(NCCCn2ccnc2)n2nc(-c3cccc(F)c3)cc2n1,Cc1cc(NCCCn2ccnc2)n2nc(-c3cccc(F)c3)cc2n1,UDBXJCNCKXRTPF-UHFFFAOYSA-N,match,c1ccc(-c2cc3nccc(NCCCn4ccnc4)n3n2)cc1,C1CCC(C2CC3CCCC(CCCCC4CCCC4)C3C2)CC1
CAND::T10_AUD_00456,ABCB1,,0,0,candidate_supervised,B_author_curated_no_row_primary_assay,ChEMBL,Daood author-curated ChEMBL records,1.0,DVUVTJVQHFPEAH-UHFFFAOYSA-N,DVUVTJVQHFPEAH-UHFFFAOYSA-N,Cc1cc(NCCN(C)C)n2nc(-c3cccc(F)c3)cc2n1,,c1ccc(-c2cc3ncccn3n2)cc1,313.38,2.8173,45.46,,,,,,T10_AUD_00456,https://pmc.ncbi.nlm.nih.gov/articles/PMC12587445/,author-curated candidate; not Tier A direct assay truth,,DVUVTJVQHFPEAH-UHFFFAOYSA-N,DVUVTJVQHFPEAH-UHFFFAOYSA-N,Cc1cc(NCCN(C)C)n2nc(-c3cccc(F)c3)cc2n1,Cc1cc(NCCN(C)C)n2nc(-c3cccc(F)c3)cc2n1,DVUVTJVQHFPEAH-UHFFFAOYSA-N,match,c1ccc(-c2cc3ncccn3n2)cc1,C1CCC(C2CC3CCCCC3C2)CC1
CAND::T10_AUD_00459,ABCB1,,0,0,candidate_supervised,B_author_curated_no_row_primary_assay,ChEMBL,Daood author-curated ChEMBL records,1.0,WHPPPIJCQKFONR-UHFFFAOYSA-N,WHPPPIJCQKFONR-UHFFFAOYSA-N,Cc1ccc(-c2cc(C(N)=O)nc3cc(CCc4cnc(C)nc4)ccc23)c(F)c1,,c1ccc(-c2ccnc3cc(CCc4cncnc4)ccc23)cc1,400.457,4.3318,81.76,,,,,,T10_AUD_00459,https://pmc.ncbi.nlm.nih.gov/articles/PMC12587445/,author-curated candidate; not Tier A direct assay truth,,WHPPPIJCQKFONR-UHFFFAOYSA-N,WHPPPIJCQKFONR-UHFFFAOYSA-N,Cc1ccc(-c2cc(C(N)=O)nc3cc(CCc4cnc(C)nc4)ccc23)c(F)c1,Cc1ccc(-c2cc(C(N)=O)nc3cc(CCc4cnc(C)nc4)ccc23)c(F)c1,WHPPPIJCQKFONR-UHFFFAOYSA-N,match,c1ccc(-c2ccnc3cc(CCc4cncnc4)ccc23)cc1,C1CCC(CCC2CCC3C(CCCC3C3CCCCC3)C2)CC1
CAND::T10_AUD_00460,ABCB1,,0,0,candidate_supervised,B_author_curated_no_row_primary_assay,ChEMBL,Daood author-curated ChEMBL records,1.0,RKWKPORPODXCMU-UHFFFAOYSA-N,RKWKPORPODXCMU-UHFFFAOYSA-N,Cc1ccc(-c2ccncc2NC(=O)c2ccnc(NC(=O)C3CC3)c2)cc1,,O=C(Nc1cnccc1-c1ccccc1)c1ccnc(NC(=O)C2CC2)c1,372.428,4.0528,83.98,,,,,,T10_AUD_00460,https://pmc.ncbi.nlm.nih.gov/articles/PMC12587445/,author-curated candidate; not Tier A direct assay truth,,RKWKPORPODXCMU-UHFFFAOYSA-N,RKWKPORPODXCMU-UHFFFAOYSA-N,Cc1ccc(-c2ccncc2NC(=O)c2ccnc(NC(=O)C3CC3)c2)cc1,Cc1ccc(-c2ccncc2NC(=O)c2ccnc(NC(=O)C3CC3)c2)cc1,RKWKPORPODXCMU-UHFFFAOYSA-N,match,O=C(Nc1cnccc1-c1ccccc1)c1ccnc(NC(=O)C2CC2)c1,CC(CC1CCCC(C(C)CC2CCCCC2C2CCCCC2)C1)C1CC1
CAND::T10_AUD_00463,ABCB1,DACTINOMYCIN,1,1,candidate_supervised,B_author_curated_no_row_primary_assay,ChEMBL,Daood author-curated ChEMBL records,1.0,GQBHKSFHNFMVES-IBGACXGDSA-N,GQBHKSFHNFMVES-IBGACXGDSA-N,Cc1ccc(C(=O)NC2C(=O)NC(C(C)C)C(=O)N3CCCC3C(=O)N(C)CC(=O)N(C)C(C(C)C)C(=O)O[C@@H]2C)c2c1Oc1c(C)c(O)c(N)c(=C(O)N=C3C(=O)NC(C(C)C)C(=O)N4CCCC4C(=O)N(C)CC(=O)N(C)C(C(C)C)C(=O)O[C@@H]3C)c1=N2,,O=C1CNC(=O)C2CCCN2C(=O)CNC(=O)C(=NC=c2cccc3c2=Nc2c(cccc2C(=O)NC2COC(=O)CNC(=O)CNC(=O)C4CCCN4C(=O)CNC2=O)O3)COC(=O)CN1,1255.438,0.8483,362.19,,,,,,T10_AUD_00463,https://pmc.ncbi.nlm.nih.gov/articles/PMC12587445/,author-curated candidate; not Tier A direct assay truth,DACTINOMYCIN,GQBHKSFHNFMVES-IBGACXGDSA-N,GQBHKSFHNFMVES-IBGACXGDSA-N,Cc1ccc(C(=O)NC2C(=O)NC(C(C)C)C(=O)N3CCCC3C(=O)N(C)CC(=O)N(C)C(C(C)C)C(=O)O[C@@H]2C)c2c1Oc1c(C)c(O)c(N)c(=C(O)N=C3C(=O)NC(C(C)C)C(=O)N4CCCC4C(=O)N(C)CC(=O)N(C)C(C(C)C)C(=O)O[C@@H]3C)c1=N2,Cc1ccc(C(=O)NC2C(=O)NC(C(C)C)C(=O)N3CCCC3C(=O)N(C)CC(=O)N(C)C(C(C)C)C(=O)OC2C)c2c1Oc1c(C)c(O)c(N)c(=C(O)N=C3C(=O)NC(C(C)C)C(=O)N4CCCC4C(=O)N(C)CC(=O)N(C)C(C(C)C)C(=O)OC3C)c1=N2,GSADSJFVCHVKRH-IBGACXGDSA-N,non_idempotent_tautomer_review_frozen_structure_retained,O=C1CNC(=O)C2CCCN2C(=O)CNC(=O)C(=NC=c2cccc3c2=Nc2c(cccc2C(=O)NC2COC(=O)CNC(=O)CNC(=O)C4CCCN4C(=O)CNC2=O)O3)COC(=O)CN1,CC1CCC(C)CCC(CCC2CCCC3CC4CCCC(C(C)CC5CCC(C)CCC(C)CCC(C)C6CCCC6C(C)CCC5C)C4CC23)C(C)CCC(C)C2CCCC2C(C)CC1
CAND::T10_AUD_00466,ABCB1,IMATINIB,1,1,candidate_supervised,B_author_curated_no_row_primary_assay,ChEMBL,Daood author-curated ChEMBL records,1.0,KTUFNOKKBVMGRW-UHFFFAOYSA-N,KTUFNOKKBVMGRW-UHFFFAOYSA-N,Cc1ccc(NC(=O)c2ccc(CN3CCN(C)CC3)cc2)cc1Nc1nccc(-c2cccnc2)n1,,O=C(Nc1cccc(Nc2nccc(-c3cccnc3)n2)c1)c1ccc(CN2CCNCC2)cc1,493.615,4.5903,86.28,,,,,,T10_AUD_00466,https://pmc.ncbi.nlm.nih.gov/articles/PMC12587445/,author-curated candidate; not Tier A direct assay truth,IMATINIB,KTUFNOKKBVMGRW-UHFFFAOYSA-N,KTUFNOKKBVMGRW-UHFFFAOYSA-N,Cc1ccc(NC(=O)c2ccc(CN3CCN(C)CC3)cc2)cc1Nc1nccc(-c2cccnc2)n1,Cc1ccc(NC(=O)c2ccc(CN3CCN(C)CC3)cc2)cc1Nc1nccc(-c2cccnc2)n1,KTUFNOKKBVMGRW-UHFFFAOYSA-N,match,O=C(Nc1cccc(Nc2nccc(-c3cccnc3)n2)c1)c1ccc(CN2CCNCC2)cc1,CC(CC1CCCC(CC2CCCC(C3CCCCC3)C2)C1)C1CCC(CC2CCCCC2)CC1
CAND::T10_AUD_00469,ABCB1,,0,0,candidate_supervised,B_author_curated_no_row_primary_assay,ChEMBL,Daood author-curated ChEMBL records,1.0,XRLQQRFIMVPLDG-UHFFFAOYSA-N,XRLQQRFIMVPLDG-UHFFFAOYSA-N,Cc1nc(C2CCC(c3nnc4n3-c3ccc(Cl)cc3CN(C)C4)CC2)no1,,c1ccc2c(c1)CNCc1nnc(C3CCC(c4ncon4)CC3)n1-2,398.898,3.9989,72.87,,,,,,T10_AUD_00469,https://pmc.ncbi.nlm.nih.gov/articles/PMC12587445/,author-curated candidate; not Tier A direct assay truth,,XRLQQRFIMVPLDG-UHFFFAOYSA-N,XRLQQRFIMVPLDG-UHFFFAOYSA-N,Cc1nc(C2CCC(c3nnc4n3-c3ccc(Cl)cc3CN(C)C4)CC2)no1,Cc1nc(C2CCC(c3nnc4n3-c3ccc(Cl)cc3CN(C)C4)CC2)no1,XRLQQRFIMVPLDG-UHFFFAOYSA-N,match,c1ccc2c(c1)CNCc1nnc(C3CCC(c4ncon4)CC3)n1-2,C1CCC(C2CCC(C3CCC4CCCC5CCCCC5C43)CC2)C1
CAND::T10_AUD_00470,ABCB1,,1,1,candidate_supervised,B_author_curated_no_row_primary_assay,ChEMBL,Daood author-curated ChEMBL records,1.0,PVDHYBJORRALSQ-UHFFFAOYSA-N,PVDHYBJORRALSQ-UHFFFAOYSA-N,Cc1nc(N)ccc1CNC(=O)Cn1c(C)cnc(NCCc2ccccc2)c1=O,,O=C(Cn1ccnc(NCCc2ccccc2)c1=O)NCc1cccnc1,406.49,1.8083,114.93,,,,,,T10_AUD_00470,https://pmc.ncbi.nlm.nih.gov/articles/PMC12587445/,author-curated candidate; not Tier A direct assay truth,,PVDHYBJORRALSQ-UHFFFAOYSA-N,PVDHYBJORRALSQ-UHFFFAOYSA-N,Cc1nc(N)ccc1CNC(=O)Cn1c(C)cnc(NCCc2ccccc2)c1=O,Cc1nc(N)ccc1CNC(=O)Cn1c(C)cnc(NCCc2ccccc2)c1=O,PVDHYBJORRALSQ-UHFFFAOYSA-N,match,O=C(Cn1ccnc(NCCc2ccccc2)c1=O)NCc1cccnc1,CC(CCC1CCCCC1)CC1CCCC(CCCC2CCCCC2)C1C
CAND::T10_AUD_00472,ABCB1,RISPERIDONE,1,1,candidate_supervised,B_author_curated_no_row_primary_assay,ChEMBL,Daood author-curated ChEMBL records,1.0,RAPZEAPATHNIPO-UHFFFAOYSA-N,RAPZEAPATHNIPO-UHFFFAOYSA-N,Cc1nc2n(c(=O)c1CCN1CCC(c3noc4cc(F)ccc34)CC1)CCCC2,,O=c1c(CCN2CCC(c3noc4ccccc34)CC2)cnc2n1CCCC2,410.493,3.5904,64.16,,,,,,T10_AUD_00472,https://pmc.ncbi.nlm.nih.gov/articles/PMC12587445/,author-curated candidate; not Tier A direct assay truth,RISPERIDONE,RAPZEAPATHNIPO-UHFFFAOYSA-N,RAPZEAPATHNIPO-UHFFFAOYSA-N,Cc1nc2n(c(=O)c1CCN1CCC(c3noc4cc(F)ccc34)CC1)CCCC2,Cc1nc2n(c(=O)c1CCN1CCC(c3noc4cc(F)ccc34)CC1)CCCC2,RAPZEAPATHNIPO-UHFFFAOYSA-N,match,O=c1c(CCN2CCC(c3noc4ccccc34)CC2)cnc2n1CCCC2,CC1C(CCC2CCC(C3CCC4CCCCC43)CC2)CCC2CCCCC21
CAND::T10_AUD_00473,ABCB1,,0,0,candidate_supervised,B_author_curated_no_row_primary_assay,ChEMBL,Daood author-curated ChEMBL records,1.0,ABUAQXZQVYHURY-UHFFFAOYSA-N,ABUAQXZQVYHURY-UHFFFAOYSA-N,Cc1ncc(CCc2ccc3c(-c4ccc(F)cc4)cc(C(N)=O)nc3c2)cn1,,c1ccc(-c2ccnc3cc(CCc4cncnc4)ccc23)cc1,386.43,4.0234,81.76,,,,,,T10_AUD_00473,https://pmc.ncbi.nlm.nih.gov/articles/PMC12587445/,author-curated candidate; not Tier A direct assay truth,,ABUAQXZQVYHURY-UHFFFAOYSA-N,ABUAQXZQVYHURY-UHFFFAOYSA-N,Cc1ncc(CCc2ccc3c(-c4ccc(F)cc4)cc(C(N)=O)nc3c2)cn1,Cc1ncc(CCc2ccc3c(-c4ccc(F)cc4)cc(C(N)=O)nc3c2)cn1,ABUAQXZQVYHURY-UHFFFAOYSA-N,match,c1ccc(-c2ccnc3cc(CCc4cncnc4)ccc23)cc1,C1CCC(CCC2CCC3C(CCCC3C3CCCCC3)C2)CC1
CAND::T10_AUD_00474,ABCB1,,1,1,candidate_supervised,B_author_curated_no_row_primary_assay,ChEMBL,Daood author-curated ChEMBL records,1.0,FDZFVXKCJKOSRC-CYBMUJFWSA-N,FDZFVXKCJKOSRC-CYBMUJFWSA-N,Cc1ncn(CC(=O)N2CCN(c3sc(C(F)(F)F)nc3-c3cnc(C(F)(F)F)nc3)C[C@H]2CCO)n1,,O=C(Cn1cncn1)N1CCN(c2scnc2-c2cncnc2)CC1,550.489,2.6374,113.16,,,,,,T10_AUD_00474,https://pmc.ncbi.nlm.nih.gov/articles/PMC12587445/,author-curated candidate; not Tier A direct assay truth,,FDZFVXKCJKOSRC-CYBMUJFWSA-N,FDZFVXKCJKOSRC-CYBMUJFWSA-N,Cc1ncn(CC(=O)N2CCN(c3sc(C(F)(F)F)nc3-c3cnc(C(F)(F)F)nc3)C[C@H]2CCO)n1,Cc1ncn(CC(=O)N2CCN(c3sc(C(F)(F)F)nc3-c3cnc(C(F)(F)F)nc3)CC2CCO)n1,FDZFVXKCJKOSRC-CYBMUJFWSA-N,match,O=C(Cn1cncn1)N1CCN(c2scnc2-c2cncnc2)CC1,CC(CC1CCCC1)C1CCC(C2CCCC2C2CCCCC2)CC1
CAND::T10_AUD_00475,ABCB1,APAFANT,1,1,candidate_supervised,B_author_curated_no_row_primary_assay,ChEMBL,Daood author-curated ChEMBL records,1.0,JGPJQFOROWSRRS-UHFFFAOYSA-N,JGPJQFOROWSRRS-UHFFFAOYSA-N,Cc1nnc2n1-c1sc(CCC(=O)N3CCOCC3)cc1C(c1ccccc1Cl)=NC2,,O=C(CCc1cc2c(s1)-n1cnnc1CN=C2c1ccccc1)N1CCOCC1,455.971,3.433,72.61,,,,,,T10_AUD_00475,https://pmc.ncbi.nlm.nih.gov/articles/PMC12587445/,author-curated candidate; not Tier A direct assay truth,APAFANT,JGPJQFOROWSRRS-UHFFFAOYSA-N,JGPJQFOROWSRRS-UHFFFAOYSA-N,Cc1nnc2n1-c1sc(CCC(=O)N3CCOCC3)cc1C(c1ccccc1Cl)=NC2,Cc1nnc2n1-c1sc(CCC(=O)N3CCOCC3)cc1C(c1ccccc1Cl)=NC2,JGPJQFOROWSRRS-UHFFFAOYSA-N,match,O=C(CCc1cc2c(s1)-n1cnnc1CN=C2c1ccccc1)N1CCOCC1,CC(CCC1CC2C3CCCC3CCC(C3CCCCC3)C2C1)C1CCCCC1
CAND::T10_AUD_00476,ABCB1,,1,1,candidate_supervised,B_author_curated_no_row_primary_assay,ChEMBL,Daood author-curated ChEMBL records,1.0,OOLSDVCJWODIMF-UHFFFAOYSA-N,OOLSDVCJWODIMF-UHFFFAOYSA-N,Cc1onc(C2CCC(c3nnc4n3-c3ccc(Cl)cc3CN(C)C4)CC2)c1C,,c1ccc2c(c1)CNCc1nnc(C3CCC(c4ccon4)CC3)n1-2,411.937,4.9123,59.98,,,,,,T10_AUD_00476,https://pmc.ncbi.nlm.nih.gov/articles/PMC12587445/,author-curated candidate; not Tier A direct assay truth,,OOLSDVCJWODIMF-UHFFFAOYSA-N,OOLSDVCJWODIMF-UHFFFAOYSA-N,Cc1onc(C2CCC(c3nnc4n3-c3ccc(Cl)cc3CN(C)C4)CC2)c1C,Cc1onc(C2CCC(c3nnc4n3-c3ccc(Cl)cc3CN(C)C4)CC2)c1C,OOLSDVCJWODIMF-UHFFFAOYSA-N,match,c1ccc2c(c1)CNCc1nnc(C3CCC(c4ccon4)CC3)n1-2,C1CCC(C2CCC(C3CCC4CCCC5CCCCC5C43)CC2)C1
CAND::T10_AUD_00477,ABCB1,,1,1,candidate_supervised,B_author_curated_no_row_primary_assay,ChEMBL,Daood author-curated ChEMBL records,1.0,NGFGTMFVWSDFPS-UKRRQHHQSA-N,NGFGTMFVWSDFPS-UKRRQHHQSA-N,Cc1sc(C(=O)N[C@@H]2[C@H](N)CCCC2(F)F)cc1-c1cnn2cc(Cl)cnc12,,O=C(NC1CCCCC1)c1cc(-c2cnn3cccnc23)cs1,425.892,3.6645,85.31,,,,,,T10_AUD_00477,https://pmc.ncbi.nlm.nih.gov/articles/PMC12587445/,author-curated candidate; not Tier A direct assay truth,,NGFGTMFVWSDFPS-UKRRQHHQSA-N,NGFGTMFVWSDFPS-UKRRQHHQSA-N,Cc1sc(C(=O)N[C@@H]2[C@H](N)CCCC2(F)F)cc1-c1cnn2cc(Cl)cnc12,Cc1sc(C(=O)NC2C(N)CCCC2(F)F)cc1-c1cnn2cc(Cl)cnc12,NGFGTMFVWSDFPS-UKRRQHHQSA-N,match,O=C(NC1CCCCC1)c1cc(-c2cnn3cccnc23)cs1,CC(CC1CCCCC1)C1CCC(C2CCC3CCCCC32)C1
CAND::T10_AUD_00478,ABCB1,,1,1,candidate_supervised,B_author_curated_no_row_primary_assay,ChEMBL,Daood author-curated ChEMBL records,1.0,PMMXJDXPWVTHQK-UKRRQHHQSA-N,PMMXJDXPWVTHQK-UKRRQHHQSA-N,Cc1sc(C(=O)N[C@@H]2[C@H](N)CCCC2(F)F)cc1-c1cnn2cccnc12,,O=C(NC1CCCCC1)c1cc(-c2cnn3cccnc23)cs1,391.447,3.0111,85.31,,,,,,T10_AUD_00478,https://pmc.ncbi.nlm.nih.gov/articles/PMC12587445/,author-curated candidate; not Tier A direct assay truth,,PMMXJDXPWVTHQK-UKRRQHHQSA-N,PMMXJDXPWVTHQK-UKRRQHHQSA-N,Cc1sc(C(=O)N[C@@H]2[C@H](N)CCCC2(F)F)cc1-c1cnn2cccnc12,Cc1sc(C(=O)NC2C(N)CCCC2(F)F)cc1-c1cnn2cccnc12,PMMXJDXPWVTHQK-UKRRQHHQSA-N,match,O=C(NC1CCCCC1)c1cc(-c2cnn3cccnc23)cs1,CC(CC1CCCCC1)C1CCC(C2CCC3CCCCC32)C1
CAND::T10_AUD_00481,ABCB1,POLYCHLORINATED BIPHENYL 126,1,1,candidate_supervised,B_author_curated_no_row_primary_assay,ChEMBL,Daood author-curated ChEMBL records,1.0,REHONNLQRWTIFF-UHFFFAOYSA-N,REHONNLQRWTIFF-UHFFFAOYSA-N,Clc1ccc(-c2cc(Cl)c(Cl)c(Cl)c2)cc1Cl,,c1ccc(-c2ccccc2)cc1,326.437,6.6206,0.0,,,,,,T10_AUD_00481,https://pmc.ncbi.nlm.nih.gov/articles/PMC12587445/,author-curated candidate; not Tier A direct assay truth,POLYCHLORINATED BIPHENYL 126,REHONNLQRWTIFF-UHFFFAOYSA-N,REHONNLQRWTIFF-UHFFFAOYSA-N,Clc1ccc(-c2cc(Cl)c(Cl)c(Cl)c2)cc1Cl,Clc1ccc(-c2cc(Cl)c(Cl)c(Cl)c2)cc1Cl,REHONNLQRWTIFF-UHFFFAOYSA-N,match,c1ccc(-c2ccccc2)cc1,C1CCC(C2CCCCC2)CC1
CAND::T10_AUD_00483,ABCB1,,1,1,candidate_supervised,B_author_curated_no_row_primary_assay,ChEMBL,Daood author-curated ChEMBL records,1.0,CHGCRGUWOVZDHK-UHFFFAOYSA-N,CHGCRGUWOVZDHK-UHFFFAOYSA-N,Clc1ccc2c(c1)CNCc1nnc(C3CCC(Oc4ccccc4)CC3)n1-2,,c1ccc(OC2CCC(c3nnc4n3-c3ccccc3CNC4)CC2)cc1,394.906,4.6291,51.97,,,,,,T10_AUD_00483,https://pmc.ncbi.nlm.nih.gov/articles/PMC12587445/,author-curated candidate; not Tier A direct assay truth,,CHGCRGUWOVZDHK-UHFFFAOYSA-N,CHGCRGUWOVZDHK-UHFFFAOYSA-N,Clc1ccc2c(c1)CNCc1nnc(C3CCC(Oc4ccccc4)CC3)n1-2,Clc1ccc2c(c1)CNCc1nnc(C3CCC(Oc4ccccc4)CC3)n1-2,CHGCRGUWOVZDHK-UHFFFAOYSA-N,match,c1ccc(OC2CCC(c3nnc4n3-c3ccccc3CNC4)CC2)cc1,C1CCC(CC2CCC(C3CCC4CCCC5CCCCC5C43)CC2)CC1
CAND::T10_AUD_00485,ABCB1,,1,1,candidate_supervised,B_author_curated_no_row_primary_assay,ChEMBL,Daood author-curated ChEMBL records,1.0,YNCIDBYSTGADKV-UHFFFAOYSA-N,YNCIDBYSTGADKV-UHFFFAOYSA-N,Cn1c(C(=O)c2ccc(Oc3nccnc3N3CCOCC3)cc2)nc2ccccc21,,O=C(c1ccc(Oc2nccnc2N2CCOCC2)cc1)c1nc2ccccc2[nH]1,415.453,3.2232,82.37,,,,,,T10_AUD_00485,https://pmc.ncbi.nlm.nih.gov/articles/PMC12587445/,author-curated candidate; not Tier A direct assay truth,,YNCIDBYSTGADKV-UHFFFAOYSA-N,YNCIDBYSTGADKV-UHFFFAOYSA-N,Cn1c(C(=O)c2ccc(Oc3nccnc3N3CCOCC3)cc2)nc2ccccc21,Cn1c(C(=O)c2ccc(Oc3nccnc3N3CCOCC3)cc2)nc2ccccc21,YNCIDBYSTGADKV-UHFFFAOYSA-N,match,O=C(c1ccc(Oc2nccnc2N2CCOCC2)cc1)c1nc2ccccc2[nH]1,CC(C1CCC(CC2CCCCC2C2CCCCC2)CC1)C1CC2CCCCC2C1
CAND::T10_AUD_00486,ABCB1,,1,1,candidate_supervised,B_author_curated_no_row_primary_assay,ChEMBL,Daood author-curated ChEMBL records,1.0,DUTDDZFCPPOWFH-BJUDXGSMSA-N,DUTDDZFCPPOWFH-BJUDXGSMSA-N,[11CH3]n1cc(-c2ccc3c(c2)c(C2CCN(CCN4CCNC4=O)CC2)cn3-c2ccc(F)cc2)nn1,,O=C1NCCN1CCN1CCC(c2cn(-c3ccccc3)c3ccc(-c4c[nH]nn4)cc23)CC1,486.5834,3.7697,71.22,,,,,,T10_AUD_00486,https://pmc.ncbi.nlm.nih.gov/articles/PMC12587445/,author-curated candidate; not Tier A direct assay truth,,DUTDDZFCPPOWFH-BJUDXGSMSA-N,DUTDDZFCPPOWFH-BJUDXGSMSA-N,[11CH3]n1cc(-c2ccc3c(c2)c(C2CCN(CCN4CCNC4=O)CC2)cn3-c2ccc(F)cc2)nn1,Cn1cc(-c2ccc3c(c2)c(C2CCN(CCN4CCNC4=O)CC2)cn3-c2ccc(F)cc2)nn1,DUTDDZFCPPOWFH-BJUDXGSMSA-N,match,O=C1NCCN1CCN1CCC(c2cn(-c3ccccc3)c3ccc(-c4c[nH]nn4)cc23)CC1,CC1CCCC1CCC1CCC(C2CC(C3CCCCC3)C3CCC(C4CCCC4)CC23)CC1
CAND::T10_AUD_00487,ABCB1,,1,1,candidate_supervised,B_author_curated_no_row_primary_assay,ChEMBL,Daood author-curated ChEMBL records,1.0,HRRUGRNBEPWHFW-OAHLLOKOSA-N,HRRUGRNBEPWHFW-OAHLLOKOSA-N,Cn1cc(-c2cccc(C(=O)Nc3cc(N4CC[C@@H](C(C)(C)O)C4)ncc3C(F)(F)F)n2)cn1,,O=C(Nc1ccnc(N2CCCC2)c1)c1cccc(-c2cn[nH]c2)n1,474.487,3.7454,96.17,,,,,,T10_AUD_00487,https://pmc.ncbi.nlm.nih.gov/articles/PMC12587445/,author-curated candidate; not Tier A direct assay truth,,HRRUGRNBEPWHFW-OAHLLOKOSA-N,HRRUGRNBEPWHFW-OAHLLOKOSA-N,Cn1cc(-c2cccc(C(=O)Nc3cc(N4CC[C@@H](C(C)(C)O)C4)ncc3C(F)(F)F)n2)cn1,Cn1cc(-c2cccc(C(=O)Nc3cc(N4CCC(C(C)(C)O)C4)ncc3C(F)(F)F)n2)cn1,HRRUGRNBEPWHFW-OAHLLOKOSA-N,match,O=C(Nc1ccnc(N2CCCC2)c1)c1cccc(-c2cn[nH]c2)n1,CC(CC1CCCC(C2CCCC2)C1)C1CCCC(C2CCCC2)C1
CAND::T10_AUD_00488,ABCB1,ROPSACITINIB,1,1,candidate_supervised,B_author_curated_no_row_primary_assay,ChEMBL,Daood author-curated ChEMBL records,1.0,XPLZTJWZDBFWDE-UHFFFAOYSA-N,XPLZTJWZDBFWDE-UHFFFAOYSA-N,Cn1cc(-c2cn3nccc3c(-c3cnn(C4(CC#N)CC(C#N)C4)c3)n2)cn1,,c1cc2c(-c3cnn(C4CCC4)c3)nc(-c3cn[nH]c3)cn2n1,383.419,2.5359,113.41,,,,,,T10_AUD_00488,https://pmc.ncbi.nlm.nih.gov/articles/PMC12587445/,author-curated candidate; not Tier A direct assay truth,ROPSACITINIB,XPLZTJWZDBFWDE-UHFFFAOYSA-N,XPLZTJWZDBFWDE-UHFFFAOYSA-N,Cn1cc(-c2cn3nccc3c(-c3cnn(C4(CC#N)CC(C#N)C4)c3)n2)cn1,Cn1cc(-c2cn3nccc3c(-c3cnn(C4(CC#N)CC(C#N)C4)c3)n2)cn1,XPLZTJWZDBFWDE-UHFFFAOYSA-N,match,c1cc2c(-c3cnn(C4CCC4)c3)nc(-c3cn[nH]c3)cn2n1,C1CC(C2CCC(C3CC(C4CCCC4)CC4CCCC43)C2)C1
CAND::T10_AUD_00489,ABCB1,,1,1,candidate_supervised,B_author_curated_no_row_primary_assay,ChEMBL,Daood author-curated ChEMBL records,1.0,LYADGAGFYYXXIO-ZWKOTPCHSA-N,LYADGAGFYYXXIO-ZWKOTPCHSA-N,Cn1cc(-c2cnc3c(-c4csc(C(=O)N[C@@H]5CCCC[C@@H]5N)c4)cnn3c2)cn1,,O=C(NC1CCCCC1)c1cc(-c2cnn3cc(-c4cn[nH]c4)cnc23)cs1,421.53,2.858,103.13,,,,,,T10_AUD_00489,https://pmc.ncbi.nlm.nih.gov/articles/PMC12587445/,author-curated candidate; not Tier A direct assay truth,,LYADGAGFYYXXIO-ZWKOTPCHSA-N,LYADGAGFYYXXIO-ZWKOTPCHSA-N,Cn1cc(-c2cnc3c(-c4csc(C(=O)N[C@@H]5CCCC[C@@H]5N)c4)cnn3c2)cn1,Cn1cc(-c2cnc3c(-c4csc(C(=O)NC5CCCCC5N)c4)cnn3c2)cn1,LYADGAGFYYXXIO-ZWKOTPCHSA-N,match,O=C(NC1CCCCC1)c1cc(-c2cnn3cc(-c4cn[nH]c4)cnc23)cs1,CC(CC1CCCCC1)C1CCC(C2CCC3CC(C4CCCC4)CCC32)C1
CAND::T10_AUD_00490,ABCB1,,1,1,candidate_supervised,B_author_curated_no_row_primary_assay,ChEMBL,Daood author-curated ChEMBL records,1.0,UEFCSGDOOJJXTN-UHFFFAOYSA-N,UEFCSGDOOJJXTN-UHFFFAOYSA-N,Cn1cc(-c2cnc3c(-c4csc(C(=O)NCC(F)(F)F)c4)cnn3c2)cn1,,c1cc(-c2cnn3cc(-c4cn[nH]c4)cnc23)cs1,406.393,3.1504,77.11,,,,,,T10_AUD_00490,https://pmc.ncbi.nlm.nih.gov/articles/PMC12587445/,author-curated candidate; not Tier A direct assay truth,,UEFCSGDOOJJXTN-UHFFFAOYSA-N,UEFCSGDOOJJXTN-UHFFFAOYSA-N,Cn1cc(-c2cnc3c(-c4csc(C(=O)NCC(F)(F)F)c4)cnn3c2)cn1,Cn1cc(-c2cnc3c(-c4csc(C(=O)NCC(F)(F)F)c4)cnn3c2)cn1,UEFCSGDOOJJXTN-UHFFFAOYSA-N,match,c1cc(-c2cnn3cc(-c4cn[nH]c4)cnc23)cs1,C1CCC(C2CCC3C(CCC3C3CCCC3)C2)C1
CAND::T10_AUD_00491,ABCB1,,1,1,candidate_supervised,B_author_curated_no_row_primary_assay,ChEMBL,Daood author-curated ChEMBL records,1.0,YMENAWJMILGLGG-UHFFFAOYSA-N,YMENAWJMILGLGG-UHFFFAOYSA-N,Cn1cc(-c2cnc3c(-c4csc(C(=O)NCCC(N)C(F)(F)F)c4)cnn3c2)cn1,,c1cc(-c2cnn3cc(-c4cn[nH]c4)cnc23)cs1,449.462,2.8678,103.13,,,,,,T10_AUD_00491,https://pmc.ncbi.nlm.nih.gov/articles/PMC12587445/,author-curated candidate; not Tier A direct assay truth,,YMENAWJMILGLGG-UHFFFAOYSA-N,YMENAWJMILGLGG-UHFFFAOYSA-N,Cn1cc(-c2cnc3c(-c4csc(C(=O)NCCC(N)C(F)(F)F)c4)cnn3c2)cn1,Cn1cc(-c2cnc3c(-c4csc(C(=O)NCCC(N)C(F)(F)F)c4)cnn3c2)cn1,YMENAWJMILGLGG-UHFFFAOYSA-N,match,c1cc(-c2cnn3cc(-c4cn[nH]c4)cnc23)cs1,C1CCC(C2CCC3C(CCC3C3CCCC3)C2)C1
CAND::T10_AUD_00492,ABCB1,,1,1,candidate_supervised,B_author_curated_no_row_primary_assay,ChEMBL,Daood author-curated ChEMBL records,1.0,LEZKKYMBNZATER-UHFFFAOYSA-N,LEZKKYMBNZATER-UHFFFAOYSA-N,Cn1cc(-c2cnc3c(-c4csc(C(=O)NCCC(N)C(F)F)c4)cnn3c2)cn1,,c1cc(-c2cnn3cc(-c4cn[nH]c4)cnc23)cs1,431.472,2.5706,103.13,,,,,,T10_AUD_00492,https://pmc.ncbi.nlm.nih.gov/articles/PMC12587445/,author-curated candidate; not Tier A direct assay truth,,LEZKKYMBNZATER-UHFFFAOYSA-N,LEZKKYMBNZATER-UHFFFAOYSA-N,Cn1cc(-c2cnc3c(-c4csc(C(=O)NCCC(N)C(F)F)c4)cnn3c2)cn1,Cn1cc(-c2cnc3c(-c4csc(C(=O)NCCC(N)C(F)F)c4)cnn3c2)cn1,LEZKKYMBNZATER-UHFFFAOYSA-N,match,c1cc(-c2cnn3cc(-c4cn[nH]c4)cnc23)cs1,C1CCC(C2CCC3C(CCC3C3CCCC3)C2)C1
CAND::T10_AUD_00493,ABCB1,,1,1,candidate_supervised,B_author_curated_no_row_primary_assay,ChEMBL,Daood author-curated ChEMBL records,1.0,RXJPMOIOKXRORS-UHFFFAOYSA-N,RXJPMOIOKXRORS-UHFFFAOYSA-N,Cn1cc(-c2cnc3c(-c4csc(C(=O)NCCC(N)CF)c4)cnn3c2)cn1,,c1cc(-c2cnn3cc(-c4cn[nH]c4)cnc23)cs1,413.482,2.275,103.13,,,,,,T10_AUD_00493,https://pmc.ncbi.nlm.nih.gov/articles/PMC12587445/,author-curated candidate; not Tier A direct assay truth,,RXJPMOIOKXRORS-UHFFFAOYSA-N,RXJPMOIOKXRORS-UHFFFAOYSA-N,Cn1cc(-c2cnc3c(-c4csc(C(=O)NCCC(N)CF)c4)cnn3c2)cn1,Cn1cc(-c2cnc3c(-c4csc(C(=O)NCCC(N)CF)c4)cnn3c2)cn1,RXJPMOIOKXRORS-UHFFFAOYSA-N,match,c1cc(-c2cnn3cc(-c4cn[nH]c4)cnc23)cs1,C1CCC(C2CCC3C(CCC3C3CCCC3)C2)C1
CAND::T10_AUD_00494,ABCB1,RAMOSETRON,1,1,candidate_supervised,B_author_curated_no_row_primary_assay,ChEMBL,Daood author-curated ChEMBL records,1.0,NTHPAPBPFQJABD-UHFFFAOYSA-N,NTHPAPBPFQJABD-UHFFFAOYSA-N,Cn1cc(C(=O)C2CCc3[nH]cnc3C2)c2ccccc21,,O=C(c1c[nH]c2ccccc12)C1CCc2[nH]cnc2C1,279.343,2.8892,50.68,,,,,,T10_AUD_00494,https://pmc.ncbi.nlm.nih.gov/articles/PMC12587445/,author-curated candidate; not Tier A direct assay truth,RAMOSETRON,NTHPAPBPFQJABD-UHFFFAOYSA-N,NTHPAPBPFQJABD-UHFFFAOYSA-N,Cn1cc(C(=O)C2CCc3[nH]cnc3C2)c2ccccc21,Cn1cc(C(=O)C2CCc3[nH]cnc3C2)c2ccccc21,NTHPAPBPFQJABD-UHFFFAOYSA-N,match,O=C(c1c[nH]c2ccccc12)C1CCc2[nH]cnc2C1,CC(C1CCC2CCCC2C1)C1CCC2CCCCC21
CAND::T10_AUD_00495,ABCB1,,0,0,candidate_supervised,B_author_curated_no_row_primary_assay,ChEMBL,Daood author-curated ChEMBL records,1.0,PVTOXUVLINADAG-UHFFFAOYSA-N,PVTOXUVLINADAG-UHFFFAOYSA-N,Cn1ccnc1SCC(=O)Nc1sc2c(c1C(=O)NCc1ccccc1)CCCC2,,O=C(CSc1ncc[nH]1)Nc1sc2c(c1C(=O)NCc1ccccc1)CCCC2,440.594,4.0212,76.02,,,,,,T10_AUD_00495,https://pmc.ncbi.nlm.nih.gov/articles/PMC12587445/,author-curated candidate; not Tier A direct assay truth,,PVTOXUVLINADAG-UHFFFAOYSA-N,PVTOXUVLINADAG-UHFFFAOYSA-N,Cn1ccnc1SCC(=O)Nc1sc2c(c1C(=O)NCc1ccccc1)CCCC2,Cn1ccnc1SCC(=O)Nc1sc2c(c1C(=O)NCc1ccccc1)CCCC2,PVTOXUVLINADAG-UHFFFAOYSA-N,match,O=C(CSc1ncc[nH]1)Nc1sc2c(c1C(=O)NCc1ccccc1)CCCC2,CC(CCC1CCCC1)CC1CC2CCCCC2C1C(C)CCC1CCCCC1
CAND::T10_AUD_00496,ABCB1,,1,1,candidate_supervised,B_author_curated_no_row_primary_assay,ChEMBL,Daood author-curated ChEMBL records,1.0,USCDVFNXTCISHV-BJUDXGSMSA-N,USCDVFNXTCISHV-BJUDXGSMSA-N,[11CH3]n1nnc(-c2ccc3c(c2)c(C2CCN(CCN4CCNC4=O)CC2)cn3-c2ccc(F)cc2)n1,,O=C1NCCN1CCN1CCC(c2cn(-c3ccccc3)c3ccc(-c4nn[nH]n4)cc23)CC1,487.5714,3.1647,84.11,,,,,,T10_AUD_00496,https://pmc.ncbi.nlm.nih.gov/articles/PMC12587445/,author-curated candidate; not Tier A direct assay truth,,USCDVFNXTCISHV-BJUDXGSMSA-N,USCDVFNXTCISHV-BJUDXGSMSA-N,[11CH3]n1nnc(-c2ccc3c(c2)c(C2CCN(CCN4CCNC4=O)CC2)cn3-c2ccc(F)cc2)n1,Cn1nnc(-c2ccc3c(c2)c(C2CCN(CCN4CCNC4=O)CC2)cn3-c2ccc(F)cc2)n1,USCDVFNXTCISHV-BJUDXGSMSA-N,match,O=C1NCCN1CCN1CCC(c2cn(-c3ccccc3)c3ccc(-c4nn[nH]n4)cc23)CC1,CC1CCCC1CCC1CCC(C2CC(C3CCCCC3)C3CCC(C4CCCC4)CC23)CC1
CAND::T10_AUD_00497,ABCB1,,1,1,candidate_supervised,B_author_curated_no_row_primary_assay,ChEMBL,Daood author-curated ChEMBL records,1.0,QZYYPQAYSFBKPW-UHFFFAOYSA-N,QZYYPQAYSFBKPW-UHFFFAOYSA-N,FC(F)(F)c1ccc(N2CCNCC2)nc1Cl,,c1ccc(N2CCNCC2)nc1,265.666,2.1634,28.16,,,,,,T10_AUD_00497,https://pmc.ncbi.nlm.nih.gov/articles/PMC12587445/,author-curated candidate; not Tier A direct assay truth,,QZYYPQAYSFBKPW-UHFFFAOYSA-N,QZYYPQAYSFBKPW-UHFFFAOYSA-N,FC(F)(F)c1ccc(N2CCNCC2)nc1Cl,FC(F)(F)c1ccc(N2CCNCC2)nc1Cl,QZYYPQAYSFBKPW-UHFFFAOYSA-N,match,c1ccc(N2CCNCC2)nc1,C1CCC(C2CCCCC2)CC1
CAND::T10_AUD_00498,ABCB1,,0,0,candidate_supervised,B_author_curated_no_row_primary_assay,ChEMBL,Daood author-curated ChEMBL records,1.0,YQURRFMFHGHBTQ-UHFFFAOYSA-N,YQURRFMFHGHBTQ-UHFFFAOYSA-N,Fc1ccc(CN2CCN(c3nc4cnccc4nc3NC3CC3)CC2)c(F)c1,,c1ccc(CN2CCN(c3nc4cnccc4nc3NC3CC3)CC2)cc1,396.445,3.1995,57.18,,,,,,T10_AUD_00498,https://pmc.ncbi.nlm.nih.gov/articles/PMC12587445/,author-curated candidate; not Tier A direct assay truth,,YQURRFMFHGHBTQ-UHFFFAOYSA-N,YQURRFMFHGHBTQ-UHFFFAOYSA-N,Fc1ccc(CN2CCN(c3nc4cnccc4nc3NC3CC3)CC2)c(F)c1,Fc1ccc(CN2CCN(c3nc4cnccc4nc3NC3CC3)CC2)c(F)c1,YQURRFMFHGHBTQ-UHFFFAOYSA-N,match,c1ccc(CN2CCN(c3nc4cnccc4nc3NC3CC3)CC2)cc1,C1CCC(CC2CCC(C3CC4CCCCC4CC3CC3CC3)CC2)CC1
CAND::T10_AUD_00499,ABCB1,,0,0,candidate_supervised,B_author_curated_no_row_primary_assay,ChEMBL,Daood author-curated ChEMBL records,1.0,ASDDRENGWBOROR-UHFFFAOYSA-N,ASDDRENGWBOROR-UHFFFAOYSA-N,Fc1cccc(-c2cc3nc(-c4ccccc4)cc(NCCCN4CCOCC4)n3n2)c1,,c1ccc(-c2cc(NCCCN3CCOCC3)n3nc(-c4ccccc4)cc3n2)cc1,431.515,4.3366,54.69,,,,,,T10_AUD_00499,https://pmc.ncbi.nlm.nih.gov/articles/PMC12587445/,author-curated candidate; not Tier A direct assay truth,,ASDDRENGWBOROR-UHFFFAOYSA-N,ASDDRENGWBOROR-UHFFFAOYSA-N,Fc1cccc(-c2cc3nc(-c4ccccc4)cc(NCCCN4CCOCC4)n3n2)c1,Fc1cccc(-c2cc3nc(-c4ccccc4)cc(NCCCN4CCOCC4)n3n2)c1,ASDDRENGWBOROR-UHFFFAOYSA-N,match,c1ccc(-c2cc(NCCCN3CCOCC3)n3nc(-c4ccccc4)cc3n2)cc1,C1CCC(CCCCC2CC(C3CCCCC3)CC3CC(C4CCCCC4)CC23)CC1
CAND::T10_AUD_00503,ABCB1,,1,1,candidate_supervised,B_author_curated_no_row_primary_assay,ChEMBL,Daood author-curated ChEMBL records,1.0,AWNNDHTUHGTAEJ-UHFFFAOYSA-N,AWNNDHTUHGTAEJ-UHFFFAOYSA-N,N#Cc1ccc(-c2ccncc2NC(=O)c2ccnc(NC(=O)C3CC3)c2)cc1,,O=C(Nc1cnccc1-c1ccccc1)c1ccnc(NC(=O)C2CC2)c1,383.411,3.6161,107.77,,,,,,T10_AUD_00503,https://pmc.ncbi.nlm.nih.gov/articles/PMC12587445/,author-curated candidate; not Tier A direct assay truth,,AWNNDHTUHGTAEJ-UHFFFAOYSA-N,AWNNDHTUHGTAEJ-UHFFFAOYSA-N,N#Cc1ccc(-c2ccncc2NC(=O)c2ccnc(NC(=O)C3CC3)c2)cc1,N#Cc1ccc(-c2ccncc2NC(=O)c2ccnc(NC(=O)C3CC3)c2)cc1,AWNNDHTUHGTAEJ-UHFFFAOYSA-N,match,O=C(Nc1cnccc1-c1ccccc1)c1ccnc(NC(=O)C2CC2)c1,CC(CC1CCCC(C(C)CC2CCCCC2C2CCCCC2)C1)C1CC1
CAND::T10_AUD_00504,ABCB1,,1,1,candidate_supervised,B_author_curated_no_row_primary_assay,ChEMBL,Daood author-curated ChEMBL records,1.0,PZRNJYQTIQFCMR-GOSISDBHSA-N,PZRNJYQTIQFCMR-GOSISDBHSA-N,N#Cc1ccc(C(=O)Nc2ccc(F)c([C@]3(CF)CCSC(=N)N3)c2)nc1,,N=C1NC(c2cccc(NC(=O)c3ccccn3)c2)CCS1,387.415,3.1708,101.66,,,,,,T10_AUD_00504,https://pmc.ncbi.nlm.nih.gov/articles/PMC12587445/,author-curated candidate; not Tier A direct assay truth,,PZRNJYQTIQFCMR-GOSISDBHSA-N,PZRNJYQTIQFCMR-GOSISDBHSA-N,N#Cc1ccc(C(=O)Nc2ccc(F)c([C@]3(CF)CCSC(=N)N3)c2)nc1,N#Cc1ccc(C(=O)Nc2ccc(F)c(C3(CF)CCSC(=N)N3)c2)nc1,PZRNJYQTIQFCMR-GOSISDBHSA-N,match,N=C1NC(c2cccc(NC(=O)c3ccccn3)c2)CCS1,CC1CCCC(C2CCCC(CC(C)C3CCCCC3)C2)C1
CAND::T10_AUD_00505,ABCB1,,0,0,candidate_supervised,B_author_curated_no_row_primary_assay,ChEMBL,Daood author-curated ChEMBL records,1.0,QTGJWKQGNJDXAU-UHFFFAOYSA-N,QTGJWKQGNJDXAU-UHFFFAOYSA-N,N#Cc1ccc(CCc2ccc3c(-c4ccc(F)cc4)cc(C(N)=O)nc3c2)cn1,,c1ccc(-c2ccnc3cc(CCc4cccnc4)ccc23)cc1,396.425,4.1917,92.66,,,,,,T10_AUD_00505,https://pmc.ncbi.nlm.nih.gov/articles/PMC12587445/,author-curated candidate; not Tier A direct assay truth,,QTGJWKQGNJDXAU-UHFFFAOYSA-N,QTGJWKQGNJDXAU-UHFFFAOYSA-N,N#Cc1ccc(CCc2ccc3c(-c4ccc(F)cc4)cc(C(N)=O)nc3c2)cn1,N#Cc1ccc(CCc2ccc3c(-c4ccc(F)cc4)cc(C(N)=O)nc3c2)cn1,QTGJWKQGNJDXAU-UHFFFAOYSA-N,match,c1ccc(-c2ccnc3cc(CCc4cccnc4)ccc23)cc1,C1CCC(CCC2CCC3C(CCCC3C3CCCCC3)C2)CC1
CAND::T10_AUD_00506,ABCB1,L-778123,1,1,candidate_supervised,B_author_curated_no_row_primary_assay,ChEMBL,Daood author-curated ChEMBL records,1.0,JNUGFGAVPBYSHF-UHFFFAOYSA-N,JNUGFGAVPBYSHF-UHFFFAOYSA-N,N#Cc1ccc(Cn2cncc2CN2CCN(c3cccc(Cl)c3)C(=O)C2)cc1,,O=C1CN(Cc2cncn2Cc2ccccc2)CCN1c1ccccc1,405.889,3.3053,65.16,,,,,,T10_AUD_00506,https://pmc.ncbi.nlm.nih.gov/articles/PMC12587445/,author-curated candidate; not Tier A direct assay truth,L-778123,JNUGFGAVPBYSHF-UHFFFAOYSA-N,JNUGFGAVPBYSHF-UHFFFAOYSA-N,N#Cc1ccc(Cn2cncc2CN2CCN(c3cccc(Cl)c3)C(=O)C2)cc1,N#Cc1ccc(Cn2cncc2CN2CCN(c3cccc(Cl)c3)C(=O)C2)cc1,JNUGFGAVPBYSHF-UHFFFAOYSA-N,match,O=C1CN(Cc2cncn2Cc2ccccc2)CCN1c1ccccc1,CC1CC(CC2CCCC2CC2CCCCC2)CCC1C1CCCCC1
CAND::T10_AUD_00507,ABCB1,,0,0,candidate_supervised,B_author_curated_no_row_primary_assay,ChEMBL,Daood author-curated ChEMBL records,1.0,HIFHSDGULUYSMW-UHFFFAOYSA-N,HIFHSDGULUYSMW-UHFFFAOYSA-N,N#Cc1ncc(CCc2ccc3c(-c4ccc(F)cc4)cc(C(N)=O)nc3c2)cn1,,c1ccc(-c2ccnc3cc(CCc4cncnc4)ccc23)cc1,397.413,3.5867,105.55,,,,,,T10_AUD_00507,https://pmc.ncbi.nlm.nih.gov/articles/PMC12587445/,author-curated candidate; not Tier A direct assay truth,,HIFHSDGULUYSMW-UHFFFAOYSA-N,HIFHSDGULUYSMW-UHFFFAOYSA-N,N#Cc1ncc(CCc2ccc3c(-c4ccc(F)cc4)cc(C(N)=O)nc3c2)cn1,N#Cc1ncc(CCc2ccc3c(-c4ccc(F)cc4)cc(C(N)=O)nc3c2)cn1,HIFHSDGULUYSMW-UHFFFAOYSA-N,match,c1ccc(-c2ccnc3cc(CCc4cncnc4)ccc23)cc1,C1CCC(CCC2CCC3C(CCCC3C3CCCCC3)C2)CC1
CAND::T10_AUD_00509,ABCB1,LY-2886721,1,1,candidate_supervised,B_author_curated_no_row_primary_assay,ChEMBL,Daood author-curated ChEMBL records,1.0,NIDRNVHMMDAAIK-YPMLDQLKSA-N,NIDRNVHMMDAAIK-YPMLDQLKSA-N,N=C1N[C@@]2(c3cc(NC(=O)c4ccc(F)cn4)ccc3F)COC[C@H]2CS1,,N=C1NC2(c3cccc(NC(=O)c4ccccn4)c3)COCC2CS1,390.415,2.725,87.1,,,,,,T10_AUD_00509,https://pmc.ncbi.nlm.nih.gov/articles/PMC12587445/,author-curated candidate; not Tier A direct assay truth,LY-2886721,NIDRNVHMMDAAIK-YPMLDQLKSA-N,NIDRNVHMMDAAIK-YPMLDQLKSA-N,N=C1N[C@@]2(c3cc(NC(=O)c4ccc(F)cn4)ccc3F)COC[C@H]2CS1,N=C1NC2(c3cc(NC(=O)c4ccc(F)cn4)ccc3F)COCC2CS1,NIDRNVHMMDAAIK-YPMLDQLKSA-N,match,N=C1NC2(c3cccc(NC(=O)c4ccccn4)c3)COCC2CS1,CC1CCC2CCCC2(C2CCCC(CC(C)C3CCCCC3)C2)C1
CAND::T10_AUD_00510,ABCB1,,1,1,candidate_supervised,B_author_curated_no_row_primary_assay,ChEMBL,Daood author-curated ChEMBL records,1.0,LNRQLHAIEKKCPQ-SAHAZLINSA-N,LNRQLHAIEKKCPQ-SAHAZLINSA-N,N=C1N[C@@]2(c3cc(NC(=O)c4ncc(F)cc4F)ccc3F)CN(c3ncc(F)cn3)C[C@H]2CS1,,N=C1NC2(c3cccc(NC(=O)c4ccccn4)c3)CN(c3ncccn3)CC2CS1,503.485,3.2832,106.89,,,,,,T10_AUD_00510,https://pmc.ncbi.nlm.nih.gov/articles/PMC12587445/,author-curated candidate; not Tier A direct assay truth,,LNRQLHAIEKKCPQ-SAHAZLINSA-N,LNRQLHAIEKKCPQ-SAHAZLINSA-N,N=C1N[C@@]2(c3cc(NC(=O)c4ncc(F)cc4F)ccc3F)CN(c3ncc(F)cn3)C[C@H]2CS1,N=C1NC2(c3cc(NC(=O)c4ncc(F)cc4F)ccc3F)CN(c3ncc(F)cn3)CC2CS1,LNRQLHAIEKKCPQ-SAHAZLINSA-N,match,N=C1NC2(c3cccc(NC(=O)c4ccccn4)c3)CN(c3ncccn3)CC2CS1,CC1CCC2CC(C3CCCCC3)CC2(C2CCCC(CC(C)C3CCCCC3)C2)C1
CAND::T10_AUD_00512,ABCB1,,0,0,candidate_supervised,B_author_curated_no_row_primary_assay,ChEMBL,Daood author-curated ChEMBL records,1.0,GHFKCQCHIJKCHS-UHFFFAOYSA-N,GHFKCQCHIJKCHS-UHFFFAOYSA-N,NC(=O)c1cc(-c2ccc(F)cc2)c2ccc(CCc3cccnc3)cc2n1,,c1ccc(-c2ccnc3cc(CCc4cccnc4)ccc23)cc1,371.415,4.32,68.87,,,,,,T10_AUD_00512,https://pmc.ncbi.nlm.nih.gov/articles/PMC12587445/,author-curated candidate; not Tier A direct assay truth,,GHFKCQCHIJKCHS-UHFFFAOYSA-N,GHFKCQCHIJKCHS-UHFFFAOYSA-N,NC(=O)c1cc(-c2ccc(F)cc2)c2ccc(CCc3cccnc3)cc2n1,NC(=O)c1cc(-c2ccc(F)cc2)c2ccc(CCc3cccnc3)cc2n1,GHFKCQCHIJKCHS-UHFFFAOYSA-N,match,c1ccc(-c2ccnc3cc(CCc4cccnc4)ccc23)cc1,C1CCC(CCC2CCC3C(CCCC3C3CCCCC3)C2)CC1
CAND::T10_AUD_00513,ABCB1,,0,0,candidate_supervised,B_author_curated_no_row_primary_assay,ChEMBL,Daood author-curated ChEMBL records,1.0,ZGZZUBRFXLUFCP-UHFFFAOYSA-N,ZGZZUBRFXLUFCP-UHFFFAOYSA-N,NC(=O)c1cc(-c2ccc(F)cc2)c2ccc(CCc3ccncc3)cc2n1,,c1ccc(-c2ccnc3cc(CCc4ccncc4)ccc23)cc1,371.415,4.32,68.87,,,,,,T10_AUD_00513,https://pmc.ncbi.nlm.nih.gov/articles/PMC12587445/,author-curated candidate; not Tier A direct assay truth,,ZGZZUBRFXLUFCP-UHFFFAOYSA-N,ZGZZUBRFXLUFCP-UHFFFAOYSA-N,NC(=O)c1cc(-c2ccc(F)cc2)c2ccc(CCc3ccncc3)cc2n1,NC(=O)c1cc(-c2ccc(F)cc2)c2ccc(CCc3ccncc3)cc2n1,ZGZZUBRFXLUFCP-UHFFFAOYSA-N,match,c1ccc(-c2ccnc3cc(CCc4ccncc4)ccc23)cc1,C1CCC(CCC2CCC3C(CCCC3C3CCCCC3)C2)CC1
CAND::T10_AUD_00514,ABCB1,,0,0,candidate_supervised,B_author_curated_no_row_primary_assay,ChEMBL,Daood author-curated ChEMBL records,1.0,ZGHXESFWLZNOPI-UHFFFAOYSA-N,ZGHXESFWLZNOPI-UHFFFAOYSA-N,NC(=O)c1cc(-c2ccc(F)cc2)c2ccc(CCc3cnc(CF)nc3)cc2n1,,c1ccc(-c2ccnc3cc(CCc4cncnc4)ccc23)cc1,404.42,4.1845,81.76,,,,,,T10_AUD_00514,https://pmc.ncbi.nlm.nih.gov/articles/PMC12587445/,author-curated candidate; not Tier A direct assay truth,,ZGHXESFWLZNOPI-UHFFFAOYSA-N,ZGHXESFWLZNOPI-UHFFFAOYSA-N,NC(=O)c1cc(-c2ccc(F)cc2)c2ccc(CCc3cnc(CF)nc3)cc2n1,NC(=O)c1cc(-c2ccc(F)cc2)c2ccc(CCc3cnc(CF)nc3)cc2n1,ZGHXESFWLZNOPI-UHFFFAOYSA-N,match,c1ccc(-c2ccnc3cc(CCc4cncnc4)ccc23)cc1,C1CCC(CCC2CCC3C(CCCC3C3CCCCC3)C2)CC1
CAND::T10_AUD_00515,ABCB1,,0,0,candidate_supervised,B_author_curated_no_row_primary_assay,ChEMBL,Daood author-curated ChEMBL records,1.0,LXCSXQHDLNNHFV-UHFFFAOYSA-N,LXCSXQHDLNNHFV-UHFFFAOYSA-N,NC(=O)c1cc(-c2ccc(F)cc2)c2ccc(CCc3cnc(F)nc3)cc2n1,,c1ccc(-c2ccnc3cc(CCc4cncnc4)ccc23)cc1,390.393,3.8541,81.76,,,,,,T10_AUD_00515,https://pmc.ncbi.nlm.nih.gov/articles/PMC12587445/,author-curated candidate; not Tier A direct assay truth,,LXCSXQHDLNNHFV-UHFFFAOYSA-N,LXCSXQHDLNNHFV-UHFFFAOYSA-N,NC(=O)c1cc(-c2ccc(F)cc2)c2ccc(CCc3cnc(F)nc3)cc2n1,NC(=O)c1cc(-c2ccc(F)cc2)c2ccc(CCc3cnc(F)nc3)cc2n1,LXCSXQHDLNNHFV-UHFFFAOYSA-N,match,c1ccc(-c2ccnc3cc(CCc4cncnc4)ccc23)cc1,C1CCC(CCC2CCC3C(CCCC3C3CCCCC3)C2)CC1
CAND::T10_AUD_00516,ABCB1,,0,0,candidate_supervised,B_author_curated_no_row_primary_assay,ChEMBL,Daood author-curated ChEMBL records,1.0,YSZAXBGUMAMQQB-UHFFFAOYSA-N,YSZAXBGUMAMQQB-UHFFFAOYSA-N,NC(=O)c1cc(-c2ccc(F)cc2)c2ccc(CCc3cncnc3)cc2n1,,c1ccc(-c2ccnc3cc(CCc4cncnc4)ccc23)cc1,372.403,3.715,81.76,,,,,,T10_AUD_00516,https://pmc.ncbi.nlm.nih.gov/articles/PMC12587445/,author-curated candidate; not Tier A direct assay truth,,YSZAXBGUMAMQQB-UHFFFAOYSA-N,YSZAXBGUMAMQQB-UHFFFAOYSA-N,NC(=O)c1cc(-c2ccc(F)cc2)c2ccc(CCc3cncnc3)cc2n1,NC(=O)c1cc(-c2ccc(F)cc2)c2ccc(CCc3cncnc3)cc2n1,YSZAXBGUMAMQQB-UHFFFAOYSA-N,match,c1ccc(-c2ccnc3cc(CCc4cncnc4)ccc23)cc1,C1CCC(CCC2CCC3C(CCCC3C3CCCCC3)C2)CC1
CAND::T10_AUD_00517,ABCB1,,0,0,candidate_supervised,B_author_curated_no_row_primary_assay,ChEMBL,Daood author-curated ChEMBL records,1.0,ZCJBXYJAXXZOLN-UHFFFAOYSA-N,ZCJBXYJAXXZOLN-UHFFFAOYSA-N,NC(=O)c1cc(-c2ccc(F)cc2)c2ccc(CN3CCC(F)(F)C3)cc2n1,,c1ccc(-c2ccnc3cc(CN4CCCC4)ccc23)cc1,385.389,3.9808,59.22,,,,,,T10_AUD_00517,https://pmc.ncbi.nlm.nih.gov/articles/PMC12587445/,author-curated candidate; not Tier A direct assay truth,,ZCJBXYJAXXZOLN-UHFFFAOYSA-N,ZCJBXYJAXXZOLN-UHFFFAOYSA-N,NC(=O)c1cc(-c2ccc(F)cc2)c2ccc(CN3CCC(F)(F)C3)cc2n1,NC(=O)c1cc(-c2ccc(F)cc2)c2ccc(CN3CCC(F)(F)C3)cc2n1,ZCJBXYJAXXZOLN-UHFFFAOYSA-N,match,c1ccc(-c2ccnc3cc(CN4CCCC4)ccc23)cc1,C1CCC(C2CCCC3CC(CC4CCCC4)CCC32)CC1
CAND::T10_AUD_00518,ABCB1,,0,0,candidate_supervised,B_author_curated_no_row_primary_assay,ChEMBL,Daood author-curated ChEMBL records,1.0,KHYXZFXTCZPFKO-UHFFFAOYSA-N,KHYXZFXTCZPFKO-UHFFFAOYSA-N,NC(=O)c1cc(-c2ccc(F)cc2)c2ccc(CN3CCOCC3)cc2n1,,c1ccc(-c2ccnc3cc(CN4CCOCC4)ccc23)cc1,365.408,2.972,68.45,,,,,,T10_AUD_00518,https://pmc.ncbi.nlm.nih.gov/articles/PMC12587445/,author-curated candidate; not Tier A direct assay truth,,KHYXZFXTCZPFKO-UHFFFAOYSA-N,KHYXZFXTCZPFKO-UHFFFAOYSA-N,NC(=O)c1cc(-c2ccc(F)cc2)c2ccc(CN3CCOCC3)cc2n1,NC(=O)c1cc(-c2ccc(F)cc2)c2ccc(CN3CCOCC3)cc2n1,KHYXZFXTCZPFKO-UHFFFAOYSA-N,match,c1ccc(-c2ccnc3cc(CN4CCOCC4)ccc23)cc1,C1CCC(CC2CCC3C(CCCC3C3CCCCC3)C2)CC1
CAND::T10_AUD_00519,ABCB1,,0,0,candidate_supervised,B_author_curated_no_row_primary_assay,ChEMBL,Daood author-curated ChEMBL records,1.0,BUEVJEIIOFOGME-UHFFFAOYSA-N,BUEVJEIIOFOGME-UHFFFAOYSA-N,NC(=O)c1cc(-c2ccc(F)cc2)c2ccccc2n1,,c1ccc(-c2ccnc3ccccc23)cc1,266.275,3.1398,55.98,,,,,,T10_AUD_00519,https://pmc.ncbi.nlm.nih.gov/articles/PMC12587445/,author-curated candidate; not Tier A direct assay truth,,BUEVJEIIOFOGME-UHFFFAOYSA-N,BUEVJEIIOFOGME-UHFFFAOYSA-N,NC(=O)c1cc(-c2ccc(F)cc2)c2ccccc2n1,NC(=O)c1cc(-c2ccc(F)cc2)c2ccccc2n1,BUEVJEIIOFOGME-UHFFFAOYSA-N,match,c1ccc(-c2ccnc3ccccc23)cc1,C1CCC(C2CCCC3CCCCC32)CC1
CAND::T10_AUD_00522,ABCB1,AMANTADINE,0,0,candidate_supervised,B_author_curated_no_row_primary_assay,ChEMBL,Daood author-curated ChEMBL records,1.0,DKNWSYNQZKUICI-UHFFFAOYSA-N,DKNWSYNQZKUICI-UHFFFAOYSA-N,NC12CC3CC(CC(C3)C1)C2,,C1C2CC3CC1CC(C2)C3,151.253,1.9139,26.02,,,,,,T10_AUD_00522,https://pmc.ncbi.nlm.nih.gov/articles/PMC12587445/,author-curated candidate; not Tier A direct assay truth,AMANTADINE,DKNWSYNQZKUICI-UHFFFAOYSA-N,DKNWSYNQZKUICI-UHFFFAOYSA-N,NC12CC3CC(CC(C3)C1)C2,NC12CC3CC(CC(C3)C1)C2,DKNWSYNQZKUICI-UHFFFAOYSA-N,match,C1C2CC3CC1CC(C2)C3,C1C2CC3CC1CC(C2)C3
CAND::T10_AUD_00523,ABCB1,EPINASTINE,1,1,candidate_supervised,B_author_curated_no_row_primary_assay,ChEMBL,Daood author-curated ChEMBL records,1.0,WHWZLSFABNNENI-UHFFFAOYSA-N,WHWZLSFABNNENI-UHFFFAOYSA-N,NC1=NCC2c3ccccc3Cc3ccccc3N12,,C1=NCC2c3ccccc3Cc3ccccc3N12,249.317,2.4668,41.62,,,,,,T10_AUD_00523,https://pmc.ncbi.nlm.nih.gov/articles/PMC12587445/,author-curated candidate; not Tier A direct assay truth,EPINASTINE,WHWZLSFABNNENI-UHFFFAOYSA-N,WHWZLSFABNNENI-UHFFFAOYSA-N,NC1=NCC2c3ccccc3Cc3ccccc3N12,NC1=NCC2c3ccccc3Cc3ccccc3N12,WHWZLSFABNNENI-UHFFFAOYSA-N,match,C1=NCC2c3ccccc3Cc3ccccc3N12,C1CCC2C(C1)CC1CCCCC1C1CCCC21
CAND::T10_AUD_00524,ABCB1,,1,1,candidate_supervised,B_author_curated_no_row_primary_assay,ChEMBL,Daood author-curated ChEMBL records,1.0,YODMGQDGPVKZAH-YVITULCKSA-N,YODMGQDGPVKZAH-YVITULCKSA-N,NC[C@H]1O[C@H](CO)[C@@H](N[C@H]2O[C@H](CO)[C@@H](O)[C@H](O)[C@@H]2O)[C@@H](O)[C@@H]1O,,C1CCC(NC2CCCOC2)OC1,354.356,-5.8153,198.12,,,,,,T10_AUD_00524,https://pmc.ncbi.nlm.nih.gov/articles/PMC12587445/,author-curated candidate; not Tier A direct assay truth,,YODMGQDGPVKZAH-YVITULCKSA-N,YODMGQDGPVKZAH-YVITULCKSA-N,NC[C@H]1O[C@H](CO)[C@@H](N[C@H]2O[C@H](CO)[C@@H](O)[C@H](O)[C@@H]2O)[C@@H](O)[C@@H]1O,NCC1OC(CO)C(NC2OC(CO)C(O)C(O)C2O)C(O)C1O,YODMGQDGPVKZAH-YVITULCKSA-N,match,C1CCC(NC2CCCOC2)OC1,C1CCC(CC2CCCCC2)CC1
CAND::T10_AUD_00526,ABCB1,,1,1,candidate_supervised,B_author_curated_no_row_primary_assay,ChEMBL,Daood author-curated ChEMBL records,1.0,OQXJUJDDCWHRLA-XMMPIXPASA-N,OQXJUJDDCWHRLA-XMMPIXPASA-N,NS(=O)(=O)N1CCN(C2CN(CC[C@]3(c4ccc(Cl)c(Cl)c4)CCC(=O)N(CC4CC4)C3)C2)CC1,,O=C1CCC(CCN2CC(N3CCNCC3)C2)(c2ccccc2)CN1CC1CC1,544.549,2.159,90.19,,,,,,T10_AUD_00526,https://pmc.ncbi.nlm.nih.gov/articles/PMC12587445/,author-curated candidate; not Tier A direct assay truth,,OQXJUJDDCWHRLA-XMMPIXPASA-N,OQXJUJDDCWHRLA-XMMPIXPASA-N,NS(=O)(=O)N1CCN(C2CN(CC[C@]3(c4ccc(Cl)c(Cl)c4)CCC(=O)N(CC4CC4)C3)C2)CC1,NS(=O)(=O)N1CCN(C2CN(CCC3(c4ccc(Cl)c(Cl)c4)CCC(=O)N(CC4CC4)C3)C2)CC1,OQXJUJDDCWHRLA-XMMPIXPASA-N,match,O=C1CCC(CCN2CC(N3CCNCC3)C2)(c2ccccc2)CN1CC1CC1,CC1CCC(CCC2CC(C3CCCCC3)C2)(C2CCCCC2)CC1CC1CC1
CAND::T10_AUD_00527,ABCB1,TACRINE,0,0,candidate_supervised,B_author_curated_no_row_primary_assay,ChEMBL,Daood author-curated ChEMBL records,1.0,YLJREFDVOIBQDA-UHFFFAOYSA-N,YLJREFDVOIBQDA-UHFFFAOYSA-N,Nc1c2c(nc3ccccc13)CCCC2,,c1ccc2nc3c(cc2c1)CCCC3,198.269,2.6958,38.91,,,,,,T10_AUD_00527,https://pmc.ncbi.nlm.nih.gov/articles/PMC12587445/,author-curated candidate; not Tier A direct assay truth,TACRINE,YLJREFDVOIBQDA-UHFFFAOYSA-N,YLJREFDVOIBQDA-UHFFFAOYSA-N,Nc1c2c(nc3ccccc13)CCCC2,Nc1c2c(nc3ccccc13)CCCC2,YLJREFDVOIBQDA-UHFFFAOYSA-N,match,c1ccc2nc3c(cc2c1)CCCC3,C1CCC2CC3CCCCC3CC2C1
CAND::T10_AUD_00528,ABCB1,GEMCITABINE,1,1,candidate_supervised,B_author_curated_no_row_primary_assay,ChEMBL,Daood author-curated ChEMBL records,1.0,SDUQYLNIPVEERB-QPPQHZFASA-N,SDUQYLNIPVEERB-QPPQHZFASA-N,Nc1ccn([C@@H]2O[C@H](CO)[C@@H](O)C2(F)F)c(=O)n1,,O=c1ncccn1C1CCCO1,263.2,-1.2886,110.6,,,,,,T10_AUD_00528,https://pmc.ncbi.nlm.nih.gov/articles/PMC12587445/,author-curated candidate; not Tier A direct assay truth,GEMCITABINE,SDUQYLNIPVEERB-QPPQHZFASA-N,SDUQYLNIPVEERB-QPPQHZFASA-N,Nc1ccn([C@@H]2O[C@H](CO)[C@@H](O)C2(F)F)c(=O)n1,Nc1ccn(C2OC(CO)C(O)C2(F)F)c(=O)n1,SDUQYLNIPVEERB-QPPQHZFASA-N,match,O=c1ncccn1C1CCCO1,CC1CCCCC1C1CCCC1
CAND::T10_AUD_00530,ABCB1,TRIAMTERENE,0,0,candidate_supervised,B_author_curated_no_row_primary_assay,ChEMBL,Daood author-curated ChEMBL records,1.0,FNYLWPVRPXGIIP-UHFFFAOYSA-N,FNYLWPVRPXGIIP-UHFFFAOYSA-N,Nc1nc(N)c2nc(-c3ccccc3)c(N)nc2n1,,c1ccc(-c2cnc3ncncc3n2)cc1,253.269,0.8334,129.62,,,,,,T10_AUD_00530,https://pmc.ncbi.nlm.nih.gov/articles/PMC12587445/,author-curated candidate; not Tier A direct assay truth,TRIAMTERENE,FNYLWPVRPXGIIP-UHFFFAOYSA-N,FNYLWPVRPXGIIP-UHFFFAOYSA-N,Nc1nc(N)c2nc(-c3ccccc3)c(N)nc2n1,Nc1nc(N)c2nc(-c3ccccc3)c(N)nc2n1,FNYLWPVRPXGIIP-UHFFFAOYSA-N,match,c1ccc(-c2cnc3ncncc3n2)cc1,C1CCC(C2CCC3CCCCC3C2)CC1
CAND::T10_AUD_00531,ABCB1,,0,0,candidate_supervised,B_author_curated_no_row_primary_assay,ChEMBL,Daood author-curated ChEMBL records,1.0,SUKXKLNDBLNTSW-UHFFFAOYSA-N,SUKXKLNDBLNTSW-UHFFFAOYSA-N,O=C(CCCCCc1ccccc1)NC1CCC(O)CC1,,O=C(CCCCCc1ccccc1)NC1CCCCC1,289.419,3.2092,49.33,,,,,,T10_AUD_00531,https://pmc.ncbi.nlm.nih.gov/articles/PMC12587445/,author-curated candidate; not Tier A direct assay truth,,SUKXKLNDBLNTSW-UHFFFAOYSA-N,SUKXKLNDBLNTSW-UHFFFAOYSA-N,O=C(CCCCCc1ccccc1)NC1CCC(O)CC1,O=C(CCCCCc1ccccc1)NC1CCC(O)CC1,SUKXKLNDBLNTSW-UHFFFAOYSA-N,match,O=C(CCCCCc1ccccc1)NC1CCCCC1,CC(CCCCCC1CCCCC1)CC1CCCCC1
CAND::T10_AUD_00532,ABCB1,,1,1,candidate_supervised,B_author_curated_no_row_primary_assay,ChEMBL,Daood author-curated ChEMBL records,1.0,FZWURHPZIJCZOY-UHFFFAOYSA-N,FZWURHPZIJCZOY-UHFFFAOYSA-N,O=C(CCCN1CCC(=C(c2ccc(F)cc2)c2ccc(F)cc2)CC1)N1CCCC1,,O=C(CCCN1CCC(=C(c2ccccc2)c2ccccc2)CC1)N1CCCC1,424.535,5.2651,23.55,,,,,,T10_AUD_00532,https://pmc.ncbi.nlm.nih.gov/articles/PMC12587445/,author-curated candidate; not Tier A direct assay truth,,FZWURHPZIJCZOY-UHFFFAOYSA-N,FZWURHPZIJCZOY-UHFFFAOYSA-N,O=C(CCCN1CCC(=C(c2ccc(F)cc2)c2ccc(F)cc2)CC1)N1CCCC1,O=C(CCCN1CCC(=C(c2ccc(F)cc2)c2ccc(F)cc2)CC1)N1CCCC1,FZWURHPZIJCZOY-UHFFFAOYSA-N,match,O=C(CCCN1CCC(=C(c2ccccc2)c2ccccc2)CC1)N1CCCC1,CC(CCCC1CCC(C(C2CCCCC2)C2CCCCC2)CC1)C1CCCC1
CAND::T10_AUD_00533,ABCB1,MK3207,1,1,candidate_supervised,B_author_curated_no_row_primary_assay,ChEMBL,Daood author-curated ChEMBL records,1.0,AZAANWYREOQRFB-SETSBSEESA-N,AZAANWYREOQRFB-SETSBSEESA-N,O=C(CN1C(=O)C2(CCCC2)NC[C@H]1c1cc(F)cc(F)c1)Nc1ccc2c(c1)C[C@@]1(C2)C(=O)Nc2ncccc21,,O=C(CN1C(=O)C2(CCCC2)NCC1c1ccccc1)Nc1ccc2c(c1)CC1(C2)C(=O)Nc2ncccc21,557.601,3.7729,103.43,,,,,,T10_AUD_00533,https://pmc.ncbi.nlm.nih.gov/articles/PMC12587445/,author-curated candidate; not Tier A direct assay truth,MK3207,AZAANWYREOQRFB-SETSBSEESA-N,AZAANWYREOQRFB-SETSBSEESA-N,O=C(CN1C(=O)C2(CCCC2)NC[C@H]1c1cc(F)cc(F)c1)Nc1ccc2c(c1)C[C@@]1(C2)C(=O)Nc2ncccc21,O=C(CN1C(=O)C2(CCCC2)NCC1c1cc(F)cc(F)c1)Nc1ccc2c(c1)CC1(C2)C(=O)Nc2ncccc21,AZAANWYREOQRFB-SETSBSEESA-N,match,O=C(CN1C(=O)C2(CCCC2)NCC1c1ccccc1)Nc1ccc2c(c1)CC1(C2)C(=O)Nc2ncccc21,CC(CC1CCC2CC3(CC2C1)C(C)CC1CCCCC13)CC1C(C2CCCCC2)CCC2(CCCC2)C1C
CAND::T10_AUD_00534,ABCB1,,1,1,candidate_supervised,B_author_curated_no_row_primary_assay,ChEMBL,Daood author-curated ChEMBL records,1.0,HSZIWISHLSFWJO-LPJXHOCPSA-N,HSZIWISHLSFWJO-LPJXHOCPSA-N,O=C(N[C@H](/C=C/S(=O)(=O)c1ccccc1)CCc1ccccc1)C(Cc1ccccc1)NC(=O)N1CCOCC1,,O=C(NC(C=CS(=O)(=O)c1ccccc1)CCc1ccccc1)C(Cc1ccccc1)NC(=O)N1CCOCC1,561.704,3.7447,104.81,,,,,,T10_AUD_00534,https://pmc.ncbi.nlm.nih.gov/articles/PMC12587445/,author-curated candidate; not Tier A direct assay truth,,HSZIWISHLSFWJO-LPJXHOCPSA-N,HSZIWISHLSFWJO-LPJXHOCPSA-N,O=C(N[C@H](/C=C/S(=O)(=O)c1ccccc1)CCc1ccccc1)C(Cc1ccccc1)NC(=O)N1CCOCC1,O=C(NC(C=CS(=O)(=O)c1ccccc1)CCc1ccccc1)C(Cc1ccccc1)NC(=O)N1CCOCC1,HSZIWISHLSFWJO-LPJXHOCPSA-N,match,O=C(NC(C=CS(=O)(=O)c1ccccc1)CCc1ccccc1)C(Cc1ccccc1)NC(=O)N1CCOCC1,CC(CC(CC1CCCCC1)C(C)CC(CCC1CCCCC1)CCC(C)(C)C1CCCCC1)C1CCCCC1
CAND::T10_AUD_00536,ABCB1,,1,1,candidate_supervised,B_author_curated_no_row_primary_assay,ChEMBL,Daood author-curated ChEMBL records,1.0,GNVOKCURJPYONL-UHFFFAOYSA-N,GNVOKCURJPYONL-UHFFFAOYSA-N,O=C(NC(Cc1ccccc1)C(O)C(=O)NC1CC1)c1ccc(O)n1Cc1ccccc1,,O=C(CC(Cc1ccccc1)NC(=O)c1cccn1Cc1ccccc1)NC1CC1,433.508,2.2226,103.59,,,,,,T10_AUD_00536,https://pmc.ncbi.nlm.nih.gov/articles/PMC12587445/,author-curated candidate; not Tier A direct assay truth,,GNVOKCURJPYONL-UHFFFAOYSA-N,GNVOKCURJPYONL-UHFFFAOYSA-N,O=C(NC(Cc1ccccc1)C(O)C(=O)NC1CC1)c1ccc(O)n1Cc1ccccc1,O=C(NC(Cc1ccccc1)C(O)C(=O)NC1CC1)c1ccc(O)n1Cc1ccccc1,GNVOKCURJPYONL-UHFFFAOYSA-N,match,O=C(CC(Cc1ccccc1)NC(=O)c1cccn1Cc1ccccc1)NC1CC1,CC(CC1CC1)CC(CC1CCCCC1)CC(C)C1CCCC1CC1CCCCC1
CAND::T10_AUD_00537,ABCB1,TELCAGEPANT,1,1,candidate_supervised,B_author_curated_no_row_primary_assay,ChEMBL,Daood author-curated ChEMBL records,1.0,CGDZXLJGHVKVIE-NYRJJRHWSA-N,CGDZXLJGHVKVIE-NYRJJRHWSA-N,O=C(NC1CC[C@@H](c2cccc(F)c2F)CN(CC(F)(F)F)C1=O)N1CCC(n2c(=O)[nH]c3ncccc32)CC1,,O=C1NCC(c2ccccc2)CCC1NC(=O)N1CCC(n2c(=O)[nH]c3ncccc32)CC1,566.531,3.6864,103.33,,,,,,T10_AUD_00537,https://pmc.ncbi.nlm.nih.gov/articles/PMC12587445/,author-curated candidate; not Tier A direct assay truth,TELCAGEPANT,CGDZXLJGHVKVIE-NYRJJRHWSA-N,CGDZXLJGHVKVIE-NYRJJRHWSA-N,O=C(NC1CC[C@@H](c2cccc(F)c2F)CN(CC(F)(F)F)C1=O)N1CCC(n2c(=O)[nH]c3ncccc32)CC1,O=C(NC1CCC(c2cccc(F)c2F)CN(CC(F)(F)F)C1=O)N1CCC(n2c(=O)[nH]c3ncccc32)CC1,CGDZXLJGHVKVIE-NYRJJRHWSA-N,match,O=C1NCC(c2ccccc2)CCC1NC(=O)N1CCC(n2c(=O)[nH]c3ncccc32)CC1,CC(CC1CCC(C2CCCCC2)CCC1C)C1CCC(C2C(C)CC3CCCCC32)CC1
CAND::T10_AUD_00538,ABCB1,,1,1,candidate_supervised,B_author_curated_no_row_primary_assay,ChEMBL,Daood author-curated ChEMBL records,1.0,XQWZTPWKACKUMJ-HJUABUFYSA-N,XQWZTPWKACKUMJ-HJUABUFYSA-N,O=C(N[C@@H]1CC[C@@]2(O)[C@H]3Cc4ccc(O)c5c4[C@@]2(CCN3CC2CC2)[C@H]1O5)c1ccncc1,,O=C(NC1CCC2C3Cc4cccc5c4C2(CCN3CC2CC2)C1O5)c1ccncc1,447.535,2.1499,94.92,,,,,,T10_AUD_00538,https://pmc.ncbi.nlm.nih.gov/articles/PMC12587445/,author-curated candidate; not Tier A direct assay truth,,XQWZTPWKACKUMJ-HJUABUFYSA-N,XQWZTPWKACKUMJ-HJUABUFYSA-N,O=C(N[C@@H]1CC[C@@]2(O)[C@H]3Cc4ccc(O)c5c4[C@@]2(CCN3CC2CC2)[C@H]1O5)c1ccncc1,O=C(NC1CCC2(O)C3Cc4ccc(O)c5c4C2(CCN3CC2CC2)C1O5)c1ccncc1,XQWZTPWKACKUMJ-HJUABUFYSA-N,match,O=C(NC1CCC2C3Cc4cccc5c4C2(CCN3CC2CC2)C1O5)c1ccncc1,CC(CC1CCC2C3CC4CCCC5CC1C2(CCC3CC1CC1)C45)C1CCCCC1
CAND::T10_AUD_00539,ABCB1,,1,1,candidate_supervised,B_author_curated_no_row_primary_assay,ChEMBL,Daood author-curated ChEMBL records,1.0,OMKCMKHFEDCVFU-IRNAAHPTSA-N,OMKCMKHFEDCVFU-IRNAAHPTSA-N,O=C(NC[C@@H]1CNCCO[C@H]1c1ccc(Cl)c(F)c1)C1CCCO1,,O=C(NCC1CNCCOC1c1ccccc1)C1CCCO1,356.825,2.0514,59.59,,,,,,T10_AUD_00539,https://pmc.ncbi.nlm.nih.gov/articles/PMC12587445/,author-curated candidate; not Tier A direct assay truth,,OMKCMKHFEDCVFU-IRNAAHPTSA-N,OMKCMKHFEDCVFU-IRNAAHPTSA-N,O=C(NC[C@@H]1CNCCO[C@H]1c1ccc(Cl)c(F)c1)C1CCCO1,O=C(NCC1CNCCOC1c1ccc(Cl)c(F)c1)C1CCCO1,OMKCMKHFEDCVFU-IRNAAHPTSA-N,match,O=C(NCC1CNCCOC1c1ccccc1)C1CCCO1,CC(CCC1CCCCCC1C1CCCCC1)C1CCCC1
CAND::T10_AUD_00540,ABCB1,,1,1,candidate_supervised,B_author_curated_no_row_primary_assay,ChEMBL,Daood author-curated ChEMBL records,1.0,ITSIFFKBYBJPHL-IRNAAHPTSA-N,ITSIFFKBYBJPHL-IRNAAHPTSA-N,O=C(NC[C@@H]1CNCCO[C@H]1c1ccc(Cl)c(F)c1)C1COCCO1,,O=C(NCC1CNCCOC1c1ccccc1)C1COCCO1,372.824,1.2878,68.82,,,,,,T10_AUD_00540,https://pmc.ncbi.nlm.nih.gov/articles/PMC12587445/,author-curated candidate; not Tier A direct assay truth,,ITSIFFKBYBJPHL-IRNAAHPTSA-N,ITSIFFKBYBJPHL-IRNAAHPTSA-N,O=C(NC[C@@H]1CNCCO[C@H]1c1ccc(Cl)c(F)c1)C1COCCO1,O=C(NCC1CNCCOC1c1ccc(Cl)c(F)c1)C1COCCO1,ITSIFFKBYBJPHL-IRNAAHPTSA-N,match,O=C(NCC1CNCCOC1c1ccccc1)C1COCCO1,CC(CCC1CCCCCC1C1CCCCC1)C1CCCCC1
CAND::T10_AUD_00541,ABCB1,FLESINOXAN,1,1,candidate_supervised,B_author_curated_no_row_primary_assay,ChEMBL,Daood author-curated ChEMBL records,1.0,NYSDRDDQELAVKP-SFHVURJKSA-N,NYSDRDDQELAVKP-SFHVURJKSA-N,O=C(NCCN1CCN(c2cccc3c2OC[C@H](CO)O3)CC1)c1ccc(F)cc1,,O=C(NCCN1CCN(c2cccc3c2OCCO3)CC1)c1ccccc1,415.465,1.5098,74.27,,,,,,T10_AUD_00541,https://pmc.ncbi.nlm.nih.gov/articles/PMC12587445/,author-curated candidate; not Tier A direct assay truth,FLESINOXAN,NYSDRDDQELAVKP-SFHVURJKSA-N,NYSDRDDQELAVKP-SFHVURJKSA-N,O=C(NCCN1CCN(c2cccc3c2OC[C@H](CO)O3)CC1)c1ccc(F)cc1,O=C(NCCN1CCN(c2cccc3c2OCC(CO)O3)CC1)c1ccc(F)cc1,NYSDRDDQELAVKP-SFHVURJKSA-N,match,O=C(NCCN1CCN(c2cccc3c2OCCO3)CC1)c1ccccc1,CC(CCCC1CCC(C2CCCC3CCCCC32)CC1)C1CCCCC1
CAND::T10_AUD_00542,ABCB1,,0,0,candidate_supervised,B_author_curated_no_row_primary_assay,ChEMBL,Daood author-curated ChEMBL records,1.0,PYDFVFWGGDZAOA-DLBZAZTESA-N,PYDFVFWGGDZAOA-DLBZAZTESA-N,O=C(Nc1ccc([C@@H]2C[C@H]2NCC2CC2)cc1)c1ccc(F)nc1,,O=C(Nc1ccc(C2CC2NCC2CC2)cc1)c1cccnc1,325.387,3.3285,54.02,,,,,,T10_AUD_00542,https://pmc.ncbi.nlm.nih.gov/articles/PMC12587445/,author-curated candidate; not Tier A direct assay truth,,PYDFVFWGGDZAOA-DLBZAZTESA-N,PYDFVFWGGDZAOA-DLBZAZTESA-N,O=C(Nc1ccc([C@@H]2C[C@H]2NCC2CC2)cc1)c1ccc(F)nc1,O=C(Nc1ccc(C2CC2NCC2CC2)cc1)c1ccc(F)nc1,PYDFVFWGGDZAOA-DLBZAZTESA-N,match,O=C(Nc1ccc(C2CC2NCC2CC2)cc1)c1cccnc1,CC(CC1CCC(C2CC2CCC2CC2)CC1)C1CCCCC1
CAND::T10_AUD_00543,ABCB1,,0,0,candidate_supervised,B_author_curated_no_row_primary_assay,ChEMBL,Daood author-curated ChEMBL records,1.0,VMLGIOLTESMMRK-UHFFFAOYSA-N,VMLGIOLTESMMRK-UHFFFAOYSA-N,O=C(Nc1ccc[nH]c1=O)c1ccnc(NC(=O)C2CC2)c1,,O=C(Nc1ccc[nH]c1=O)c1ccnc(NC(=O)C2CC2)c1,298.302,1.3707,103.95,,,,,,T10_AUD_00543,https://pmc.ncbi.nlm.nih.gov/articles/PMC12587445/,author-curated candidate; not Tier A direct assay truth,,VMLGIOLTESMMRK-UHFFFAOYSA-N,VMLGIOLTESMMRK-UHFFFAOYSA-N,O=C(Nc1ccc[nH]c1=O)c1ccnc(NC(=O)C2CC2)c1,O=C(Nc1ccc[nH]c1=O)c1ccnc(NC(=O)C2CC2)c1,VMLGIOLTESMMRK-UHFFFAOYSA-N,match,O=C(Nc1ccc[nH]c1=O)c1ccnc(NC(=O)C2CC2)c1,CC(CC1CCCC(C(C)CC2CCCCC2C)C1)C1CC1
CAND::T10_AUD_00544,ABCB1,,0,0,candidate_supervised,B_author_curated_no_row_primary_assay,ChEMBL,Daood author-curated ChEMBL records,1.0,FAJGIEVMPKNFTN-UHFFFAOYSA-N,FAJGIEVMPKNFTN-UHFFFAOYSA-N,O=C(Nc1cccnc1)c1ccnc(NC(=O)C2CC2)c1,,O=C(Nc1cccnc1)c1ccnc(NC(=O)C2CC2)c1,282.303,2.0774,83.98,,,,,,T10_AUD_00544,https://pmc.ncbi.nlm.nih.gov/articles/PMC12587445/,author-curated candidate; not Tier A direct assay truth,,FAJGIEVMPKNFTN-UHFFFAOYSA-N,FAJGIEVMPKNFTN-UHFFFAOYSA-N,O=C(Nc1cccnc1)c1ccnc(NC(=O)C2CC2)c1,O=C(Nc1cccnc1)c1ccnc(NC(=O)C2CC2)c1,FAJGIEVMPKNFTN-UHFFFAOYSA-N,match,O=C(Nc1cccnc1)c1ccnc(NC(=O)C2CC2)c1,CC(CC1CCCC(C(C)CC2CCCCC2)C1)C1CC1
CAND::T10_AUD_00545,ABCB1,,0,0,candidate_supervised,B_author_curated_no_row_primary_assay,ChEMBL,Daood author-curated ChEMBL records,1.0,BNMDYIGEWXWOOI-UHFFFAOYSA-N,BNMDYIGEWXWOOI-UHFFFAOYSA-N,O=C(Nc1cccnc1F)c1ccnc(NC(=O)C2CC2)c1,,O=C(Nc1cccnc1)c1ccnc(NC(=O)C2CC2)c1,300.293,2.2165,83.98,,,,,,T10_AUD_00545,https://pmc.ncbi.nlm.nih.gov/articles/PMC12587445/,author-curated candidate; not Tier A direct assay truth,,BNMDYIGEWXWOOI-UHFFFAOYSA-N,BNMDYIGEWXWOOI-UHFFFAOYSA-N,O=C(Nc1cccnc1F)c1ccnc(NC(=O)C2CC2)c1,O=C(Nc1cccnc1F)c1ccnc(NC(=O)C2CC2)c1,BNMDYIGEWXWOOI-UHFFFAOYSA-N,match,O=C(Nc1cccnc1)c1ccnc(NC(=O)C2CC2)c1,CC(CC1CCCC(C(C)CC2CCCCC2)C1)C1CC1
CAND::T10_AUD_00547,ABCB1,,0,0,candidate_supervised,B_author_curated_no_row_primary_assay,ChEMBL,Daood author-curated ChEMBL records,1.0,IOLLWTLQKNSFOR-UHFFFAOYSA-N,IOLLWTLQKNSFOR-UHFFFAOYSA-N,O=C(Nc1cnccc1-c1ccc(Cl)cc1F)c1ccnc(NC(=O)C2CC2)c1,,O=C(Nc1cnccc1-c1ccccc1)c1ccnc(NC(=O)C2CC2)c1,410.836,4.5369,83.98,,,,,,T10_AUD_00547,https://pmc.ncbi.nlm.nih.gov/articles/PMC12587445/,author-curated candidate; not Tier A direct assay truth,,IOLLWTLQKNSFOR-UHFFFAOYSA-N,IOLLWTLQKNSFOR-UHFFFAOYSA-N,O=C(Nc1cnccc1-c1ccc(Cl)cc1F)c1ccnc(NC(=O)C2CC2)c1,O=C(Nc1cnccc1-c1ccc(Cl)cc1F)c1ccnc(NC(=O)C2CC2)c1,IOLLWTLQKNSFOR-UHFFFAOYSA-N,match,O=C(Nc1cnccc1-c1ccccc1)c1ccnc(NC(=O)C2CC2)c1,CC(CC1CCCC(C(C)CC2CCCCC2C2CCCCC2)C1)C1CC1
CAND::T10_AUD_00548,ABCB1,,0,0,candidate_supervised,B_author_curated_no_row_primary_assay,ChEMBL,Daood author-curated ChEMBL records,1.0,XZCZVUKTNGBHOF-UHFFFAOYSA-N,XZCZVUKTNGBHOF-UHFFFAOYSA-N,O=C(Nc1cnccc1-c1ccc(F)cc1F)c1ccnc(NC(=O)C2CC2)c1,,O=C(Nc1cnccc1-c1ccccc1)c1ccnc(NC(=O)C2CC2)c1,394.381,4.0226,83.98,,,,,,T10_AUD_00548,https://pmc.ncbi.nlm.nih.gov/articles/PMC12587445/,author-curated candidate; not Tier A direct assay truth,,XZCZVUKTNGBHOF-UHFFFAOYSA-N,XZCZVUKTNGBHOF-UHFFFAOYSA-N,O=C(Nc1cnccc1-c1ccc(F)cc1F)c1ccnc(NC(=O)C2CC2)c1,O=C(Nc1cnccc1-c1ccc(F)cc1F)c1ccnc(NC(=O)C2CC2)c1,XZCZVUKTNGBHOF-UHFFFAOYSA-N,match,O=C(Nc1cnccc1-c1ccccc1)c1ccnc(NC(=O)C2CC2)c1,CC(CC1CCCC(C(C)CC2CCCCC2C2CCCCC2)C1)C1CC1
CAND::T10_AUD_00549,ABCB1,,0,0,candidate_supervised,B_author_curated_no_row_primary_assay,ChEMBL,Daood author-curated ChEMBL records,1.0,FHAJBKJRGWQUEK-UHFFFAOYSA-N,FHAJBKJRGWQUEK-UHFFFAOYSA-N,O=C(Nc1cnccc1N1CCC(F)(F)CC1)c1ccnn2cc(-c3ccccc3)nc12,,O=C(Nc1cnccc1N1CCCCC1)c1ccnn2cc(-c3ccccc3)nc12,434.45,4.2791,75.42,,,,,,T10_AUD_00549,https://pmc.ncbi.nlm.nih.gov/articles/PMC12587445/,author-curated candidate; not Tier A direct assay truth,,FHAJBKJRGWQUEK-UHFFFAOYSA-N,FHAJBKJRGWQUEK-UHFFFAOYSA-N,O=C(Nc1cnccc1N1CCC(F)(F)CC1)c1ccnn2cc(-c3ccccc3)nc12,O=C(Nc1cnccc1N1CCC(F)(F)CC1)c1ccnn2cc(-c3ccccc3)nc12,FHAJBKJRGWQUEK-UHFFFAOYSA-N,match,O=C(Nc1cnccc1N1CCCCC1)c1ccnn2cc(-c3ccccc3)nc12,CC(CC1CCCCC1C1CCCCC1)C1CCCC2CC(C3CCCCC3)CC21
CAND::T10_AUD_00550,ABCB1,,0,0,candidate_supervised,B_author_curated_no_row_primary_assay,ChEMBL,Daood author-curated ChEMBL records,1.0,KZAWBYUYDLDFQY-UHFFFAOYSA-N,KZAWBYUYDLDFQY-UHFFFAOYSA-N,O=C(Nc1cnccc1N1CCOCC1)c1ccnn2cc(-c3ccccc3)nc12,,O=C(Nc1cnccc1N1CCOCC1)c1ccnn2cc(-c3ccccc3)nc12,400.442,2.8802,84.65,,,,,,T10_AUD_00550,https://pmc.ncbi.nlm.nih.gov/articles/PMC12587445/,author-curated candidate; not Tier A direct assay truth,,KZAWBYUYDLDFQY-UHFFFAOYSA-N,KZAWBYUYDLDFQY-UHFFFAOYSA-N,O=C(Nc1cnccc1N1CCOCC1)c1ccnn2cc(-c3ccccc3)nc12,O=C(Nc1cnccc1N1CCOCC1)c1ccnn2cc(-c3ccccc3)nc12,KZAWBYUYDLDFQY-UHFFFAOYSA-N,match,O=C(Nc1cnccc1N1CCOCC1)c1ccnn2cc(-c3ccccc3)nc12,CC(CC1CCCCC1C1CCCCC1)C1CCCC2CC(C3CCCCC3)CC21
CAND::T10_AUD_00551,ABCB1,,1,1,candidate_supervised,B_author_curated_no_row_primary_assay,ChEMBL,Daood author-curated ChEMBL records,1.0,NOZZORCJVZKEHP-UHFFFAOYSA-N,NOZZORCJVZKEHP-UHFFFAOYSA-N,O=C(Nc1cnccc1OCCO)c1ccnc(NC(=O)C2CC2)c1,,O=C(Nc1cccnc1)c1ccnc(NC(=O)C2CC2)c1,342.355,1.4485,113.44,,,,,,T10_AUD_00551,https://pmc.ncbi.nlm.nih.gov/articles/PMC12587445/,author-curated candidate; not Tier A direct assay truth,,NOZZORCJVZKEHP-UHFFFAOYSA-N,NOZZORCJVZKEHP-UHFFFAOYSA-N,O=C(Nc1cnccc1OCCO)c1ccnc(NC(=O)C2CC2)c1,O=C(Nc1cnccc1OCCO)c1ccnc(NC(=O)C2CC2)c1,NOZZORCJVZKEHP-UHFFFAOYSA-N,match,O=C(Nc1cccnc1)c1ccnc(NC(=O)C2CC2)c1,CC(CC1CCCC(C(C)CC2CCCCC2)C1)C1CC1
CAND::T10_AUD_00552,ABCB1,,1,1,candidate_supervised,B_author_curated_no_row_primary_assay,ChEMBL,Daood author-curated ChEMBL records,1.0,PZXYXEIZRAWOMB-UHFFFAOYSA-N,PZXYXEIZRAWOMB-UHFFFAOYSA-N,O=C(Nc1sc2c(c1C(=O)N1CCC(CO)C1)CCCC2)c1cccnc1,,O=C(Nc1sc2c(c1C(=O)N1CCCC1)CCCC2)c1cccnc1,385.489,2.7286,82.53,,,,,,T10_AUD_00552,https://pmc.ncbi.nlm.nih.gov/articles/PMC12587445/,author-curated candidate; not Tier A direct assay truth,,PZXYXEIZRAWOMB-UHFFFAOYSA-N,PZXYXEIZRAWOMB-UHFFFAOYSA-N,O=C(Nc1sc2c(c1C(=O)N1CCC(CO)C1)CCCC2)c1cccnc1,O=C(Nc1sc2c(c1C(=O)N1CCC(CO)C1)CCCC2)c1cccnc1,PZXYXEIZRAWOMB-UHFFFAOYSA-N,match,O=C(Nc1sc2c(c1C(=O)N1CCCC1)CCCC2)c1cccnc1,CC(CC1CC2CCCCC2C1C(C)C1CCCC1)C1CCCCC1
CAND::T10_AUD_00553,ABCB1,,0,0,candidate_supervised,B_author_curated_no_row_primary_assay,ChEMBL,Daood author-curated ChEMBL records,1.0,MMLSVCZRWKOLHZ-UHFFFAOYSA-N,MMLSVCZRWKOLHZ-UHFFFAOYSA-N,O=C(Nc1sc2c(c1C(=O)NC1CCC(O)CC1)CCCC2)c1cccnc1,,O=C(Nc1sc2c(c1C(=O)NC1CCCCC1)CCCC2)c1cccnc1,399.516,3.3075,91.32,,,,,,T10_AUD_00553,https://pmc.ncbi.nlm.nih.gov/articles/PMC12587445/,author-curated candidate; not Tier A direct assay truth,,MMLSVCZRWKOLHZ-UHFFFAOYSA-N,MMLSVCZRWKOLHZ-UHFFFAOYSA-N,O=C(Nc1sc2c(c1C(=O)NC1CCC(O)CC1)CCCC2)c1cccnc1,O=C(Nc1sc2c(c1C(=O)NC1CCC(O)CC1)CCCC2)c1cccnc1,MMLSVCZRWKOLHZ-UHFFFAOYSA-N,match,O=C(Nc1sc2c(c1C(=O)NC1CCCCC1)CCCC2)c1cccnc1,CC(CC1CC2CCCCC2C1C(C)CC1CCCCC1)C1CCCCC1
CAND::T10_AUD_00554,ABCB1,,1,1,candidate_supervised,B_author_curated_no_row_primary_assay,ChEMBL,Daood author-curated ChEMBL records,1.0,KXABUJUPZGFFHI-FCUFGPLSSA-N,KXABUJUPZGFFHI-FCUFGPLSSA-N,O=C(O)/C=C(/C(=O)O)N1CCN2C[C@H](c3ccc(Cl)cc3)c3ccccc3C21,,c1ccc(C2CN3CCNC3c3ccccc32)cc1,398.846,3.1548,81.08,,,,,,T10_AUD_00554,https://pmc.ncbi.nlm.nih.gov/articles/PMC12587445/,author-curated candidate; not Tier A direct assay truth,,KXABUJUPZGFFHI-FCUFGPLSSA-N,KXABUJUPZGFFHI-FCUFGPLSSA-N,O=C(O)/C=C(/C(=O)O)N1CCN2C[C@H](c3ccc(Cl)cc3)c3ccccc3C21,O=C(O)C=C(C(=O)O)N1CCN2CC(c3ccc(Cl)cc3)c3ccccc3C21,KXABUJUPZGFFHI-FCUFGPLSSA-N,match,c1ccc(C2CN3CCNC3c3ccccc32)cc1,C1CCC(C2CC3CCCC3C3CCCCC23)CC1
CAND::T10_AUD_00555,ABCB1,ALPHA-KETOGLUTARIC ACID,1,1,candidate_supervised,B_author_curated_no_row_primary_assay,ChEMBL,Daood author-curated ChEMBL records,1.0,KPGXRSRHYNQIFN-UHFFFAOYSA-N,KPGXRSRHYNQIFN-UHFFFAOYSA-N,O=C(O)CCC(=O)C(=O)O,,,146.098,-0.4951,91.67,,,,,,T10_AUD_00555,https://pmc.ncbi.nlm.nih.gov/articles/PMC12587445/,author-curated candidate; not Tier A direct assay truth,ALPHA-KETOGLUTARIC ACID,KPGXRSRHYNQIFN-UHFFFAOYSA-N,KPGXRSRHYNQIFN-UHFFFAOYSA-N,O=C(O)CCC(=O)C(=O)O,O=C(O)CCC(=O)C(=O)O,KPGXRSRHYNQIFN-UHFFFAOYSA-N,match,ACYCLIC::KPGXRSRHYNQIFN-UHFFFAOYSA-N,ACYCLIC::KPGXRSRHYNQIFN-UHFFFAOYSA-N
CAND::T10_AUD_00557,ABCB1,SALICYLIC ACID,0,0,candidate_supervised,B_author_curated_no_row_primary_assay,ChEMBL,Daood author-curated ChEMBL records,1.0,YGSDEFSMJLZEOE-UHFFFAOYSA-N,YGSDEFSMJLZEOE-UHFFFAOYSA-N,O=C(O)c1ccccc1O,,c1ccccc1,138.122,1.0904,57.53,,,,,,T10_AUD_00557,https://pmc.ncbi.nlm.nih.gov/articles/PMC12587445/,author-curated candidate; not Tier A direct assay truth,SALICYLIC ACID,YGSDEFSMJLZEOE-UHFFFAOYSA-N,YGSDEFSMJLZEOE-UHFFFAOYSA-N,O=C(O)c1ccccc1O,O=C(O)c1ccccc1O,YGSDEFSMJLZEOE-UHFFFAOYSA-N,match,c1ccccc1,C1CCCCC1
CAND::T10_AUD_00558,ABCB1,CIPROFLOXACIN,0,0,candidate_supervised,B_author_curated_no_row_primary_assay,ChEMBL,Daood author-curated ChEMBL records,1.0,MYSWGUAQZAJSOK-UHFFFAOYSA-N,MYSWGUAQZAJSOK-UHFFFAOYSA-N,O=C(O)c1cn(C2CC2)c2cc(N3CCNCC3)c(F)cc2c1=O,,O=c1ccn(C2CC2)c2cc(N3CCNCC3)ccc12,331.347,1.5833,74.57,,,,,,T10_AUD_00558,https://pmc.ncbi.nlm.nih.gov/articles/PMC12587445/,author-curated candidate; not Tier A direct assay truth,CIPROFLOXACIN,MYSWGUAQZAJSOK-UHFFFAOYSA-N,MYSWGUAQZAJSOK-UHFFFAOYSA-N,O=C(O)c1cn(C2CC2)c2cc(N3CCNCC3)c(F)cc2c1=O,O=C(O)c1cn(C2CC2)c2cc(N3CCNCC3)c(F)cc2c1=O,MYSWGUAQZAJSOK-UHFFFAOYSA-N,match,O=c1ccn(C2CC2)c2cc(N3CCNCC3)ccc12,CC1CCC(C2CC2)C2CC(C3CCCCC3)CCC12
CAND::T10_AUD_00559,ABCB1,,0,0,candidate_supervised,B_author_curated_no_row_primary_assay,ChEMBL,Daood author-curated ChEMBL records,1.0,CRFTYPZVLZZIHU-OEMAIJDKSA-N,CRFTYPZVLZZIHU-OEMAIJDKSA-N,O=C(c1ccc(C2C[C@H]2NCC2CC2)cc1)N1CC(F)C1,,O=C(c1ccc(C2CC2NCC2CC2)cc1)N1CCC1,288.366,2.336,32.34,,,,,,T10_AUD_00559,https://pmc.ncbi.nlm.nih.gov/articles/PMC12587445/,author-curated candidate; not Tier A direct assay truth,,CRFTYPZVLZZIHU-OEMAIJDKSA-N,CRFTYPZVLZZIHU-OEMAIJDKSA-N,O=C(c1ccc(C2C[C@H]2NCC2CC2)cc1)N1CC(F)C1,O=C(c1ccc(C2CC2NCC2CC2)cc1)N1CC(F)C1,CRFTYPZVLZZIHU-OEMAIJDKSA-N,match,O=C(c1ccc(C2CC2NCC2CC2)cc1)N1CCC1,CC(C1CCC1)C1CCC(C2CC2CCC2CC2)CC1
CAND::T10_AUD_00560,ABCB1,,0,0,candidate_supervised,B_author_curated_no_row_primary_assay,ChEMBL,Daood author-curated ChEMBL records,1.0,JELFJCHCBUKLFJ-QRWMCTBCSA-N,JELFJCHCBUKLFJ-QRWMCTBCSA-N,O=C(c1ccc(C2C[C@H]2NCC2CC2)cc1)N1CCC(F)CC1,,O=C(c1ccc(C2CC2NCC2CC2)cc1)N1CCCCC1,316.42,3.1162,32.34,,,,,,T10_AUD_00560,https://pmc.ncbi.nlm.nih.gov/articles/PMC12587445/,author-curated candidate; not Tier A direct assay truth,,JELFJCHCBUKLFJ-QRWMCTBCSA-N,JELFJCHCBUKLFJ-QRWMCTBCSA-N,O=C(c1ccc(C2C[C@H]2NCC2CC2)cc1)N1CCC(F)CC1,O=C(c1ccc(C2CC2NCC2CC2)cc1)N1CCC(F)CC1,JELFJCHCBUKLFJ-QRWMCTBCSA-N,match,O=C(c1ccc(C2CC2NCC2CC2)cc1)N1CCCCC1,CC(C1CCCCC1)C1CCC(C2CC2CCC2CC2)CC1
CAND::T10_AUD_00562,ABCB1,,0,0,candidate_supervised,B_author_curated_no_row_primary_assay,ChEMBL,Daood author-curated ChEMBL records,1.0,YWFDAAMTUBHJGI-UHFFFAOYSA-N,YWFDAAMTUBHJGI-UHFFFAOYSA-N,O=C(c1ccc(Oc2nccnc2N2CCOCC2)cc1)c1nc2ccccc2[nH]1,,O=C(c1ccc(Oc2nccnc2N2CCOCC2)cc1)c1nc2ccccc2[nH]1,401.426,3.2128,93.23,,,,,,T10_AUD_00562,https://pmc.ncbi.nlm.nih.gov/articles/PMC12587445/,author-curated candidate; not Tier A direct assay truth,,YWFDAAMTUBHJGI-UHFFFAOYSA-N,YWFDAAMTUBHJGI-UHFFFAOYSA-N,O=C(c1ccc(Oc2nccnc2N2CCOCC2)cc1)c1nc2ccccc2[nH]1,O=C(c1ccc(Oc2nccnc2N2CCOCC2)cc1)c1nc2ccccc2[nH]1,YWFDAAMTUBHJGI-UHFFFAOYSA-N,match,O=C(c1ccc(Oc2nccnc2N2CCOCC2)cc1)c1nc2ccccc2[nH]1,CC(C1CCC(CC2CCCCC2C2CCCCC2)CC1)C1CC2CCCCC2C1
CAND::T10_AUD_00563,ABCB1,,1,1,candidate_supervised,B_author_curated_no_row_primary_assay,ChEMBL,Daood author-curated ChEMBL records,1.0,DVBCTQVDMKFPPK-UHFFFAOYSA-N,DVBCTQVDMKFPPK-UHFFFAOYSA-N,O=C(c1ccc(Oc2nccnc2N2CCOCC2)cc1)c1nc2ccccc2s1,,O=C(c1ccc(Oc2nccnc2N2CCOCC2)cc1)c1nc2ccccc2s1,418.478,3.9462,77.44,,,,,,T10_AUD_00563,https://pmc.ncbi.nlm.nih.gov/articles/PMC12587445/,author-curated candidate; not Tier A direct assay truth,,DVBCTQVDMKFPPK-UHFFFAOYSA-N,DVBCTQVDMKFPPK-UHFFFAOYSA-N,O=C(c1ccc(Oc2nccnc2N2CCOCC2)cc1)c1nc2ccccc2s1,O=C(c1ccc(Oc2nccnc2N2CCOCC2)cc1)c1nc2ccccc2s1,DVBCTQVDMKFPPK-UHFFFAOYSA-N,match,O=C(c1ccc(Oc2nccnc2N2CCOCC2)cc1)c1nc2ccccc2s1,CC(C1CCC(CC2CCCCC2C2CCCCC2)CC1)C1CC2CCCCC2C1
CAND::T10_AUD_00564,ABCB1,MITOXANTRONE,1,1,candidate_supervised,B_author_curated_no_row_primary_assay,ChEMBL,Daood author-curated ChEMBL records,1.0,BWGNRRGTNFKGQK-UHFFFAOYSA-N,BWGNRRGTNFKGQK-UHFFFAOYSA-N,O=C1C=CC(=O)c2c1c(O)c1c(NCCNCCO)ccc(NCCNCCO)c1c2O,,O=C1C=CC(=O)c2cc3ccccc3cc21,444.488,0.1738,163.18,,,,,,T10_AUD_00564,https://pmc.ncbi.nlm.nih.gov/articles/PMC12587445/,author-curated candidate; not Tier A direct assay truth,MITOXANTRONE,BWGNRRGTNFKGQK-UHFFFAOYSA-N,BWGNRRGTNFKGQK-UHFFFAOYSA-N,O=C1C=CC(=O)c2c1c(O)c1c(NCCNCCO)ccc(NCCNCCO)c1c2O,O=C1C=CC(=O)c2c1c(O)c1c(NCCNCCO)ccc(NCCNCCO)c1c2O,BWGNRRGTNFKGQK-UHFFFAOYSA-N,match,O=C1C=CC(=O)c2cc3ccccc3cc21,CC1CCC(C)C2CC3CCCCC3CC12
CAND::T10_AUD_00566,ABCB1,NARINGENIN,0,0,candidate_supervised,B_author_curated_no_row_primary_assay,ChEMBL,Daood author-curated ChEMBL records,1.0,FTVWIRXFELQLPI-ZDUSSCGKSA-N,FTVWIRXFELQLPI-ZDUSSCGKSA-N,O=C1C[C@@H](c2ccc(O)cc2)Oc2cc(O)cc(O)c21,,O=C1CC(c2ccccc2)Oc2ccccc21,272.256,2.5099,86.99,,,,,,T10_AUD_00566,https://pmc.ncbi.nlm.nih.gov/articles/PMC12587445/,author-curated candidate; not Tier A direct assay truth,NARINGENIN,FTVWIRXFELQLPI-ZDUSSCGKSA-N,FTVWIRXFELQLPI-ZDUSSCGKSA-N,O=C1C[C@@H](c2ccc(O)cc2)Oc2cc(O)cc(O)c21,O=C1CC(c2ccc(O)cc2)Oc2cc(O)cc(O)c21,FTVWIRXFELQLPI-ZDUSSCGKSA-N,match,O=C1CC(c2ccccc2)Oc2ccccc21,CC1CC(C2CCCCC2)CC2CCCCC12
CAND::T10_AUD_00567,ABCB1,BUSPIRONE,0,0,candidate_supervised,B_author_curated_no_row_primary_assay,ChEMBL,Daood author-curated ChEMBL records,1.0,QWCRAEMEVRGPNT-UHFFFAOYSA-N,QWCRAEMEVRGPNT-UHFFFAOYSA-N,O=C1CC2(CCCC2)CC(=O)N1CCCCN1CCN(c2ncccn2)CC1,,O=C1CC2(CCCC2)CC(=O)N1CCCCN1CCN(c2ncccn2)CC1,385.512,2.0882,69.64,,,,,,T10_AUD_00567,https://pmc.ncbi.nlm.nih.gov/articles/PMC12587445/,author-curated candidate; not Tier A direct assay truth,BUSPIRONE,QWCRAEMEVRGPNT-UHFFFAOYSA-N,QWCRAEMEVRGPNT-UHFFFAOYSA-N,O=C1CC2(CCCC2)CC(=O)N1CCCCN1CCN(c2ncccn2)CC1,O=C1CC2(CCCC2)CC(=O)N1CCCCN1CCN(c2ncccn2)CC1,QWCRAEMEVRGPNT-UHFFFAOYSA-N,match,O=C1CC2(CCCC2)CC(=O)N1CCCCN1CCN(c2ncccn2)CC1,CC1CC2(CCCC2)CC(C)C1CCCCC1CCC(C2CCCCC2)CC1
CAND::T10_AUD_00568,ABCB1,NORDAZEPAM,0,0,candidate_supervised,B_author_curated_no_row_primary_assay,ChEMBL,Daood author-curated ChEMBL records,1.0,AKPLHCDWDRPJGD-UHFFFAOYSA-N,AKPLHCDWDRPJGD-UHFFFAOYSA-N,O=C1CN=C(c2ccccc2)c2cc(Cl)ccc2N1,,O=C1CN=C(c2ccccc2)c2ccccc2N1,270.719,3.1295,41.46,,,,,,T10_AUD_00568,https://pmc.ncbi.nlm.nih.gov/articles/PMC12587445/,author-curated candidate; not Tier A direct assay truth,NORDAZEPAM,AKPLHCDWDRPJGD-UHFFFAOYSA-N,AKPLHCDWDRPJGD-UHFFFAOYSA-N,O=C1CN=C(c2ccccc2)c2cc(Cl)ccc2N1,O=C1CN=C(c2ccccc2)c2cc(Cl)ccc2N1,AKPLHCDWDRPJGD-UHFFFAOYSA-N,match,O=C1CN=C(c2ccccc2)c2ccccc2N1,CC1CCC(C2CCCCC2)C2CCCCC2C1
CAND::T10_AUD_00570,ABCB1,EFAVIRENZ,0,0,candidate_supervised,B_author_curated_no_row_primary_assay,ChEMBL,Daood author-curated ChEMBL records,1.0,XPOQHMRABVBWPR-ZDUSSCGKSA-N,XPOQHMRABVBWPR-ZDUSSCGKSA-N,O=C1Nc2ccc(Cl)cc2[C@@](C#CC2CC2)(C(F)(F)F)O1,,O=C1Nc2ccccc2C(C#CC2CC2)O1,315.678,4.0731,38.33,,,,,,T10_AUD_00570,https://pmc.ncbi.nlm.nih.gov/articles/PMC12587445/,author-curated candidate; not Tier A direct assay truth,EFAVIRENZ,XPOQHMRABVBWPR-ZDUSSCGKSA-N,XPOQHMRABVBWPR-ZDUSSCGKSA-N,O=C1Nc2ccc(Cl)cc2[C@@](C#CC2CC2)(C(F)(F)F)O1,O=C1Nc2ccc(Cl)cc2C(C#CC2CC2)(C(F)(F)F)O1,XPOQHMRABVBWPR-ZDUSSCGKSA-N,match,O=C1Nc2ccccc2C(C#CC2CC2)O1,CC1CC2CCCCC2C(CCC2CC2)C1
CAND::T10_AUD_00573,ABCB1,ENDOSULFAN,1,1,candidate_supervised,B_author_curated_no_row_primary_assay,ChEMBL,Daood author-curated ChEMBL records,1.0,RDYMFSUJUZBWLH-UHFFFAOYSA-N,RDYMFSUJUZBWLH-UHFFFAOYSA-N,O=S1OCC2C(CO1)C1(Cl)C(Cl)=C(Cl)C2(Cl)C1(Cl)Cl,,O=S1OCC2C3C=CC(C3)C2CO1,406.929,3.6898,35.53,,,,,,T10_AUD_00573,https://pmc.ncbi.nlm.nih.gov/articles/PMC12587445/,author-curated candidate; not Tier A direct assay truth,ENDOSULFAN,RDYMFSUJUZBWLH-UHFFFAOYSA-N,RDYMFSUJUZBWLH-UHFFFAOYSA-N,O=S1OCC2C(CO1)C1(Cl)C(Cl)=C(Cl)C2(Cl)C1(Cl)Cl,O=S1OCC2C(CO1)C1(Cl)C(Cl)=C(Cl)C2(Cl)C1(Cl)Cl,RDYMFSUJUZBWLH-UHFFFAOYSA-N,match,O=S1OCC2C3C=CC(C3)C2CO1,CC1CCC2C3CCC(C3)C2CC1
CAND::T10_AUD_00576,ABCB1,5-FLUOROURIDINE,0,0,candidate_supervised,B_author_curated_no_row_primary_assay,ChEMBL,Daood author-curated ChEMBL records,1.0,FHIDNBAQOFJWCA-UAKXSSHOSA-N,FHIDNBAQOFJWCA-UAKXSSHOSA-N,O=c1[nH]c(=O)n([C@@H]2O[C@H](CO)[C@@H](O)[C@H]2O)cc1F,,O=c1ccn(C2CCCO2)c(=O)[nH]1,262.193,-2.7128,124.78,,,,,,T10_AUD_00576,https://pmc.ncbi.nlm.nih.gov/articles/PMC12587445/,author-curated candidate; not Tier A direct assay truth,5-FLUOROURIDINE,FHIDNBAQOFJWCA-UAKXSSHOSA-N,FHIDNBAQOFJWCA-UAKXSSHOSA-N,O=c1[nH]c(=O)n([C@@H]2O[C@H](CO)[C@@H](O)[C@H]2O)cc1F,O=c1[nH]c(=O)n(C2OC(CO)C(O)C2O)cc1F,FHIDNBAQOFJWCA-UAKXSSHOSA-N,match,O=c1ccn(C2CCCO2)c(=O)[nH]1,CC1CCC(C2CCCC2)C(C)C1
CAND::T10_AUD_00577,ABCB1,DOMPERIDONE,1,1,candidate_supervised,B_author_curated_no_row_primary_assay,ChEMBL,Daood author-curated ChEMBL records,1.0,FGXWKSZFVQUSTL-UHFFFAOYSA-N,FGXWKSZFVQUSTL-UHFFFAOYSA-N,O=c1[nH]c2ccccc2n1CCCN1CCC(n2c(=O)[nH]c3cc(Cl)ccc32)CC1,,O=c1[nH]c2ccccc2n1CCCN1CCC(n2c(=O)[nH]c3ccccc32)CC1,425.92,3.3532,78.82,,,,,,T10_AUD_00577,https://pmc.ncbi.nlm.nih.gov/articles/PMC12587445/,author-curated candidate; not Tier A direct assay truth,DOMPERIDONE,FGXWKSZFVQUSTL-UHFFFAOYSA-N,FGXWKSZFVQUSTL-UHFFFAOYSA-N,O=c1[nH]c2ccccc2n1CCCN1CCC(n2c(=O)[nH]c3cc(Cl)ccc32)CC1,O=c1[nH]c2ccccc2n1CCCN1CCC(n2c(=O)[nH]c3cc(Cl)ccc32)CC1,FGXWKSZFVQUSTL-UHFFFAOYSA-N,match,O=c1[nH]c2ccccc2n1CCCN1CCC(n2c(=O)[nH]c3ccccc32)CC1,CC1CC2CCCCC2C1CCCC1CCC(C2C(C)CC3CCCCC32)CC1
CAND::T10_AUD_00579,ABCB1,QUERCETIN,1,1,candidate_supervised,B_author_curated_no_row_primary_assay,ChEMBL,Daood author-curated ChEMBL records,1.0,REFJWTPEDVJJIY-UHFFFAOYSA-N,REFJWTPEDVJJIY-UHFFFAOYSA-N,O=c1c(O)c(-c2ccc(O)c(O)c2)oc2cc(O)cc(O)c12,,O=c1cc(-c2ccccc2)oc2ccccc12,302.238,1.988,131.36,,,,,,T10_AUD_00579,https://pmc.ncbi.nlm.nih.gov/articles/PMC12587445/,author-curated candidate; not Tier A direct assay truth,QUERCETIN,REFJWTPEDVJJIY-UHFFFAOYSA-N,REFJWTPEDVJJIY-UHFFFAOYSA-N,O=c1c(O)c(-c2ccc(O)c(O)c2)oc2cc(O)cc(O)c12,O=c1c(O)c(-c2ccc(O)c(O)c2)oc2cc(O)cc(O)c12,REFJWTPEDVJJIY-UHFFFAOYSA-N,match,O=c1cc(-c2ccccc2)oc2ccccc12,CC1CC(C2CCCCC2)CC2CCCCC12
CAND::T10_AUD_00587,ABCB1,BIPERIDEN,0,0,candidate_supervised,B_author_curated_no_row_primary_assay,ChEMBL,Daood author-curated ChEMBL records,1.0,YSXKPIUOCJLQIE-UHFFFAOYSA-N,YSXKPIUOCJLQIE-UHFFFAOYSA-N,OC(CCN1CCCCC1)(c1ccccc1)C1CC2C=CC1C2,,C1=CC2CC1CC2C(CCN1CCCCC1)c1ccccc1,311.469,3.9624,23.47,,,,,,T10_AUD_00587,https://pmc.ncbi.nlm.nih.gov/articles/PMC12587445/,author-curated candidate; not Tier A direct assay truth,BIPERIDEN,YSXKPIUOCJLQIE-UHFFFAOYSA-N,YSXKPIUOCJLQIE-UHFFFAOYSA-N,OC(CCN1CCCCC1)(c1ccccc1)C1CC2C=CC1C2,OC(CCN1CCCCC1)(c1ccccc1)C1CC2C=CC1C2,YSXKPIUOCJLQIE-UHFFFAOYSA-N,match,C1=CC2CC1CC2C(CCN1CCCCC1)c1ccccc1,C1CCC(CCC(C2CCCCC2)C2CC3CCC2C3)CC1
CAND::T10_AUD_00588,ABCB1,ZOSUQUIDAR TRIHYDROCHLORIDE,0,0,candidate_supervised,B_author_curated_no_row_primary_assay,ChEMBL,Daood author-curated ChEMBL records,1.0,IHOVFYSQUDPMCN-XAKVHENESA-N,IHOVFYSQUDPMCN-XAKVHENESA-N,O[C@@H](COc1cccc2ncccc12)CN1CCN(C2c3ccccc3[C@@H]3[C@H](c4ccccc42)C3(F)F)CC1,,c1ccc2c(c1)C1CC1c1ccccc1C2N1CCN(CCCOc2cccc3ncccc23)CC1,527.615,5.2114,48.83,,,,,,T10_AUD_00588,https://pmc.ncbi.nlm.nih.gov/articles/PMC12587445/,author-curated candidate; not Tier A direct assay truth,ZOSUQUIDAR TRIHYDROCHLORIDE,IHOVFYSQUDPMCN-XAKVHENESA-N,IHOVFYSQUDPMCN-XAKVHENESA-N,O[C@@H](COc1cccc2ncccc12)CN1CCN(C2c3ccccc3[C@@H]3[C@H](c4ccccc42)C3(F)F)CC1,OC(COc1cccc2ncccc12)CN1CCN(C2c3ccccc3C3C(c4ccccc42)C3(F)F)CC1,IHOVFYSQUDPMCN-XAKVHENESA-N,match,c1ccc2c(c1)C1CC1c1ccccc1C2N1CCN(CCCOc2cccc3ncccc23)CC1,C(CCC1CCCC2CCCCC12)CC1CCC(C2C3CCCCC3C3CC3C3CCCCC32)CC1
CAND::T10_AUD_00589,ABCB1,FLUCONAZOLE,0,0,candidate_supervised,B_author_curated_no_row_primary_assay,ChEMBL,Daood author-curated ChEMBL records,1.0,RFHAOTPXVQNOHP-UHFFFAOYSA-N,RFHAOTPXVQNOHP-UHFFFAOYSA-N,OC(Cn1cncn1)(Cn1cncn1)c1ccc(F)cc1F,,c1ccc(C(Cn2cncn2)Cn2cncn2)cc1,306.276,0.7358,81.65,,,,,,T10_AUD_00589,https://pmc.ncbi.nlm.nih.gov/articles/PMC12587445/,author-curated candidate; not Tier A direct assay truth,FLUCONAZOLE,RFHAOTPXVQNOHP-UHFFFAOYSA-N,RFHAOTPXVQNOHP-UHFFFAOYSA-N,OC(Cn1cncn1)(Cn1cncn1)c1ccc(F)cc1F,OC(Cn1cncn1)(Cn1cncn1)c1ccc(F)cc1F,RFHAOTPXVQNOHP-UHFFFAOYSA-N,match,c1ccc(C(Cn2cncn2)Cn2cncn2)cc1,C1CCC(C(CC2CCCC2)CC2CCCC2)CC1
CAND::T10_AUD_00591,ABCB1,MANNITOL,0,0,candidate_supervised,B_author_curated_no_row_primary_assay,ChEMBL,Daood author-curated ChEMBL records,1.0,FBPFZTCFMRRESA-KVTDHHQDSA-N,FBPFZTCFMRRESA-KVTDHHQDSA-N,OC[C@@H](O)[C@@H](O)[C@H](O)[C@H](O)CO,,,182.172,-3.5854,121.38,,,,,,T10_AUD_00591,https://pmc.ncbi.nlm.nih.gov/articles/PMC12587445/,author-curated candidate; not Tier A direct assay truth,MANNITOL,FBPFZTCFMRRESA-KVTDHHQDSA-N,FBPFZTCFMRRESA-KVTDHHQDSA-N,OC[C@@H](O)[C@@H](O)[C@H](O)[C@H](O)CO,OCC(O)C(O)C(O)C(O)CO,FBPFZTCFMRRESA-KVTDHHQDSA-N,match,ACYCLIC::FBPFZTCFMRRESA-KVTDHHQDSA-N,ACYCLIC::FBPFZTCFMRRESA-KVTDHHQDSA-N
CAND::T10_AUD_00592,ABCB1,DIPYRIDAMOLE,1,1,candidate_supervised,B_author_curated_no_row_primary_assay,ChEMBL,Daood author-curated ChEMBL records,1.0,IZEKFCXSFNUWAM-UHFFFAOYSA-N,IZEKFCXSFNUWAM-UHFFFAOYSA-N,OCCN(CCO)c1nc(N2CCCCC2)c2nc(N(CCO)CCO)nc(N3CCCCC3)c2n1,,c1nc(N2CCCCC2)c2ncnc(N3CCCCC3)c2n1,504.636,-0.0176,145.44,,,,,,T10_AUD_00592,https://pmc.ncbi.nlm.nih.gov/articles/PMC12587445/,author-curated candidate; not Tier A direct assay truth,DIPYRIDAMOLE,IZEKFCXSFNUWAM-UHFFFAOYSA-N,IZEKFCXSFNUWAM-UHFFFAOYSA-N,OCCN(CCO)c1nc(N2CCCCC2)c2nc(N(CCO)CCO)nc(N3CCCCC3)c2n1,OCCN(CCO)c1nc(N2CCCCC2)c2nc(N(CCO)CCO)nc(N3CCCCC3)c2n1,IZEKFCXSFNUWAM-UHFFFAOYSA-N,match,c1nc(N2CCCCC2)c2ncnc(N3CCCCC3)c2n1,C1CCC(C2CCCC3C(C4CCCCC4)CCCC23)CC1
CAND::T10_AUD_00593,ABCB1,,1,1,candidate_supervised,B_author_curated_no_row_primary_assay,ChEMBL,Daood author-curated ChEMBL records,1.0,OSYJXTFJYWBYCN-UHFFFAOYSA-N,OSYJXTFJYWBYCN-UHFFFAOYSA-N,OCCNC(=S)NCc1cccc(Cl)c1F,,c1ccccc1,262.737,1.4355,44.29,,,,,,T10_AUD_00593,https://pmc.ncbi.nlm.nih.gov/articles/PMC12587445/,author-curated candidate; not Tier A direct assay truth,,OSYJXTFJYWBYCN-UHFFFAOYSA-N,OSYJXTFJYWBYCN-UHFFFAOYSA-N,OCCNC(=S)NCc1cccc(Cl)c1F,OCCNC(=S)NCc1cccc(Cl)c1F,OSYJXTFJYWBYCN-UHFFFAOYSA-N,match,c1ccccc1,C1CCCCC1
CAND::T10_AUD_00596,ABCB1,,0,0,candidate_supervised,B_author_curated_no_row_primary_assay,ChEMBL,Daood author-curated ChEMBL records,1.0,VTRMFVAGEAFJTR-UHFFFAOYSA-N,VTRMFVAGEAFJTR-UHFFFAOYSA-N,Oc1ccc(-c2ccc(CNCCc3c[nH]c4ncc(F)cc34)o2)cc1,,c1ccc(-c2ccc(CNCCc3c[nH]c4ncccc34)o2)cc1,351.381,3.9999,74.08,,,,,,T10_AUD_00596,https://pmc.ncbi.nlm.nih.gov/articles/PMC12587445/,author-curated candidate; not Tier A direct assay truth,,VTRMFVAGEAFJTR-UHFFFAOYSA-N,VTRMFVAGEAFJTR-UHFFFAOYSA-N,Oc1ccc(-c2ccc(CNCCc3c[nH]c4ncc(F)cc34)o2)cc1,Oc1ccc(-c2ccc(CNCCc3c[nH]c4ncc(F)cc34)o2)cc1,VTRMFVAGEAFJTR-UHFFFAOYSA-N,match,c1ccc(-c2ccc(CNCCc3c[nH]c4ncccc34)o2)cc1,C1CCC(C2CCC(CCCCC3CCC4CCCCC34)C2)CC1
CAND::T10_AUD_00597,ABCB1,COELENTERAZINE,1,1,candidate_supervised,B_author_curated_no_row_primary_assay,ChEMBL,Daood author-curated ChEMBL records,1.0,LNCOEGVEEQDKGX-UHFFFAOYSA-N,LNCOEGVEEQDKGX-UHFFFAOYSA-N,Oc1ccc(Cc2nc3c(Cc4ccccc4)nc(-c4ccc(O)cc4)cn3c2O)cc1,,c1ccc(Cc2cn3cc(-c4ccccc4)nc(Cc4ccccc4)c3n2)cc1,423.472,4.6947,90.88,,,,,,T10_AUD_00597,https://pmc.ncbi.nlm.nih.gov/articles/PMC12587445/,author-curated candidate; not Tier A direct assay truth,COELENTERAZINE,LNCOEGVEEQDKGX-UHFFFAOYSA-N,LNCOEGVEEQDKGX-UHFFFAOYSA-N,Oc1ccc(Cc2nc3c(Cc4ccccc4)nc(-c4ccc(O)cc4)cn3c2O)cc1,Oc1ccc(Cc2nc3c(Cc4ccccc4)nc(-c4ccc(O)cc4)cn3c2O)cc1,LNCOEGVEEQDKGX-UHFFFAOYSA-N,match,c1ccc(Cc2cn3cc(-c4ccccc4)nc(Cc4ccccc4)c3n2)cc1,C1CCC(CC2CC3CC(C4CCCCC4)CC(CC4CCCCC4)C3C2)CC1
CAND::T10_AUD_00599,ABCB1,BENZYL ISOTHIOCYANATE,1,1,candidate_supervised,B_author_curated_no_row_primary_assay,ChEMBL,Daood author-curated ChEMBL records,1.0,MDKCFLQDBWCQCV-UHFFFAOYSA-N,MDKCFLQDBWCQCV-UHFFFAOYSA-N,S=C=NCc1ccccc1,,c1ccccc1,149.218,2.2894,12.36,,,,,,T10_AUD_00599,https://pmc.ncbi.nlm.nih.gov/articles/PMC12587445/,author-curated candidate; not Tier A direct assay truth,BENZYL ISOTHIOCYANATE,MDKCFLQDBWCQCV-UHFFFAOYSA-N,MDKCFLQDBWCQCV-UHFFFAOYSA-N,S=C=NCc1ccccc1,S=C=NCc1ccccc1,MDKCFLQDBWCQCV-UHFFFAOYSA-N,match,c1ccccc1,C1CCCCC1
CAND::T10_AUD_00600,ABCB1,,0,0,candidate_supervised,B_author_curated_no_row_primary_assay,ChEMBL,Daood author-curated ChEMBL records,1.0,LMPPAZCPPBTWFD-WOHAKIDHSA-N,LMPPAZCPPBTWFD-WOHAKIDHSA-N,[2H]C([2H])([2H])Oc1cnc(C(=O)Nc2ccc(F)c([C@@]3(C)N=C(N)[C@@](C)(F)C[C@@H]3F)c2)cn1,,O=C(Nc1cccc(C2CCCC=N2)c1)c1cnccn1,410.4143,2.919,102.49,,,,,,T10_AUD_00600,https://pmc.ncbi.nlm.nih.gov/articles/PMC12587445/,author-curated candidate; not Tier A direct assay truth,,LMPPAZCPPBTWFD-WOHAKIDHSA-N,LMPPAZCPPBTWFD-WOHAKIDHSA-N,[2H]C([2H])([2H])Oc1cnc(C(=O)Nc2ccc(F)c([C@@]3(C)N=C(N)[C@@](C)(F)C[C@@H]3F)c2)cn1,[H]C([H])([H])Oc1cnc(C(=O)Nc2ccc(F)c(C3(C)N=C(N)C(C)(F)CC3F)c2)cn1,LMPPAZCPPBTWFD-WOHAKIDHSA-N,match,O=C(Nc1cccc(C2CCCC=N2)c1)c1cnccn1,CC(CC1CCCC(C2CCCCC2)C1)C1CCCCC1
CAND::T10_AUD_00602,ABCB1,,1,1,candidate_supervised,B_author_curated_no_row_primary_assay,ChEMBL,Daood author-curated ChEMBL records,1.0,KMOSNUVODBAFPY-UHFFFAOYSA-N,KMOSNUVODBAFPY-UHFFFAOYSA-N,c1ccc(CCOCCCCCC[P+](c2ccccc2)(c2ccccc2)c2ccccc2)cc1,,c1ccc(CCOCCCCCC[P+](c2ccccc2)(c2ccccc2)c2ccccc2)cc1,467.613,6.8002,9.23,,,,,,T10_AUD_00602,https://pmc.ncbi.nlm.nih.gov/articles/PMC12587445/,author-curated candidate; not Tier A direct assay truth,,KMOSNUVODBAFPY-UHFFFAOYSA-N,KMOSNUVODBAFPY-UHFFFAOYSA-N,c1ccc(CCOCCCCCC[P+](c2ccccc2)(c2ccccc2)c2ccccc2)cc1,c1ccc(CCOCCCCCC[P+](c2ccccc2)(c2ccccc2)c2ccccc2)cc1,KMOSNUVODBAFPY-UHFFFAOYSA-N,match,c1ccc(CCOCCCCCC[P+](c2ccccc2)(c2ccccc2)c2ccccc2)cc1,C(CCCCC1CCCCC1)CCCCC(C1CCCCC1)(C1CCCCC1)C1CCCCC1
CAND::T10_AUD_00603,ABCB1,,1,1,candidate_supervised,B_author_curated_no_row_primary_assay,ChEMBL,Daood author-curated ChEMBL records,1.0,VGCLMLVSRISONU-UHFFFAOYSA-N,VGCLMLVSRISONU-UHFFFAOYSA-N,c1ccc(Nc2ccc(Oc3nccnc3N3CCOCC3)cc2)nc1,,c1ccc(Nc2ccc(Oc3nccnc3N3CCOCC3)cc2)nc1,349.394,3.2441,72.4,,,,,,T10_AUD_00603,https://pmc.ncbi.nlm.nih.gov/articles/PMC12587445/,author-curated candidate; not Tier A direct assay truth,,VGCLMLVSRISONU-UHFFFAOYSA-N,VGCLMLVSRISONU-UHFFFAOYSA-N,c1ccc(Nc2ccc(Oc3nccnc3N3CCOCC3)cc2)nc1,c1ccc(Nc2ccc(Oc3nccnc3N3CCOCC3)cc2)nc1,VGCLMLVSRISONU-UHFFFAOYSA-N,match,c1ccc(Nc2ccc(Oc3nccnc3N3CCOCC3)cc2)nc1,C1CCC(CC2CCC(CC3CCCCC3C3CCCCC3)CC2)CC1
CAND::T10_AUD_00604,ABCB1,,1,1,candidate_supervised,B_author_curated_no_row_primary_assay,ChEMBL,Daood author-curated ChEMBL records,1.0,YPZRZUVXLNXJJT-UHFFFAOYSA-N,YPZRZUVXLNXJJT-UHFFFAOYSA-N,c1ccc(Oc2ccc(Nc3nc4ccccc4[nH]3)cc2)nc1,,c1ccc(Oc2ccc(Nc3nc4ccccc4[nH]3)cc2)nc1,302.337,4.4938,62.83,,,,,,T10_AUD_00604,https://pmc.ncbi.nlm.nih.gov/articles/PMC12587445/,author-curated candidate; not Tier A direct assay truth,,YPZRZUVXLNXJJT-UHFFFAOYSA-N,YPZRZUVXLNXJJT-UHFFFAOYSA-N,c1ccc(Oc2ccc(Nc3nc4ccccc4[nH]3)cc2)nc1,c1ccc(Oc2ccc(Nc3nc4ccccc4[nH]3)cc2)nc1,YPZRZUVXLNXJJT-UHFFFAOYSA-N,match,c1ccc(Oc2ccc(Nc3nc4ccccc4[nH]3)cc2)nc1,C1CCC(CC2CCC(CC3CC4CCCCC4C3)CC2)CC1
CAND::T10_AUD_00605,ABCB1,,1,1,candidate_supervised,B_author_curated_no_row_primary_assay,ChEMBL,Daood author-curated ChEMBL records,1.0,ACUYTGNABAUBSG-UHFFFAOYSA-N,ACUYTGNABAUBSG-UHFFFAOYSA-N,c1ccc([P+](CCCCCCOCCc2ccc3c(c2)OCO3)(c2ccccc2)c2ccccc2)cc1,,c1ccc([P+](CCCCCCOCCc2ccc3c(c2)OCO3)(c2ccccc2)c2ccccc2)cc1,511.622,6.5289,27.69,,,,,,T10_AUD_00605,https://pmc.ncbi.nlm.nih.gov/articles/PMC12587445/,author-curated candidate; not Tier A direct assay truth,,ACUYTGNABAUBSG-UHFFFAOYSA-N,ACUYTGNABAUBSG-UHFFFAOYSA-N,c1ccc([P+](CCCCCCOCCc2ccc3c(c2)OCO3)(c2ccccc2)c2ccccc2)cc1,c1ccc([P+](CCCCCCOCCc2ccc3c(c2)OCO3)(c2ccccc2)c2ccccc2)cc1,ACUYTGNABAUBSG-UHFFFAOYSA-N,match,c1ccc([P+](CCCCCCOCCc2ccc3c(c2)OCO3)(c2ccccc2)c2ccccc2)cc1,C(CCCCC1CCC2CCCC2C1)CCCCC(C1CCCCC1)(C1CCCCC1)C1CCCCC1
CAND::T10_AUD_00606,ABCB1,BENZO[DEF]CHRYSENE,0,0,candidate_supervised,B_author_curated_no_row_primary_assay,ChEMBL,Daood author-curated ChEMBL records,1.0,FMMWHPNWAFZXNH-UHFFFAOYSA-N,FMMWHPNWAFZXNH-UHFFFAOYSA-N,c1ccc2c(c1)cc1ccc3cccc4ccc2c1c34,,c1ccc2c(c1)cc1ccc3cccc4ccc2c1c34,252.316,5.7372,0.0,,,,,,T10_AUD_00606,https://pmc.ncbi.nlm.nih.gov/articles/PMC12587445/,author-curated candidate; not Tier A direct assay truth,BENZO[DEF]CHRYSENE,FMMWHPNWAFZXNH-UHFFFAOYSA-N,FMMWHPNWAFZXNH-UHFFFAOYSA-N,c1ccc2c(c1)cc1ccc3cccc4ccc2c1c34,c1ccc2c(c1)cc1ccc3cccc4ccc2c1c34,FMMWHPNWAFZXNH-UHFFFAOYSA-N,match,c1ccc2c(c1)cc1ccc3cccc4ccc2c1c34,C1CCC2C(C1)CC1CCC3CCCC4CCC2C1C34
CAND::T10_AUD_00607,ABCB1,,1,1,candidate_supervised,B_author_curated_no_row_primary_assay,ChEMBL,Daood author-curated ChEMBL records,1.0,RYEQWBMBRPHADN-UHFFFAOYSA-N,RYEQWBMBRPHADN-UHFFFAOYSA-N,c1cncc(-c2nn3c(c2-c2ccnc(Nc4ccc(N5CCNCC5)cc4)n2)COCC3)c1,,c1cncc(-c2nn3c(c2-c2ccnc(Nc4ccc(N5CCNCC5)cc4)n2)COCC3)c1,454.538,3.0855,93.02,,,,,,T10_AUD_00607,https://pmc.ncbi.nlm.nih.gov/articles/PMC12587445/,author-curated candidate; not Tier A direct assay truth,,RYEQWBMBRPHADN-UHFFFAOYSA-N,RYEQWBMBRPHADN-UHFFFAOYSA-N,c1cncc(-c2nn3c(c2-c2ccnc(Nc4ccc(N5CCNCC5)cc4)n2)COCC3)c1,c1cncc(-c2nn3c(c2-c2ccnc(Nc4ccc(N5CCNCC5)cc4)n2)COCC3)c1,RYEQWBMBRPHADN-UHFFFAOYSA-N,match,c1cncc(-c2nn3c(c2-c2ccnc(Nc4ccc(N5CCNCC5)cc4)n2)COCC3)c1,C1CCC(C2CCC(CC3CCCC(C4C5CCCCC5CC4C4CCCCC4)C3)CC2)CC1
